cik,filing_date,accession,primary_document,verdict,detail
1463792,2018-01-10,0001493152-18-000395,form8-k.htm,keep,"inancial accounting standards provided pursuant to Section 13(a) of the Exchange Act. [ ] ITEM 4.02 NON-RELIANCE ON PREVIOUSLY ISSUED FINANCIAL STATEMENTS OR A RELATED AUDIT REPORT OR COMPLETED INTERIM REPORT On January 9, 2018, the Board of Directors (the &ldquo;Board&rdquo;) of Gold Torrent, Inc. "
1135202,2018-01-30,0001214659-18-000747,j1291838k.htm,keep,"pursuant to Section 13(a) of the Exchange Act.&#160; &#160;&#160; &#9744; &#160; &#160; 1 Item 4.02 Non-Reliance on Previously Issued Financial Statements of a Related Audit Report of Completed Interim Review. On January 24, 2018, the Audit Committee of the Board of Directors (the &#8220;Audit Commi"
33619,2018-02-01,0001193125-18-029293,d533865d8k.htm,keep,"d in the text of the press release and as part of the supplemental financial information. Item 4.02 Non-Reliance on Previously Issued Financial Statements or a Related Audit Report or Completed Interim Review. On February 1, 2018, the Company&#146;s management, after consultation and discussions wit"
225628,2018-02-12,0001096906-18-000086,passur.htm,keep,"ions pursuant to Rule 13e-4(c) under the Exchange Act (17 CFR 240.13e-4(c)) Item 4.02(a)&#160;&#160;Non-Reliance on Previously Issued Financial Statements or a Related Audit Report or Completed Interim Review. On February 8, 2018, the Board of Directors of PASSUR Aerospace,&#160;Inc. (the ""Company"")"
1527844,2018-02-26,0001663577-18-000106,mainbody.htm,keep,"the Exchange Act. [ ] SECTION 4 - MATTERS RELATED TO ACCOUNTANTS AND FINANCIAL STATEMENTS Item 4.02 Non-Reliance on Previously Issued Financial Statements or a Related Audit Report or Completed Interim Review. On February 14, 2018, the Board of Directors of Capital Art, Inc. (the &ldquo;Company&rdqu"
1628468,2018-03-14,0001144204-18-014500,tv488468_8ka.htm,keep,"ncial accounting standards provided pursuant to Section 13(a) of the Exchange Act. &#168; ITEM 4.02 NON-RELIANCE ON PREVIOUSLY ISSUED FINANCIAL STATEMENTS OR A RELATED AUDIT REPORT OR COMPLETED INTERIM REVIEW. On March 12, 2018, the Board of Directors of Hui Ying Financial Holdings Corporation (the "
1533998,2018-03-19,0001144204-18-015400,tv488637_8k.htm,keep,"financial accounting standards provided pursuant to Section 13(a) of the Exchange Act. o Item 4.02 Non-Reliance on Previously Issued Financial Statements or a Related Audit Report or Completed Interim Review. On March 15, 2018, the Audit Committee of the Board of Directors (the &ldquo;Audit Committe"
1499717,2018-03-29,0001564590-18-007137,staf-8k_20170930.htm,keep,"ounting standards provided pursuant to Section 13(a) of the Exchange Act. &#9744; &#160; Item 4.02. Non-Reliance on Previously Issued Financial Statements or a Related Audit Report or Completed Interim Review. On March 28, 2018, the Audit Committee of the Board of Directors (the &#8220;Audit Committ"
1157817,2018-04-02,0001144204-18-018651,tv490172_8k.htm,keep,"cial accounting standards provided pursuant to Section 13(a) of the Exchange Act. &#168; Item 4.02. Non-Reliance on Previously Issued Financial Statements or a Related Audit Report or Completed Interim Review. On March 31, 2018, the Audit Committee of the Board of Directors (the &ldquo;Audit Committ"
865941,2018-04-03,0001008886-18-000021,form8k.htm,keep,"s not consisting of U.S. real property, U.S. rolling stock, and U.S. accounts receivable. Item 4.02 Non-Reliance on Previously Issued Statements or a Related Audit Report or Completed Interim Review. On May 1, 2017, the Company announced that the Company's financial statements for fiscal year 2016 ("
1158863,2018-04-05,0001193125-18-108845,d564686d8k.htm,keep,"ial accounting standards provided pursuant to Section 13(a) of the Exchange Act. &#9744; Item 4.02, Non-Reliance on Previously Issued Financial Statements or a Related Audit Report or Completed Interim Review. (a) On April 5, 2018, the Board of Directors (the &#147;Board&#148;) of WageWorks, Inc. (t"
1495932,2018-04-16,0001683168-18-000997,exp_8k.htm,keep,"ial accounting standards provided pursuant to Section 13(a) of the Exchange Act. &#9744; Item 4.02. Non-Reliance on Previously Issued Financial Statements or a Related Audit Report or Completed Interim Review On April 3, 2018, the Company filed a Form 8-K disclosing that, after discussion with manag"
1580808,2018-07-02,0001628280-18-008978,a8-krestatement.htm,keep,andards provided pursuant to Section 13(a) of the Exchange Act. &#160; &#168; &#160; Item&#160;4.02 Non-Reliance on Previously Issued Financial Statements or a Related Audit Report or Completed Interim Review Results of the Audit Committee Investigation A10 Networks (the &#8220;Company&#8221;) annou
1667939,2018-07-30,0000943374-18-000277,form8k.htm,keep,"ded pursuant to Section&#160;13(a)&#160;of the Exchange Act.&#160; &#9744; &#160; Item 4. 02 &#160; Non-Reliance on Previously Issued Financial Statements or a Related Audit Report or Completed Interim Review On July 25, 2018, FSB Bancorp, Inc. (the ""Company"") and the Audit Committee of the Board of"
868278,2018-08-15,0001493152-18-011937,form8-k.htm,keep,"14, 2018, ProPhase Labs, Inc. (the &ldquo;Company&rdquo;) issued a press release announcing that it will restate its previously issued audited consolidated financial statements for the fiscal year ended December 31, 2017 and unaudited consolidated financial statements for the fiscal quarters ended M"
92679,2018-09-13,0001193125-18-272789,d620035d8k.htm,keep,"sed financial accounting standards pursuant to Section 13(a) of the Exchange Act. &#9744; Item 4.02 Non-Reliance on Previously Issued Financial Statements or a Related Audit Report or Completed Interim Review. On September 7, 2018, the audit committee of the board of directors (the &#147;Audit Commi"
2034,2018-09-27,0001144204-18-051259,tv503599_8k.htm,keep,"ncial accounting standards provided pursuant to Section 13(a) of the Exchange Act. &#168; Item 4.02 Non-reliance on Previously Issued Financial Statements or a Related Audit Report or Completed Interim Review. On September 13, 2018, Aceto Corporation (the &ldquo;Company&rdquo;) disclosed that furthe"
823277,2018-10-26,0000823277-18-000055,a8-knonxrelianceoffinancia.htm,keep,"60;&#160;&#160;&#160;&#160;&#160;&#160;&#160;&#160;&#160;&#160;&#160;&#160;&#160;&#160;&#160;&#160; Non-Reliance on Previously Issued Financial Statements or a Related Audit Report on Completed Interim Period. &#160; On October 22, 2018, the Audit Committee (the &#8220;Audit Committee&#8221;) of the"
1650101,2018-10-26,0001493152-18-014873,form8-k.htm,keep,"ements, Mr. Hong is now solely responsible for the repayment of the Debt to the Creditor. Item 4.02 Non-Reliance on Previously Issued Financial Statements or a Related Audit Report or Completed Interim Review. On October 1, 2018, the management of the Company, after consultation and discussions with"
1438423,2018-11-08,0001157523-18-002391,a5189691.htm,keep,"attached hereto as Exhibit 99.1 and is incorporated herein by reference. Item&#160;4.02.&#160;&#160;Non-Reliance on Previously Issued Financial Statements or a Related Audit Report or Completed Interim Review. On November 7, 2018, the management and the Audit Committee of the Board of Directors of E"
885074,2019-01-24,0001437749-19-001268,aghc20190118_8k.htm,keep,"accounting standards provided pursuant to Section 13(a) of the Exchange Act. &#9744; 1 Item 4 .0 2 Non-Reliance on Previously Issued Financial Statements or a Related Audit Report or Completed Interim Review. (a) On January 23, 2019, the Audit Committee of the Board of Directors (the &ldquo; Audit C"
896429,2019-02-06,0001140361-19-002609,form8k.htm,keep,"ules. RSM has furnished the requested letter, and it is attached hereto as Exhibit 16.1. Item 4.02. Non-Reliance on Previously Issued Financial Statements or a Related Audit Report or Completed Interim Review . (a) On February 4, 2019, the Board of Directors (the &#8220;Board&#8221;) of the Company,"
889348,2019-02-08,0001387131-19-000967,cvu-8k_020719.htm,keep,"cial accounting standards provided pursuant to Section 13(a) of the Exchange Act. &#9744; Item 4.02 Non-Reliance on Previously Issued Financial Statements or a Related Audit Report or Completed Interim Review. On February 7, 2019, the Audit Committee of the Board of Directors (the &#8220;Audit Commi"
24545,2019-02-12,0000024545-19-000006,a8k2122019.htm,keep,"financial accounting standards provided pursuant to Section 13(a) of the Exchange Act. o Item 4.02. Non-Reliance on Previously Issued Financial Statements or a Related Audit Report or Completed Interim Review. On February 8, 2019, the Audit Committee of the Board of Directors (the &#8220;Audit Commi"
1175535,2019-02-27,0001175535-19-000007,wsr8-kearningsrelease2018x.htm,keep,"ment filed or to be filed by the Company under the Securities Act of 1933, as amended. Item 4.02(a) Non-Reliance on Previously Issued Financial Statements or a Related Audit Report or Completed Interim Review. On February 26, 2019, the Audit Committee (the ""Audit Committee"") of the Board of Trustees"
1305323,2019-03-07,0001305323-19-000010,form8-kxitem402xmarch2019.htm,keep,"xcept to the extent that we specifically incorporate it by reference into such a filing. Item 4.02. Non-Reliance on Previously Issued Financial Statements or a Related Audit Report or Completed Interim Review. On March 6, 2019, the Audit Committee of the Board of Directors (the &#8220;Audit Committe"
1040792,2019-03-12,0001213900-19-003937,f8k031119_heliosandmatheson.htm,keep,"cial accounting standards provided pursuant to Section 13(a) of the Exchange Act. &#9744; ITEM 4.02 NON-RELIANCE ON PREVIOUSLY ISSUED FINANCIAL STATEMENTS OR A RELATED AUDIT REPORT OR COMPLETED INTERIM REVIEW On March 11, 2019, the Board of Directors (the &ldquo;Board&rdquo;) of Helios and Matheson "
1415684,2019-03-14,0001654954-19-002745,mslp_8k.htm,keep,"ided pursuant to Section 13(a) of the Exchange Act. &#x2610; &#xA0; &#xA0; &#xA0; &#xA0; Item 4.02. Non-Reliance on Previously Issued Financial Statements or a Related Audit Report or Completed Interim Review. &#xA0; &#xA0; On March 8, 2019, the Audit Committee of the Board of Directors (the &#x201C"
1606180,2019-03-29,0001193125-19-092953,d674649d8k.htm,keep,"ial accounting standards provided pursuant to Section 13(a) of the Exchange Act. &#9746; Item 4.02. Non-Reliance on Previously Issued Financial Statements or a Related Audit Report or Completed Interim Review. On March 29, 2019, AAC Holdings, Inc. (the &#147;Company&#148;), the Audit Committee (the "
1597846,2019-04-02,0001493152-19-004704,form8-k.htm,keep,"nt communications pursuant to Rule 13e-4(c) under the Exchange Act (17 CFR 240.13e-4(c)) Item 4.02. NON-RELIANCE ON PREVIOUSLY ISSUED FINANCIAL STATEMENTS OR A RELATED AUDIT REPORT OR COMPLETED INTERIM REVIEW. On March 30, 2019, the Company's management, together with the Audit Committee of the Boar"
1604627,2019-04-09,0001144204-19-018877,tv518460_8k.htm,keep,"financial accounting standards provided pursuant to Section 13(a) of the Exchange Act. x Item 4.02 Non-Reliance on Previously Issued Financial Statements or a Related Audit Report or Completed Interim Review. On April 8, 2019, the Audit Committee of the Board of Directors (the &ldquo;Audit Committee"
1365916,2019-04-11,0001171843-19-002369,f8k_041119.htm,keep,"strant. The information contained in Item 1.01 above is incorporated herein by reference. Item 4.02 Non-Reliance on Previously Issued Financial Statements or a Related Audit Report or Completed Interim Review. (a) On April 5, 2019, the Audit Committee of the Board of Directors (the &ldquo; Audit Com"
1528396,2019-05-01,0001528396-19-000014,gwre8-kitem402.htm,keep,"on which registered Common Stock, $0.0001 par value GWRE New York Stock Exchange Item 4.02(a) &#160;Non-Reliance on Previously Issued Financial Statements or a Related Audit Report or Completed Interim Review. On April 25, 2019, the Audit Committee of the Board of Directors (the &#8220;Audit Committ"
1637459,2019-05-06,0001637459-19-000033,may2019form8-k.htm,keep,"le to timely file its Quarterly Report on Form 10-Q for the period ended March 30, 2019. Item 4.02. Non-Reliance on Previously Issued Financial Statements or a Related Audit Report or Completed Interim Review. On May 2, 2019, the Company, in consultation with the Audit Committee of its Board of Dire"
1579252,2019-05-13,0001579252-19-000083,form8-kxitem402.htm,keep,"SDAQ Stock Market LLC Warrants to purchase Common Stock JASNW The NASDAQ Stock Market LLC Item 4.02 Non-Reliance on Previously Issued Financial Statements or a Related Audit Report or Completed Interim Review. &#160; (a) &#160;&#160;&#160;&#160;On May 13, 2019, the Chief Executive Officer and Chief "
1725579,2019-06-17,0001725579-19-000033,ps06172019-8k.htm,keep,"dards provided pursuant to Section 13(a) of the Exchange Act. &#168; &#160; &#160; &#160; Item 4.02 Non-Reliance on Previously Issued Financial Statements or a Related Audit Report or Completed Interim Review. (a) &#32;On June 13, 2019, the Board of Directors (the ""Board"") of Pluralsight, Inc. (the "
1111741,2019-08-07,0001121781-19-000061,dynr8k8619.htm,keep,"cement communications pursuant to Rule 13e-4(c) under the Exchange Act (17 CFR 240.13e-4(c)) 1 4.02 Non-Reliance on Previously Issued Financial Statements or a Related Audit Report or Completed Interim Review. On July 31, 2019, the Board of Directors of DynaResource, Inc. (the &ldquo;Company&rdquo;)"
920448,2019-08-15,0001562762-19-000214,bvsn-20190815x8k.htm,keep,", except as shall be expressly set forth by specific reference in such a filing. &#xFEFF; Item 4.02 Non-Reliance on Previously Issued Financial Statements or a Related Audit Report or Completed Interim Review. &#xFEFF; On August 12, 2019, the Audit Committee of the Company&#x2019;s Board of Director"
929940,2019-09-10,0000929940-19-000037,a091020198-k.htm,keep,"vided pursuant to Section&#160;13(a) of the Exchange Act.&#160;&#160;&#160;&#160;&#9633; Item 4.02. Non-Reliance on Previously Issued Financial Statements or a Related Audit Report or Completed Interim Review Aspen Technology, Inc. (the &#8220;Company&#8221;) has determined that the Company's previo"
1498148,2019-10-16,0001161697-19-000448,form_8-k.htm,keep,"inancial accounting standards provided pursuant to Section 13(a) of the Exchange Act. [_] ITEM 4.02 NON-RELIANCE ON PREVIOUSLY ISSUED FINANCIAL STATEMENTS OR A RELATED AUDIT REPORT OR COMPLETED INTERIM REVIEW. On August 26, 2019, a Form 10-K for the fiscal year ended February 28, 2019 (the &ldquo;20"
909724,2019-10-21,0000909724-19-000022,form8-k.htm,keep,"provided pursuant to Section&#160;13(a) of the Exchange Act.&#160;&#160;&#9744; &#160; 1 Item 4.02 Non-Reliance on Previously Issued Financial Statements or a Related Audit Report or Completed Interim Review. As previously announced in the Current Report on Form 8-K filed on August 14, 2019 (the ""Pr"
1084384,2019-10-21,0001104659-19-055290,tm1920647d1_8k.htm,keep,"lass Trading Symbol(s) Name of each exchange on which registered Common Stock TEUM NASDAQ Item 4.02 Non-Reliance on Previously Issued Financial Statements or a Related Audit Report or Completed Interim Review. On October 21, 2019, the board of directors of Pareteum Corporation (the &ldquo;Company&rd"
826253,2019-10-23,0001213900-19-020897,f8k101819_aurasystem.htm,keep,"Act: Title of each class Trading Symbol(s) Name of each exchange on which registered Item 4.02 (a). Non-Reliance on Previously Issued Financial Statements or a Related Audit Report or Completed Interim Review. On October 18, 2019, the Audit Committee of the Board of Directors of Aura Systems, Inc. ("
1656501,2019-11-15,0001493152-19-017651,form8-k.htm,keep,"the item 4.02 disclosure below. As soon as a new independent auditing firm is retained, the Company intends to restate the 2019 Quarterly Reports. (b) New Independent Auditing Firm The Company does not currently have an independent auditing firm but is engaged in acquiring a new independent register"
1100778,2019-11-18,0001165527-19-000196,g8766.htm,keep,"ed financial accounting standards provided pursuant to Section 13(a) of the Exchange Act. Item 4.02 Non-Reliance on Previously Issued Financial Statements or a Related Audit Report or Completed Interim Review. On November 8, 2019, the Board of Directors of Rokk3r Inc. (the &#8220;Company&#8221;) con"
1655020,2019-12-23,0001655020-19-000187,xog-20191223.htm,keep,"cial accounting standards provided pursuant to Section 13(a) of the Exchange Act. &#168; Item 4.02. Non-Reliance on Previously Issued Financial Statements or a Related Audit Report or Completed Interim Review. On December 17, 2019, Extraction Oil and Gas, Inc. (the &#8220;Company&#8221; or the &#822"
1664703,2020-02-12,0001664703-20-000003,bloom_8-kxmsa2x12x20.htm,keep,"copy of this press release is attached hereto as Exhibit 99.1. Item 4.02. &#160;&#160;&#160;&#160; Non-Reliance on Previously Issued Financial Statements or a Related Audit Report or Completed Interim Review On February 11, 2020, the Audit Committee of the Board of Directors (the &#8220;Audit Commit"
10456,2020-02-13,0001193125-20-035710,d835972d8k.htm,keep,"s Current Report on Form &#160;8-K is incorporated by reference into this Item 2.02. Item&#160;4.02 Non-Reliance on Previously Issued Financial Statements or a Related Audit Report or Completed Interim Review. On October&#160;24, 2019, Baxter International Inc. (&#8220;Baxter&#8221; or the &#8220;Co"
1095130,2020-03-06,0001654954-20-002335,iotc_8k.htm,keep,"nt to Section 13(a) of the Exchange Act. &#x2610; &#xA0; &#xA0; &#xA0; ITEM 4.02 &#xA0;&#xA0;&#xA0; Non-Reliance on Previously Issued Financial Statements or a Related Audit Report or Completed Interim Review. &#xA0; On March 4, 2020, the Board of Directors of Iota Communications, Inc. (the &#x201C;"
1290900,2020-03-16,0001628280-20-003635,a4028k.htm,keep,"unications pursuant to Rule 13e-4(c) under the Exchange Act (17 CFR 240.13e-4(c)) &#160; Item 4.02. Non-Reliance on Previously Issued Financial Statements or a Related Audit Report or Completed Interim Review. On March 12, 2020, the Audit Committee of the Board of Directors (the &#8220;Audit Committ"
1620179,2020-03-17,0001104659-20-034822,tm2012800-1_8k.htm,keep,"y by reference to the full text of the Purchase Agreement filed herewith as Exhibit 10.1. Item 4.02 Non-Reliance on Previously Issued Financial Statements or a Related Audit Report or Completed Interim Review. As previously reported, on September 21, 2017, former stockholders of the Company's subsid"
1656472,2020-03-17,0001656472-20-000017,form8ka.htm,keep,"99.1 to this Current Report on Form 8-K and is incorporated herein in by reference. Item 4.02.&#160;Non-Reliance on Previously Issued Financial Statements or a Related Audit Report or Completed Interim Review. &#160; On March 17, 2020, the Company, on the recommendation of the Audit Committee of the"
728385,2020-04-14,0001477932-20-001960,meec_8k.htm,keep,"financial accounting standards provided pursuant to Section 13(a) of the Exchange Act. o Item 4.02 Non-Reliance on Previously Issued Financial Statements or a Related Audit Report or Completed Interim Review. In connection with the December 31, 2019 year-end audit of Midwest Energy Emissions Corp. ("
14846,2020-04-21,0001213900-20-009757,ea120877-8k_brtapartm.htm,keep,"nded, except as shall be expressly set forth by specific reference in such filing. &#160; Item 4.02 Non-Reliance on Previously Issued Financial Statements or a Related Audit Report or Completed interim Review. &#160; (a) On March 12, 2020, we announced that we were evaluating whether certain revisio"
1569994,2020-05-13,0001569994-20-000024,wsbf-05122020.htm,keep,"ncial accounting standards provided pursuant to Section 13(a) of the Exchange Act. &#160; Item 4.02 Non-Reliance on Previously Issued Financial Statements or a Related Audit Report or Completed Interim Review. (a) &#160; On May 12, 2020, the Audit Committee of the Board of Directors of Waterstone Fi"
1499832,2020-06-09,0001499832-20-000032,form8kmay22pressrelease.htm,keep,"year financial statements is hereby incorporated by reference. Item 4.02. &#160;&#160;&#160;&#160; Non-Reliance on Previously Issued Financial Statements or a Related Audit Report &#160;&#160;&#160;&#160;&#160;&#160;&#160;&#160;&#160;&#160;&#160;&#160; or Completed Interim Review In April 2020, our "
1709164,2020-06-11,0001709164-20-000022,a8-knoticeofpressrelease61.htm,keep,"al results, a copy of which is furnished as Exhibit 99.1 hereto. Item 4.02 &#160;&#160;&#160;&#160; Non-Reliance on Previously Issued Financial Statements or a Related Audit Report or Completed Interim Review. On June 11, 2020, the Audit Review Committee of the Board of Directors (the &#8220;Audit R"
1477009,2020-07-07,0001104659-20-081450,tm2024094d3_8k.htm,keep,"cial accounting standards provided pursuant to Section 13(a) of the Exchange Act. &#168; Item 4.02. Non-Reliance on Previously Issued Financial Statements or a Related Audit Report or Completed Interim Review. On July 1, 2020, the audit committee of the board of directors and management of General C"
861459,2020-07-27,0001437749-20-015780,gva20200727_8k.htm,keep,"ction 13(a) of the Exchange Act.&#xa0;&#xa0;&#9744; &#xa0; &#xa0; &#xa0; &#xa0; I tem 4.02 . &#xa0; Non-Reliance on Previously Issued Financial Statements or a Related Audit Report or Completed Interim Review. &#xa0; &#xa0; On July 22, 2020, the Audit/Compliance Committee (the &#8220;Audit Committee"
315131,2020-07-29,0001564590-20-034382,phx-8k_20200723.htm,keep,"ursuant to Section 13(a) of the Exchange Act.&#160;&#160;&#160;&#160;&#160;&#160; &#9744; Item 4.02 Non-Reliance on Previously Issued Financial Statements or a Related Audit Report or Completed Interim Review. On July 23, 2020, management of Panhandle Oil and Gas Inc. (the &#8220;Company&#8221;) con"
1528129,2020-08-05,0001528129-20-000131,lpi-20200804.htm,keep,"financial accounting standards provided pursuant to Section 13(a) of the Exchange Act. o Item 4.02. Non-Reliance on Previously Issued Financial Statements or a Related Audit Report or Completed Interim Review. On August 4, 2020, the Audit Committee (the ""Audit Committee"") of the Board of Directors ("
1484769,2020-09-15,0001493152-20-017813,form8-k.htm,keep,"revised financial accounting standards pursuant to Section 13(a) of the Exchange Act. [ ] Item 4.02 Non-Reliance on Previously Issued Financial Statements. On September 14, 2020, the Board of Directors (the &ldquo; Board &rdquo;) of fuboTV Inc., a Florida corporation (the &ldquo; Company &rdquo;) co"
1626644,2020-10-15,0001683168-20-003444,odyssey_8k.htm,keep,"ncial accounting standards provided pursuant to Section 13(a) of the Exchange Act. &uml; Item 4.02. Non-Reliance on Previously Issued Financial Statements or a Related Audit Report or Completed Interim Review. On October 9, 2020, the Audit Committee (the &ldquo;Audit Committee&rdquo;) of the Board o"
1528930,2020-10-26,0001104659-20-118215,tm2033368d5_8k.htm,keep,"lease is being furnished with this Current Report on Form 8-K as Exhibit 99.1. &#160; Item 4.02 (a) Non-Reliance on Previously Issued Financial Statements or a Related Audit Report or Completed Interim Review. &#160; As previously reported, on October 23, 2019, Franchise Group, Inc. (the &#8220;Comp"
1692415,2020-11-02,0001493152-20-020339,form8-k.htm,keep,"nancial accounting standards provided pursuant to Section 13(a) of the Exchange Act. [ ] Item 4.02. Non-Reliance on Previously Issued Financial Statements or a Related Audit Report or Completed Interim Review. On October 30, 2020, the Board of Directors of Co-Diagnostics, Inc. (the &ldquo; Company &"
943861,2020-11-06,0001104659-20-122486,tm2035322d1_8k.htm,keep,"ncial accounting standards provided pursuant to Section 13(a) of the Exchange Act. &#168; Item 4.02 Non-Reliance on Previously Issued Financial Statements or a Related Audit Report or Completed Interim Review. On November 5, 2020, Goodrich Petroleum Corporation (the &ldquo; Company &rdquo;) determin"
1794515,2020-11-09,0001794515-20-000030,zi-8kx20201109.htm,keep,"1 to this current report and is incorporated herein by reference. Item 4.02 &#160;&#160;&#160;&#160;Non-Reliance on Previously Issued Financial Statements or a Related Audit Report or Completed Interim Review. On November 5, 2020, the Audit Committee of the Board of Directors of the Company (the &#8"
1422892,2020-11-16,0001213900-20-037127,ea129936-8k_sinoglobal.htm,keep,"cial accounting standards provided pursuant to Section 13(a) of the Exchange Act. &#9744; Item 4.02 Non-Reliance on Previously Issued Financial Statements or a Related Audit Report or Completed Interim Review. On November 13, 2020, the Company management, after discussion with the Audit Committee of"
1367083,2020-11-17,0001683168-20-003995,sonoma_8k.htm,keep,"financial accounting standards provided pursuant to Section 13(a) of the Exchange Act. o Item 4.02. Non-Reliance on Previously Issued Financial Statements or a Related Audit Report or Completed Interim Review. On November 12, 2020, the Audit Committee of the Board of Directors and executive manageme"
1378125,2020-11-24,0001640334-20-002942,togl_8k.htm,keep,"ial accounting standards provided pursuant to Section 13(a) of the Exchange Act. &#9744; Item 4.02. Non-Reliance on Previously Issued Financial Statements or a Related Audit Report or Completed Interim Review. On November 19, 2020, the Audit Committee of the Board of Directors of Toga Limited (the &"
1315255,2020-12-22,0001628280-20-017693,gtit-20201216.htm,keep,"te credit card services and interest rate hedging for which they receive customary fees. Item 4.02. Non-Reliance on Previously Issued Financial Statements or a Related Audit Report or Completed Interim Review On December 16, 2020, the Board of Directors (the &#8220; Board &#8221;) of the Company con"
1562151,2020-12-22,0001562151-20-000088,cwgl-20201222.htm,keep,"&#160;&#160;&#160;&#160;&#160;&#160;&#160;&#160;&#160;&#160;&#160; Item 4.02&#160;&#160;&#160;&#160;Non-Reliance on Previously Issued Financial Statements or a Related Audit Report or Completed Interim Review. (a) On December 22, 2020, the Board of Directors of Crimson Wine Group, Ltd. (the &#8220;C"
1690080,2020-12-31,0001213900-20-045765,ea132548-8k_180lifesciences.htm,keep,"d by Section 3(a)(9) of the Securities Act of 1933, as amended, for the above issuances. Item 4.02. Non-Reliance on Previously Issued Financial Statements or a Related Audit Report or Completed Interim Review. On December 29, 2020, the Board of Directors of the Company concluded, after discussion wi"
1550603,2021-01-20,0001564590-21-001630,mlvf-8k_20210114.htm,keep,"and is incorporated herein by reference. &#160; Item 4.02&#160;&#160;&#160;&#160;&#160;&#160;&#160;Non-Reliance on Previously Issued Financial Statements or a Related Audit Report or Completed Interim Review. &#160; In connection with the matters set forth in Item 3.01 above, which are hereby incorp"
1463258,2021-02-25,0001628280-21-003302,regi-20210223.htm,keep,"e is furnished as Exhibit 99.1 to this Current Report on Form 8-K. Item 4.02&#160;&#160;&#160;&#160;Non-Reliance on Previously Issued Financial Statements or a Related Audit Report or Completed Interim Review. (a) On February 23, 2021, the Board of Directors of the Company (the &#8220;Board&#8221;),"
1029831,2021-03-03,0001029831-21-000019,hlm-20210303.htm,keep,"g standards provided pursuant to Section 13(a) of the Exchange Act.&#8195; &#9744; &#160; Item 4.02 Non-Reliance on Previously Issued Financial Statements or a Related Audit Report or Completed Interim Review On February 25, 2021, the Audit Committee of the Board of Directors (the ""Audit Committee"")"
1556266,2021-03-29,0001213900-21-018302,ea138483-8k_tdholding.htm,keep,"exchange on which registered Common Stock, par value $0.001 GLG Nasdaq Capital Market Item 4.02(b) Non-Reliance on Previously Issued Financial Statements or A Related Audit Report or Completed Interim Review. On March 26, 2021, the Audit Committee (the &ldquo; Audit Committee &rdquo;) of the Board o"
1282224,2021-04-08,0001553350-21-000281,dlpn_8k.htm,keep,"ncial accounting standards provided pursuant to Section 13(a) of the Exchange Act. &#168; Item 4.02 Non-Reliance on Previously Issued Financial Statements or a Related Audit Report or Completed Interim Review. (a) On April 8, 2021, the Audit Committee of the Board of Directors (the &#8220; Audit Com"
1766352,2021-05-14,0001553350-21-000405,airfox_8k.htm,keep,"ncial accounting standards provided pursuant to Section 13(a) of the Exchange Act. &#168; Item 4.02 Non-Reliance on Previously Issued Financial Statements or a Related Audit Report or Completed Interim Review. On May 10, 2021, the authorized officers of Carrier EQ, LLC's (the &ldquo; Company &rdquo;"
822370,2021-08-10,0001213900-21-041160,ea145361-8k_emmauslife.htm,keep,"ial accounting standards provided pursuant to Section 13(a) of the Exchange Act. &#9744; Item 4.02. Non-Reliance on Previously Issued Financial Statements or a Related Audit Report or Completed Interim Review On August 5, 2021, the Board of Directors of Emmaus Life Sciences, Inc. (&ldquo;we,&rdquo; "
875355,2021-08-13,0001654954-21-008917,a2021_0813isigform8k.htm,keep,"ed as Exhibit 99.1 attached hereto and is incorporated herein by reference. &#xA0; Item 4.02.&#xA0; Non-Reliance on Previously Issued Financial Statements or a Related Audit Report or Completed Interim Review. &#xA0; On August&#xA0;10, 2021, the audit committee of the Company&#x2019;s board of direc"
73290,2021-09-30,0001513162-21-000116,form8k.htm,keep,"al accounting standards provided pursuant to Section 13(a) of the Exchange Act. &#168; 1 Item 4.02, Non-Reliance on Previously Issued Financial Statements or a Related Audit Report or Completed Interim Review. Biomerica, Inc. (the &#147;Company&#148;) has determined that the calculation and expense "
754811,2021-10-18,0001185185-21-001489,usglobal20211018_8k.htm,keep,"ual Report on Form 10-K for the fiscal year ended June 30, 2021, as soon as practicable. Item 4.02. Non-Reliance on Previously Issued Financial Statements or a Related Audit Report or Completed Interim Review. On October 12, 2021, the Company, in consultation with the Audit Committee of its Board of"
1814329,2021-10-22,0000950170-21-002239,astr-20211020.htm,keep,"pursuant to Section 13(a) of the Exchange Act. &#9744; &#160; &#160; &#160; &#160; &#160; Item 4.02 Non-Reliance on Previously Issued Financial Statements or Related Audit Report or Completed Interim Review. On October 20, 2021, Astra Space, Inc. f/k/a Holicity Inc. (the &#x201c;Company&#x201d;), in"
1579214,2021-11-01,0001564590-21-053027,eex-8k_20211101.htm,keep,"160;&#160;&#160;&#160;&#160;&#160;&#160;&#160;&#160;&#160;&#160;&#160; &#9746; &#160; Item 4.02(a). Non-Reliance on Previously Issued Financial Statements or a Related Audit Report or Completed Interim Review On Noember 1, 2021, management and the Audit Committee of the Board of Directors (the &#822"
1626745,2021-11-10,0001493152-21-027846,form8k.htm,keep,Company&#8221;) incorporates by reference the disclosure below in Item 4.02(a). &#160; Item 4.02(a) Non-Reliance on Previously Issued Financial Statements or a Related Audit Report or Completed Interim Review. &#160; In connection with the preparation of the unaudited consolidated financial statemen
837852,2021-11-16,0001104659-21-139669,tm2133104d1_8k.htm,keep,"d pursuant to Section 13(a) of the Exchange Act.&#160; &#168; &#160; &#160; &#160; &#160; Item 4.02 Non-Reliance on Previously Issued Financial Statements or a Related Audit Report or Completed Interim Review. &#160; (b) On November 15, 2021, Ideanomics, Inc. (the &#8220;Company,&#8221; &#8220;our,&"
1069308,2021-11-16,0001564590-21-057118,acer-8k_20211115.htm,keep,"set forth under Item 4.02 is incorporated into this Item 2.02 by reference. &#160; &#160; Item 4.02 Non-Reliance on Previously Issued Financial Statements or a Related Audit Report or Completed Interim Review. On November 15, 2021, the Company, after discussion with its independent registered public"
1770236,2022-02-22,0001104659-22-025739,tm225225d3_8k.htm,keep,"hange Act.&#160;&#160;&#160;&#160;&#160; &#168; &#160; &#160; &#160; &#160; &#160; &#160; Item 4.02 Non-Reliance on Previously Issued Financial Statements or a Related Audit Report or Completed Interim Review. &#160; On February 15, 2022, the Chief Financial Officer of Moving iMage Technologies, Inc"
1824013,2022-02-23,0001104659-22-026070,tm227204d1_8k.htm,keep,"rovided pursuant to Section 13(a) of the Exchange Act. &#168; &#160; &#160; &#160; &#160; Item 4.02 Non-Reliance on Previously Issued Financial Statements or a Related Audit Report or Completed Interim Review. &#160; On February&#160;16, 2022, the audit committee of the board of directors (the &#822"
1819584,2022-02-28,0001628280-22-004039,vlta-20220225.htm,keep,"ards provided pursuant to Section 13(a) of the Exchange Act. &#9744; &#160; &#160; &#160; Item 4.02 Non-Reliance on Previously Issued Financial Statements or a Related Audit &#160;&#160;&#160;&#160; Report or Completed Interim Review. (a) On February 24, 2022, the Audit Committee of the Board of Dir"
811830,2022-03-03,0000811830-22-000008,sov-20220303.htm,keep,"ncial accounting standards provided pursuant to Section 13(a) of the Exchange Act &#9744; Item 4.02 Non-Reliance on Previously Issued Financial Statements or a Related Audit Report or Completed Interim Review Santander Consumer USA Holdings Inc. (&#8220;SC&#8221;), a wholly owned subsidiary of Santa"
1741231,2022-03-11,0001213900-22-011886,ea156764-8k_tattooed.htm,keep,"t to Section 13(a) of the Exchange Act. &#9744; &#160; &#160; &#160; &#160; &#160; &#160; Item 4.02 Non-Reliance on Previously Issued Financial Statements or a Related Audit Report or Completed Interim Review. &#160; On March 7, 2022, the Board of Directors (the &#8220;Board&#8221;) of Tattooed Chef"
1833908,2022-03-11,0001104659-22-032975,tm229102-1_8k.htm,keep,"ection 13(a) of the Exchange Act. &#168; &#160; &#160; &#160; &#160; &#160; &#160; &#160; Item 4.02 Non-Reliance on Previously Issued Financial Statements or a Related Audit Report or Completed Interim Review. &#160; On March 11, 2022, the Audit Committee (the &#8220;Audit Committee&#8221;) of the B"
1839839,2022-03-15,0001193125-22-075327,d290026d8k.htm,keep,"rovided pursuant to Section 13(a) of the Exchange Act. &#9744; &#160; &#160; &#160; Item&#160;4.02. Non-Reliance on Previously Issued Financial Statement or Related Audit Report or Completed Interim Review. On March&#160;10, 2022, the Audit Committee of the Board of Directors (the &#8220;Audit Commi"
1723517,2022-03-25,0001213900-22-015204,ea157435-8k_ucasset.htm,keep,"ovided pursuant to Section 13(a) of the Exchange Act &#9744; &#160; &#160; &#160; &#160; Item 4.02. Non-Reliance on Previously Issued Financial Statements or a Related Audit Report or Completed Interim Review. &#160; On March 22, 2022, the management of UC Asset LP (the &#8220;Company&#8221;) was no"
1586495,2022-03-28,0001683168-22-001952,leet_i8k.htm,keep,"ction 13(a) of the Exchange Act. &#9744; &#160; &#160; &#160; &#160; &#160; &#160; &#160; Item 4.02 Non-Reliance on Previously Issued Financial Statements or a Related Audit Report or Completed Interim Review &#160; On March 25, 2022, Leet Technology, Inc. (&#8220;Leet&#8221; or the &#8220;Company&#"
1799332,2022-03-29,0001493152-22-008030,form8-k.htm,keep,"to Section 13(a) of the Exchange Act. &#9746; &#160; &#160; &#160; &#160; &#160; &#160; Item 4.02. Non-Reliance on Previously Issued Financial Statements or a Related Audit Report or Completed Interim Review. &#160; On March 23, 2022, the Audit Committee of the Board of Directors (the &#8220; Audit "
1820721,2022-03-29,0001820721-22-000023,arry-20220323.htm,keep,"ided pursuant to Section&#160;13(a) of the Exchange Act.&#160;&#9744; &#160; &#160;&#160; Item 4.02 Non-Reliance on Previously Issued Financial Statements or a Related Audit Report or Completed Interim Review. On March 23, 2022, the Audit Committee of the Board of Directors (the &#8220;Audit Committ"
1421636,2022-04-13,0001213900-22-019617,ea158339-8k_cbondsystems.htm,keep,160; Not applicable &#160; Not applicable &#160;&#160; &#160; &#160; &#160; &#160; &#160; Item 4.02 Non-Reliance on Previously Issued Financial Statements or a Related Audit Report or Completed Interim Review &#160; As previously disclosed by the Company in its Current Report on Form 8-K filed with 
1101026,2022-04-15,0001654954-22-005068,zivo_8k.htm,keep,"n 13(a) of the Exchange Act. &#9744; &#160; &#160; &#160; &#160; Item 4.02.&#160;&#160;&#160;&#160; Non-Reliance on Previously Issued Financial Statements or a Related Audit Report or Completed Interim Review. &#160; (a) On April 13, 2022, the management and the audit committee of the board of direc"
1777946,2022-04-25,0001193125-22-116500,d574482d8k.htm,keep,"provided pursuant to Section 13(a) of the Exchange Act. &#9744; &#160; &#160; &#160; Item&#160;4.02 Non-Reliance on Previously Issued Financial Statements or a Related Audit Report or Completed Interim Review. On April&#160;8, 2022, IronNet Inc. (the &#8220;Company&#8221; or &#8220;IronNet&#8221;) d"
1832511,2022-04-25,0001104659-22-049298,tm2213422d1_8k.htm,keep,ion&#160;13(a)&#160;of the Exchange Act. &#168; &#160; &#160; &#160; &#160; &#160; &#160; Item 4.02 Non-Reliance on Previously Issued Financial Statements or a Related Audit Report or Completed Interim Review. &#160; In connection with the audit of the annual financial statements of P3 Health Partne
898770,2022-05-11,0000898770-22-000032,smed-20220505.htm,keep,s provided pursuant to Section 13(a) of the Exchange Act. &#9744;&#160; TABLE OF CONTENTS Item 4.02 Non-Reliance on Previously Issued Financial Statements or a Related Audit Report or Completed Interim Review. Item 9.01 Financial Statement and Exhibits. SIGNATURES &#160;&#160;&#160;&#160; INDEX EXHI
1262104,2022-05-13,0001193125-22-150171,d368018d8k.htm,keep,available options to regain compliance with the Bid Price Requirement. Item&#160;4.02 &#8211;&#160;Non-Reliance&#160;on Previously Issued Financial Statements or a Related Audit Report or Completed Interim Review The Company has determined that it made certain errors in the manner in which it recogn
317788,2022-05-17,0001628280-22-014669,form8-kitem402.htm,keep,"of 1933, as amended, except as expressly set forth by specific reference in such filing. Item 4.02. Non-Reliance on Previously Issued Financial Statements or a Related Audit Report or Completed Interim Review. Accordingly, May 11, 2022, the management and the Audit Committee of the Board of Director"
1731727,2022-05-19,0001213900-22-028337,ea160236-8k_lmpauto.htm,keep,"share &#160; LMPX &#160; NASDAQ Capital Market &#160; &#160; &#160; &#160; &#160; &#160; Item 4.02 Non-Reliance on Previously Issued Financial Statements or Related Audit Report or Completed Interim Review. &#160; On May 16, 2022, management of LMP Automotive Holdings, Inc., a Delaware corporation ("
1040896,2022-05-20,0001493152-22-014655,form8-k.htm,keep,"t to Section 13(a) of the Exchange Act. &#9744; &#160; &#160; &#160; &#160; &#160; &#160; Item 4.02 Non-Reliance on Previously Issued Financial Statements or a Related Audit Report or Completed Interim Review &#160; On May 16, 2022, the Board of Directors (the &#8220;Board&#8221;) of Intellicheck, I"
748592,2022-06-17,0001140361-22-023519,brhc10038915_8k.htm,keep,"compliance with the minimum bid price requirement under the Nasdaq Listing Rules. &#160; Item 4.02. Non-Reliance on Previously Issued Financial Statements or a Related Audit Report or Completed Interim Review. &#160; On June 16, 2022, the Audit Committee of the Company's Board of Directors (the &#82"
1634117,2022-06-27,0001193125-22-182953,d357812d8k.htm,keep,"to Section&#160;13(a) of the Exchange Act.&#160;&#160;&#9744; &#160; &#160; &#160; Item&#160;4.02. Non-Reliance on Previously Issued Financial Statements or a Related Audit Report or Completed Interim Review. (a) In connection with the preparation of Barnes&#160;& Noble Education, Inc.'s (the &#8220"
1848416,2022-07-27,0001493152-22-020413,form8-k.htm,keep,"cial accounting standards provided pursuant to Section 13(a) of the Exchange Act. &#9746; Item 4.02 Non-Reliance on Previously Issued Financial Statements or a Related Audit Report or Completed Interim Review. On July 26, 2022, as a result of internal compensation and tax reviews, certain accounting"
1175680,2022-08-05,0001558370-22-012454,cydy-20220804x8k.htm,keep,"tandards provided pursuant to Section 13(a) of the Exchange Act. &#9744; &#8203; &#8203; Item 4.02. Non-Reliance on Previously Issued Financial Statements or a Related Audit Report or Completed Interim Review. (a) For the reasons discussed below, on August 4, 2022, the Audit Committee of the Board o"
1705338,2022-08-09,0001628280-22-021750,lov-20220805.htm,keep,"r the Exchange Act, except as expressly set forth by specific reference in such a filing. Item 4.02 Non-Reliance on Previously Issued Financial Statements or a Related Audit Report or Completed Interim Review On August 5, 2022, the Audit Committee of the Company's Board of Directors (the &#8220;Audi"
771999,2022-08-12,0001493152-22-022398,form8-k.htm,keep,"t to Section 13(a) of the Exchange Act. &#9744; &#160; &#160; &#160; &#160; &#160; &#160; Item 4.02 Non-Reliance on Previously Issued Financial Statements or a Related Audit Report or Completed Interim Review. &#160; On August 9, 2022, the Audit Committee of DSS, Inc. (the &#8220;Company&#8221;) res"
1841408,2022-08-12,0001193125-22-218761,d375988d8k.htm,keep,"provided pursuant to Section 13(a) of the Exchange Act. &#9744; &#160; &#160; &#160; Item&#160;4.02 Non-Reliance on Previously Issued Financial Statements or a Related Audit Report or Completed Interim Review. (a) On August&#160;9, 2022, the Audit Committee of the Board of Directors (the &#8220;Audi"
1615165,2022-08-15,0001564590-22-029355,veri-8k_20220809.htm,keep,"pursuant to Section13(a) of the Exchange Act. &#9744; &#160; &#160; &#160; &#160; &#160; Item 4.02. Non-Reliance on Previously Issued Financial Statements or a Related Audit Report or Completed Interim Review As previously reported, on August 9, 2022, the management and the audit committee (the &#82"
1817760,2022-08-15,0001104659-22-091420,tm2223484-1_8k.htm,keep,"; The information included in Item 4.02 below is incorporated herein by reference. &#160; Item 4.02 Non-Reliance on Previously Issued Financial Statements or a Related Audit Report or Completed Interim Review. &#160; SmartKem, Inc. (the &#8220;Company&#8221;) has determined that it made certain erro"
724742,2022-08-17,0001104659-22-092238,tm2223747d1_8k.htm,keep,") of the Exchange Act.&#160;&#160; &#168; &#160;&#160; &#160; &#160; &#160; &#160; &#160; Item 4.02 Non-Reliance on Previously Issued Financial Statements or a Related Audit Report or Completed Interim Review. (a) On August 11, 2022, the management and the audit committee of the board of directors ("
1841761,2022-08-22,0001841761-22-000017,grov-20220819.htm,keep,"ded pursuant to Section&#160;13(a) of the Exchange Act.&#160;&#160; &#9744; &#160; &#160; Item 4.02 Non-Reliance on Previously Issued Financial Statements or a Related Audit Report or Completed Interim Review. Subsequent to the issuance of the unaudited condensed consolidated financial statements ("""
1909747,2022-08-29,0001171843-22-005839,f8k_082922.htm,keep,"ge in such a filing, except as expressly set forth by specific reference in that filing. Item 4.02. Non-Reliance on Previously Issued Financial Statements. In connection with the preparation of the Company's unaudited condensed consolidated financial statements for the three and six months ended Jun"
1834045,2022-09-13,0000950170-22-018410,vwe-20220912.htm,keep,"rsuant to Section 13(a) of the Exchange Act. &#9744; &#160; &#160; &#160; &#160; Item 4.02 &#x2014; Non-Reliance on Previously Issued Financial Statements or a Related Audit Report or Completed Interim Review On September 12, 2022, the Audit Committee of the Board of Directors (the &#x201c;Audit Com"
1823652,2022-09-29,0001554855-22-000542,evex-20220923.htm,keep,"0; &#9744; ITEM 4.02 &#160;&#160;&#160;&#160;&#160;&#160;&#160;&#160;&#160;&#160;&#160;&#160;&#160; Non-Reliance on Previously Issued Financial Statements or a Related Audit Report or Completed Interim Review &#160; In September 2022, in connection with the prepar ation o f an amendment to a registr"
1171155,2022-10-04,0000950170-22-019267,rlgt-20220928.htm,keep,dline set forth in the Form 12b-25 is due to the determination that certain of the Company&#x2019;s previously issued financial statements should be restated to correct historical errors related principally to the timing of the recognition of the Company&#x2019;s estimated accrual of in-transit reve
1815632,2022-10-19,0001654954-22-013871,tgcb_8ka.htm,keep,"nc. (the &#8220;Company&#8221;) that the financial statements for the period sending March 31, 2022 should no longer be relied upon. This Amendment restates the Company's position regarding the effect of the share-based compensation expense included in Original Filing. This Amendment does not amend "
1816017,2022-10-25,0000950170-22-020029,spir-20221020.htm,keep,the completed fiscal periods noted below is incorporated by reference in this Item 2.02. Item 4.02 Non-Reliance on Previously Issued Financial Statements or a Related Audit Report or Completed Interim Review. In connection with the preparation of the third quarter 2022 condensed consolidated financi
818479,2022-11-01,0001140361-22-039283,brhc10043485_8k.htm,keep,"ntangible assets impairment charge will be between $1.0 billion and $1.3 billion. &#160; Item 4.02. Non-Reliance on Previously Issued Financial Statements or a Related Audit Report or Completed Interim Review. &#160; Restatements of Three and Nine Months Ended September 30, 2021 and Fiscal Year Ende"
1353538,2022-11-08,0001628280-22-028963,apgt-20221108.htm,keep,"l accounting standards provided pursuant to Section 13(a) of the Exchange Act. &#9744; 1 Item 4.02. Non-Reliance on Previously Issued Financial Statements or a Related Audit Report or Completed Interim Review. (a) On November&#160;8, 2022 , the board of directors (the &#8220;Board&#8221;) of Appgate"
1786205,2022-11-09,0001193125-22-281337,d421011d8k.htm,keep,"ed pursuant to Section&#160;13(a) of the Exchange Act. &#9744; &#160; &#160; &#160; Item&#160;4.02. Non-Reliance on Previously Issued Financial Statements or a Related Audit Report or Completed Interim Review. In preparing its Quarterly Report on Form 10-Q for the period ended September&#160;30, 202"
1274737,2022-11-14,0001274737-22-000070,exdx-20221114.htm,keep,"g, except as shall be expressly set forth by specific reference in such a filing. Item 4.02 &#8211; Non-Reliance on Previously Issued Financial Statements or a Related Audit Report or Completed Interim Review. (a) On November 13, 2022, the Audit Committee (the &#8220;Audit Committee&#8221;) of the B"
1820566,2022-11-14,0001104659-22-117405,tm2230284d2_8k.htm,keep,"pursuant to Section 13(a) of the Exchange Act. &#168; &#160; &#160; &#160; &#160; &#160; Item 4.02 Non-Reliance on Previously Issued Financial Statements or a Related Audit Report or Completed Interim Review. &#160; On November 8, 2022, the Audit Committee (the &#8220;Audit Committee&#8221;) of the "
1861449,2022-11-14,0001861449-22-000214,brds-20221111.htm,keep,"cial accounting standards provided pursuant to Section 13(a) of the Exchange Act. &#9744; Item 4.02 Non-Reliance on Previously Issued Financial Statements or a Related Audit Report or Completed Interim Review. On November 11, 2022, the Audit Committee of the Board of Directors (the &#8220;Audit Comm"
1850502,2022-11-18,0001140361-22-042341,brhc10044401_8k.htm,keep,"ounting standards provided pursuant to Section 13(a) of the Exchange Act.&#160; &#x2610; Item 4.02. Non-Reliance on Previously Issued Financial Statements or a Related Audit Report or Completed Interim Review. &#160; On November 15, 2022, the audit committee of Enphys Acquisition Corp. (the ""Company"
1716166,2022-11-22,0001493152-22-033237,form8-k.htm,keep,".02 below. A copy of the press release is filed as Exhibit 99.1 to this Form 8-K. &#160; Item 4.02. Non-Reliance on Previously Issued Financial Statements or a Related Audit Report or Completed Interim Review. &#160; On November 18, 2022, the management and the Audit Committee of the Board of Direct"
1084267,2022-11-30,0001683168-22-008110,mobiquity_8k.htm,keep,". &#160; Section 4 &#8211; Matters Related to Accountants and Financial Statements &#160; Item 4.02 Non-Reliance on Previously Issued Financial Statements or a Related Audit Report or Completed Interim Review &#160; (a)(1) and (2)&#9;On November 28, 2022, the Audit Committee of Mobiquity Technologie"
1013706,2022-12-06,0001171843-22-007863,f8k_120522.htm,keep,"ards provided pursuant to Section 13(a) of the Exchange Act. &#9744; &#160; &#160; &#160; Item 4.02 Non-Reliance on Previously Issued Financial Statements or a Related Audit Report or Completed Interim Review &#160; Wilhelmina International, Inc. (&#8220;Wilhelmina&#8221; or the &#8220;Company&#8221"
1818502,2022-12-09,0001818502-22-000020,opfi-20221206.htm,keep,"ndition. The information included in Item 4.02 below is incorporated herein by reference. Item 4.02 Non-Reliance on Previously Issued Financial Statements or a Related Audit Report or Completed Interim Review. On December 6, 2022, the Audit Committee (the &#8220;Audit Committee&#8221;) of the Board "
793171,2022-12-16,0001493152-22-035733,form8-k.htm,keep,"to Section 13(a) of the Exchange Act. &#9744; &#160; &#160; &#160; &#160; &#160; &#160; Item 4.02. Non-Reliance on Previously Issued Financial Statements or a Related Audit Report or Completed Interim Review. &#160; On December 12, 2022, the management and the Board of Directors of Vitro Biopharma, "
1810140,2022-12-27,0001213900-22-082892,ea170694-8k_polished.htm,keep,ow in Item 8.01 is hereby incorporated by reference in this Item 4.01. &#160; Item 4.02.&#160;&#160;Non-Reliance on Previously Issued Financial Statements or a Related Audit Report or Completed Interim Review. &#160; The information set forth above in Item 4.01 and below in Item 8.01 is hereby incor
1419275,2023-01-20,0001185185-23-000056,ryvyl20230120_8k.htm,keep,pursuant to Section 13(a) of the Exchange Act. &#9744;&#160; &#160; &#160; &#160; &#160; Item 4.02. Non-Reliance on Previously Issued Financial Statements or a Related Audit Report or Completed Interim Review. &#160; Based on discussions between the audit committee (the &#8220;Audit Committee&#8221;
1007019,2023-01-25,0001493152-23-002481,form8-k.htm,keep,"The information included in Item 4.02 below is incorporated herein by reference. &#160; Item 4.02. Non-Reliance on Previously Issued Financial Statements or a Related Audit Report or Completed Interim Review. &#160; Coffee Holding Co., Inc., a Nevada corporation (the &#8220;Company&#8221;), has dete"
1178727,2023-01-27,0001213900-23-005707,ea172278-8k_comsove.htm,keep,"pursuant to Section 13(a) of the Exchange Act. &#9744; &#160; &#160; &#160; &#160; &#160; Item 4.02 Non-Reliance on Previously Issued Financial Statements or a Related Audit Report or Completed Interim Review. &#160; On January 25, 2023, management and the Audit Committee (the &#34;Committee&#34;) o"
1435508,2023-02-01,0001104659-23-009007,tm235096d1_8k.htm,keep,"nt to Section 13(a) of the Exchange Act. &#168; &#160; &#160; &#160; &#160; &#160; &#160; Item 4.02 Non-Reliance on Previously Issued Financial Statements or a Related Audit Report or Completed Interim Review. &#160; On January 27, 2023, the Audit Committee of the Board of Directors of First Savings"
1528849,2023-02-03,0001558370-23-000847,rh-20230201x8k.htm,keep,ted operating margin toward the higher end of the prior range of 21.5% to 22.0%. &#8203; Item 4.02. Non-Reliance on Previously Issued Financial Statements or a Related Audit Report or Completed Interim Review . During the preparation of our response to a comment letter (the &#8220;SEC Comment Letter
884219,2023-02-09,0000950170-23-002328,vvi-20230207.htm,keep,"t to Section 13(a) of the Exchange Act. &#9744; &#160; &#160; &#160; &#160; &#160; &#160; Item 4.02 Non-Reliance on Previously Issued Financial Statements or a Related Audit Report or Completed Interim Review. On February 7, 2023, pursuant to Item 4.02(a) of Form 8-K, the Audit Committee of the Boar"
1716583,2023-02-09,0001716583-23-000018,hyzn-20230209.htm,keep,"nied, the Company's securities will be subject to delisting on The Nasdaq Capital Market. Item 4.02 Non-Reliance on Previously Issued Financial Statements or a Related Audit Report or Completed Interim Review. On February 6, 2023, the Audit Committee of the Board of Directors (the &#8220;Board&#8221"
1286139,2023-02-17,0001286139-23-000005,lz-20230216.htm,keep,"unting standards provided pursuant to Section&#160;13(a) of the Exchange Act. &#9744; Item 4.02(a). Non-Reliance on Previously Issued Financial Statements or a Related Audit Report or Completed Interim Review. LegalZoom.com, Inc. (the &#8220;Company&#8221;) identified an error within its income tax "
1602078,2023-02-21,0001079973-23-000236,nmra_8k.htm,keep,"pursuant to Section 13(a) of the Exchange Act.&#160; &#9744; &#160; &#160; &#160; &#160; Item 4.02 Non-Reliance on Previously Issued Financial Statements or a Related Audit Report or Completed Interim Review. &#160; &#160; On February 17, 2023, the management and the Audit Committee of the Board of "
1866633,2023-02-22,0001866633-23-000004,ccs-20230222.htm,keep,22 and to file such annual report within 15 calendar days after its prescribed due date. Item 4.02. Non-Reliance on Previously Issued Financial Statements or a Related Audit Report or Completed Interim Review. During the preparation of its annual report on Form 10-K for the fiscal year ended Decembe
1261249,2023-02-27,0001558370-23-002116,agrx-20230223x8k.htm,keep,"unting standards provided pursuant to Section 13(a) of the Exchange Act. &#9744; &#8203; Item 4.02. Non-Reliance on Previously Issued Financial Statements or a Related Audit Report or Completed Interim Review. &#8203; Agile Therapeutics, Inc. (the &#8220;Company&#8221;) has determined that it incorr"
1880319,2023-02-28,0001880319-23-000023,prm-20230228.htm,keep,"cial accounting standards provided pursuant to Section 13(a) of the Exchange Act. &#9744; Item 4.02 Non-Reliance on Previously Issued Financial Statements or a Related Audit Report or Completed Interim Review. (a) On February 22, 2023, the audit committee of the Board of Directors (the &#8220;Audit "
1928446,2023-03-06,0001104659-23-028794,tm238552d1_8k.htm,keep,"rsuant to Section&#160;13(a)&#160;of the Exchange Act. &#168; &#160; &#160; &#160; &#160; Item 4.02 Non-Reliance on Previously Issued Financial Statements or a Related Audit Report or Completed Interim Review. &#160; On March&#160;3, 2023, the audit committee (the &#8220;Audit Committee&#8221;) of t"
1347652,2023-03-07,0001347652-23-000021,corr-20230303.htm,keep,"r the Exchange Act, except as expressly set forth by specific reference in such a filing. Item 4.02 Non-Reliance on Previously Issued Financial Statements or a Related Audit Report or Completed Interim Review. During the preparation of its audited financial statements for the fiscal year ended Decem"
1819493,2023-03-08,0001819493-23-000049,xos-20230308.htm,keep,"ial accounting standards provided pursuant to Section 13(a) of the Exchange Act. &#9744; Item 4.02. Non-Reliance on Previously Issued Financial Statements or a Related Audit Report or Completed Interim Review. On March 8,&#160;2023, the audit committee (the &#8220;Audit Committee&#8221;) of the Boar"
894158,2023-03-10,0001104659-23-031255,tm239041d1_8k.htm,keep,"Section 13(a) of the Exchange Act. &#168; &#160; &#160; &#160; &#160; &#160;&#160; Item&#160;4.02. Non-Reliance on Previously Issued Financial Statements or a Related Audit Report or Completed Interim Review. &#160; On March 8, 2023, the Audit Committee (the &#8220;Audit Committee&#8221;) of the Boa"
1391127,2023-03-13,0001193125-23-068486,d480494d8k.htm,keep,"nded, as of December&#160;31, 2022 nor as of the date of this Form&#160;8-K. &#160; Item&#160;4.02. Non-Reliance on Previously Issued Financial Statements or a Related Audit Report or Completed Interim Review On March&#160;8, 2023, management and the Audit Committee of the Board of Directors (the &#"
1784535,2023-03-14,0001558370-23-003732,prch-20230314x8k.htm,keep,"provided pursuant to Section 13(a) of the Exchange Act. &#9744; &#8203; &#8203; &#8203; Item 4.02. Non-Reliance on Previously Issued Financial Statements or a Related Audit Report or Completed Interim Review. &#8203; On March 14, 2023, Porch Group, Inc. (the &#8220;Company&#8221;) management and the"
1008654,2023-03-16,0001008654-23-000022,tup-20230312.htm,keep,cial accounting standards provided pursuant to Section 13(a) of the Exchange Act. &#9744; Item 4.02 Non-Reliance on Previously Issued Financial Statements or a Related Audit Report or Completed Interim Review During the financial year-end close process of Tupperware Brands Corporation (the &#8220;Co
1476963,2023-03-23,0001558370-23-004449,nhwk-20230317x8k.htm,keep,"60;13(a)&#160;of the Exchange Act.&#160;&#160; &#9744; &#8203; &#8203; &#8203; Item&#160;4.02 &#160;Non-Reliance on Previously Issued Financial Statements or a Related Audit Report or Completed Interim Review. On March 17, 2023, the Audit Committee (the &#8220;Audit Committee&#8221;) of the Board of"
1819253,2023-03-24,0001193125-23-079227,d475596d8k.htm,keep,"to Section&#160;13(a) of the Exchange Act.&#160;&#160; &#9744; &#160; &#160; &#160; Item&#160;4.02. Non-Reliance on Previously Issued Financial Statements or a Related Audit Report or Completed Interim Review. (a) On March&#160;24, 2023, the audit committee of the board of directors (the &#8220;Audi"
1819516,2023-03-31,0001819516-23-000020,up-20221109.htm,keep,"hree months and nine months ended September 30, 2022 (the &#8220;Prior Financial Statements&#8221;) should no longer be relied upon and are expected to be imminently restated by the Company. Item 2.02 Results of Operations and Financial Condition. The Company is filing this Amendment No. 1 to the Or"
1833214,2023-03-31,0001437749-23-008871,sabs20230330_8k.htm,keep,"ing, except as shall be expressly set forth by specific reference in such filing. &#xa0; Item 4.02. Non-Reliance on Previously Issued Financial Statements or a Related Audit Report or Completed Interim Review. &#xa0; On March 30, 2023, the&#xa0;audit committee (the &#8220;Audit Committee&#8221;) of "
1855474,2023-03-31,0001213900-23-025426,ea175943-8k_power2.htm,keep,"t to Section 13(a) of the Exchange Act. &#9744; &#160; &#160; &#160; &#160; &#160; &#160; Item 4.02 Non-Reliance on Previously Issued Financial Statements or a Related Audit Report or Completed Interim Review. &#160; On March 27, 2023, in connection with the preparation of year-end financial results"
1517006,2023-04-03,0000950103-23-005282,dp191799_8k.htm,keep,"to Section 13(a) of the Exchange Act. &#9746; &#160; &#160; &#160; &#160; &#160; &#160; Item 4.02. Non-Reliance on Previously Issued Financial Statements or a Related Audit Report or Completed Interim Review. &#160; On March 31, 2023, the Audit Committee of the Board of Directors of Gatos Silver, In"
1174940,2023-04-10,0001493152-23-011744,form8-k.htm,keep,"to Section 13(a) of the Exchange Act. &#9744; &#160; &#160; &#160; &#160; &#160; &#160; Item 4.02. Non-Reliance on Previously Issued Financial Statements or a Related Audit Report or Completed Interim Review. &#160; On April 4, 2023, the Audit Committee of the Board of Directors of Oragenics, Inc. ("
1907982,2023-04-17,0001140361-23-018682,brhc20051500_8k.htm,keep,"e information set forth under Item 4.02 is incorporated into this Item 2.02 by reference. Item 4.02 Non-Reliance on Previously Issued Financial Statements or a Related Audit Report or Completed Interim Review. On November 10, 2022, D-Wave Quantum Inc. (the &#8220; Company &#8221; or &#8220; D-Wave &"
862861,2023-04-21,0000950170-23-013865,jan-20230417.htm,keep,"&#160; &#160; Section 4 &#x2013; Matters Related to Accountants and Financial Statements Item 4.02 Non-Reliance on Previously Issued Financial Statements or a Related Audit Report or Completed Interim Review. &#160; Restatement Background On April 17, 2023, JanOne Inc.&#x2019;s (the &#x201c;Company&"
77281,2023-05-10,0001193125-23-139585,d423362d8k.htm,keep,"t to Section&#160;13(a) of the Exchange Act.&#160;&#160;&#9744; &#160; &#160; &#160; Item&#160;4.02 Non-Reliance on Previously Issued Financial Statements or a Related Audit Report or Completed Interim Review. On May&#160;4, 2023, management and the chair of the audit committee of the Board of Trust"
1737927,2023-05-10,0001193125-23-140783,d481837d8k.htm,keep,t to Section&#160;13(a) of the Exchange Act.&#160;&#160;&#9744; &#160; &#160; &#160; Item&#160;4.02 Non-Reliance on Previously Issued Financial Statements or a Related Audit Report or Completed Interim Review. In connection with the preparation of Canopy Growth Corporation's (the &#8220; Company &#8
1357971,2023-05-15,0000943374-23-000191,form8k_051523.htm,keep,"ccounting standards provided pursuant to Section 13(a) of the Exchange Act. &#9744; Item 4.02&#160; Non-Reliance on Previously Issued Financial Statements or a Related Audit Report or Completed Interim Review &#160; On May 12, 2023, the audit committee of the Board of Directors of Energy Services of"
1725516,2023-06-01,0001493152-23-019799,form8-k.htm,keep,"controls in an effort to prevent such misstatements from occurring in the future. &#160; Item 4.02 Non-Reliance on Previously Issued Financial Statements or a Related Audit Report or Completed Interim Review. &#160; On March 3, 2023, we filed a Current Report on a First Amended Form 8-K/A, including"
768216,2023-06-02,0001213900-23-045375,ea179577-8k_logicquest.htm,keep,"ection 13(a) of the Exchange Act.&#160; &#9746; &#160; &#160; &#160; &#160; &#160; &#160; Item 4.02 Non-Reliance on Previously Issued Financial Statements or a Related Audit Report or Completed Interim Review. &#160; On May 22, 2023, Logicquest Technology, Inc. (the &#8220;Company&#8221;) filed its "
50292,2023-06-09,0001174947-23-000850,form8k-30353_ieh.htm,keep,"ards provided pursuant to Section 13(a) of the Exchange Act. &#9744; &#160; &#160; &#160; Item 4.02 Non-Reliance on Previously Issued Financial Statements or a Related Audit Report or Completed Interim Review. &#160; On October 6, 2020, IEH Corporation's (the &#8220;Company&#8221;) management, the A"
1703056,2023-07-10,0001703056-23-000140,adt-20230703.htm,keep,"t&#8221; and &#8220;Controls and Procedures,&#8221; are incorporated herein by reference. Item 4.02 Non-Reliance on Previously Issued Financial Statements or a Related Audit Report or Completed Interim Review. (a) In connection with the preparation of our second quarter 2023 condensed consolidated f"
88948,2023-07-25,0001437749-23-020617,senea20230718_8k.htm,keep,"d pursuant to Section 13(a) of the Exchange Act.&#xa0;&#9744; &#xa0; &#xa0; &#xa0; &#xa0; Item 4.02 Non-Reliance on Previously Issued Financial Statements or a Related Audit Report or Completed Interim Review. &#xa0; On July 19, 2023, the Audit Committee of Seneca Foods Corporation (the &#8220;Compa"
1582961,2023-08-03,0001582961-23-000028,docn-20230728.htm,keep,"hange Act, except as shall be expressly set forth by specific reference in such a filing. Item 4.02 Non-Reliance on Previously Issued Financial Statements or a Related Audit Report or Completed Interim Review. On July 28, 2023, the Audit Committee (the &#8220;Audit Committee&#8221;) of the Board of "
1083446,2023-08-07,0001104659-23-088394,tm2323017d1_8k.htm,keep,"of the Exchange Act.&#160; &#168; &#160; &#160; &#160; &#160; &#160; &#160; &#160; &#160; Item 4.02 Non-Reliance on Previously Issued Financial Statements or a Related Audit Report or Completed Interim Review. &#160; Restatement of Historical Financial Results &#160; On August 4, 2023, the Audit Com"
1921963,2023-08-08,0001921963-23-000008,formxnonxrelianceonpreviou.htm,keep,"information set forth under Item 4.02 is incorporated into this Item 2.02 by reference. ITEM 4.02. Non-Reliance on Previously Filed Financial Statements or a Related Audit Report or Completed Interim Review. On August 3, 2023, the Audit Committee of the Board of Directors of Atmus Filtration Technol"
1853825,2023-08-15,0001493152-23-029018,form8-k.htm,keep,"ered pursuant to Section 12(b) of the Act: None &#160; &#160; &#160; &#160; &#160; &#160; Item 4.02 Non-Reliance on Previously Issued Financial Statements or a Related Audit Report or Completed Interim Review. &#160; On August 9, 2023, the Board of Directors (the &#8220;Board&#8221;) of Thumzup Medi"
1701758,2023-08-16,0001628280-23-029668,love-20230815.htm,keep,"4.02 of this Current Report on Form 8-K is incorporated by reference into this Item 2.02. Item 4.02 Non-Reliance on Previously Issued Financial Statements or a Related Audit Report or Completed Interim Review. In June 2023, the Audit Committee (the &#8220;Audit Committee&#8221;) of the Board of Dire"
69633,2023-08-18,0001558370-23-015099,nssc-20230814x8k.htm,keep,"ent are qualified in their entirety by this cautionary statement. Item&#160;4.02. &#160;&#160;&#160;NON-RELIANCE ON PREVIOUSLY ISSUED FINANCIAL STATEMENTS OR A RELATED AUDIT REPORT OR COMPLETED INTERIM REVIEW. On August 14, 2023, the Audit Committee of the Board of Directors of the Company, conclude"
1612630,2023-09-06,0001171843-23-005590,f8k_090623.htm,keep,"the Exchange Act, except as expressly set forth by specific reference in such a filing. Item 4.02. Non-Reliance on Previously Issued Financial Statements or a Related Audit Report or Completed Interim Review. (a)&#160;&#160;&#160;&#160;&#160;&#160;&#160; On August 30, 2023, the Chief Financial Offic"
1826671,2023-10-05,0001013762-23-002164,ea186362-8k_nearintell.htm,keep,"ovided pursuant to Section 13(a) of the Exchange Act. &#9744; &#160; &#160; &#160; &#160; Item 4.02 Non-Reliance on Previously Issued Financial Statements or a Related Audit Report or Completed Interim Review. &#160; On October 1, 2023, the Board of Directors (the &#8220; Board &#8221;) of Near Inte"
1823587,2023-10-10,0001437749-23-027984,ysac20231009_8k.htm,keep,"ursuant to Section 13(a) of the Exchange Act. &#9744; &#xa0; &#xa0; &#xa0; &#xa0; &#xa0; Item 4.02. Non-Reliance on Previously Issued Financial Statements or a Related Audit Report or Completed Interim Review. &#xa0; On October 10, 2023, management and the audit committee (the &#8220;Audit Committee"
1141197,2023-10-16,0001654954-23-012930,ped_8k.htm,keep,"vided pursuant to Section 13(a) of the Exchange Act. &#9744; &#160; &#160; &#160; &#160; Item 4.02. Non-Reliance on Previously Issued Financial Statements or a Related Audit Report or Completed Interim Review. &#160; On October 13, 2023, the Audit Committee (the &#8220; Audit Committee &#8221;) of t"
867773,2023-10-24,0000867773-23-000089,spwr-20231018.htm,keep,"ial accounting standards provided pursuant to Section 13(a) of the Exchange Act. &#9744; Item 4.02. Non-Reliance on Previously Issued Financial Statements or a Related Audit Report or Completed Interim Reviews. On October 19, 2023, the Audit Committee (the &#8220;Audit Committee&#8221;) of the Board"
1098146,2023-10-30,0001628280-23-035514,pnbk-20231025.htm,keep,"standards provided pursuant to Section 13(a) of the Exchange Act. &#9744; &#160; &#160; Item 4.02. Non-Reliance on Previously Issued Financial Statements or a Related Audit Report or Completed Interim Review. On October 25, 2023, the Audit Committee (the &#8220;Audit Committee&#8221;) of the Board o"
842717,2023-10-31,0000950170-23-056900,brbs-20231030.htm,keep,"standards provided pursuant to Section 13(a) of the Exchange Act. &#9744; &#160; &#160; Item 4.02. Non-Reliance on Previously Issued Financial Statements or a Related Audit Report or Completed Interim Review. &#160; On October 30, 2023, management of Blue Ridge Bankshares, Inc. (the &#x201c;Company&"
1620459,2023-11-08,0001620459-23-000124,jrvr-20231107.htm,keep,"s Act of 1933, as amended, or the Exchange Act unless specifically stated by the Company. Item 4.02 Non-Reliance on Previously Issued Financial Statements or a Related Audit Report or Completed Interim Review. (a) In preparing its Quarterly Report on Form 10-Q for the period ended September 30, 2023"
1839132,2023-11-14,0001628280-23-038740,mvla-20231110.htm,keep,"cial accounting standards provided pursuant to Section 13(a) of the Exchange Act. &#9744; Item 4.02 Non-Reliance on Previously Issued Financial Statements or a Related Audit Report or Completed Interim Review. On November 10, 2023, management of Movella Holdings Inc. (the &#8220;Company&#8221;) conc"
1130166,2023-11-15,0001104659-23-118751,tm2330847d1_8k.htm,keep,"0;13(a) of the Exchange Act.&#160;&#160; &#168; &#160; &#160; &#160; &#160; &#160; &#160; Item 4.02 Non-Reliance on Previously Issued Financial Statements or a Related Audit Report or Completed Interim Review. &#160; Restatement of Historical Financial Results &#160; On November 14, 2023, the Audit "
1743745,2023-11-15,0001743745-23-000072,gnln-20231110.htm,keep,"cial accounting standards provided pursuant to Section 13(a) of the Exchange Act. &#9745; Item 4.02 Non-Reliance On Previously Issued Financial Statements Or A Related Audit Report Or Completed Interim Review. On November 10, 2023, the Audit Committee of the Board of Directors (the &#8220;Audit Comm"
1823857,2023-11-22,0001493152-23-042517,form8-k.htm,keep,"to Section 13(a) of the Exchange Act. &#9744; &#160; &#160; &#160; &#160; &#160; &#160; Item 4.02. Non-Reliance on Previously Issued Financial Statements or a Related Audit Report or Completed Interim Review. &#160; On November 16, 2023, Viveon Health Acquisition Corp.'s (the &#8220;Company&#8221;) "
1450335,2023-12-05,0001654954-23-015163,cigf7_8k-a.htm,keep,". &#160; Section 4 &#8211; Matters Related to Accountants and Financial Statements &#160; Item 4.02 Non-Reliance on Previously Issued Financial Statements or a Related Audit Report or Completed Interim Review. &#160; On November 27, 2023, the General Partner of Commonwealth Income & Growth Fund VII,"
1852407,2023-12-14,0001213900-23-095673,ea190069-8k425_fintech.htm,keep,"t to Section 13(a) of the Exchange Act. &#9744; &#160; &#160; &#160; &#160; &#160; &#160; Item 4.02 Non-Reliance on Previously Issued Financial Statements or a Related Audit Report or Completed Interim Review. &#160; On December 9, 2023, the Audit Committee of the Board of Directors (the &#8220;Audi"
1035092,2023-12-18,0001628280-23-041716,shbi-20231213.htm,keep,"financial accounting standards provided pursuant to Section 13(a) of the Exchange Act. o Item 4.02 Non-Reliance on Previously Issued Financial Statements or a Related Audit Report or Completed Interim Review. On December 13, 2023, the Audit Committee (the &#8220;Audit Committee&#8221;) of the Board "
1162461,2023-12-21,0001628280-23-042507,cutr-20231221.htm,keep,"d financial accounting standards provided pursuant to Section 13(a) of the Exchange Act. Item 4.02. Non-Reliance on Previously Issued Financial Statements or a Related Audit Report or Completed Interim Review. In preparing its Quarterly Report on Form 10-Q for the period ended September 30, 2023, ma"
1552033,2024-01-08,0001552033-24-000003,ck0001552033-20240106.htm,keep,"cial accounting standards provided pursuant to Section 13(a) of the Exchange Act. &#9744; Item 4.02 Non-Reliance on Previously Issued Financial Statements or a Related Audit Report or Completed Interim Review. (a) On January 6, 2024, the Audit Committee of TransUnion's (the &#8220;Company&#8221;) Bo"
1792941,2024-01-16,0001493152-24-002459,form8-k.htm,keep,"to Section 13(a) of the Exchange Act. &#9744; &#160; &#160; &#160; &#160; &#160; &#160; Item 4.02. Non-Reliance on Previously Issued Financial Statements or a Related Audit Report or Completed Interim Review. &#160; On January 9, 2024, the independent certifying accountant of Genvor Incorporated (th"
1599407,2024-02-09,0001213900-24-012075,ea193213-8k_1847hold.htm,keep,"ursuant to Section 13(a) of the Exchange Act. &#9744; &#160; &#160; &#160; &#160; &#160; Item 4.02. Non-Reliance on Previously Issued Financial Statements or a Related Audit Report or Completed Interim Review &#160; On February 2, 2024, the Audit Committee of the Board of Directors of 1847 Holdings "
1620533,2024-02-15,0001104659-24-024341,tm246330d1_8k.htm,keep,Section 13(a) of the Exchange Act. &#168; &#160; &#160; &#160; &#160; &#160; &#160;&#160; Item 4.02 Non-Reliance on Previously Issued Financial Statements or a Related Audit Report or Completed Interim Review. &#160; In connection with the preparation of Shake Shack Inc.'s (&#8220;Shake Shack&#8221;
1643154,2024-02-16,0000950170-24-016396,ithuf-20240213.htm,keep,"counting standards provided pursuant to Section 13(a) of the Exchange Act. &#9744; &#160; Item 4.02 Non-Reliance on Previously Issued Financial Statements or a Related Audit Report or Completed Interim Review. In connection with the preparation by iAnthus Capital Holdings, Inc. (the &#8220;Company&#"
912593,2024-02-20,0000912593-24-000066,sui-20240215.htm,keep,"ed"" for purposes of the Securities Exchange Act of 1934, as amended (the ""Exchange Act""). Item 4.02 Non-Reliance on Previously Issued Financial Statements or a Related Audit Report or Completed Interim Review (a)&#160;&#160;&#160;&#160;In 2022, the Company acquired a portfolio of holiday park proper"
1683252,2024-02-27,0001477932-24-000918,token_8k.htm,keep,"pursuant to Section 13(a) of the Exchange Act. &#9744; &#160; &#160; &#160; &#160; &#160; Item 4.02 Non-Reliance on Previously Issued Financial Statements or a Related Audit Report or Completed Interim Review. &#160; On February 23, 2024, the Board of Directors of Token Communities, Ltd. (the &#8220"
1592057,2024-03-05,0001592057-24-000022,eva-20240229.htm,keep,"d financial accounting standards provided pursuant to Section 13(a) of the Exchange Act. Item 4.02. Non-Reliance on Previously Issued Financial Statements or a Related Audit Report or Completed Interim Review. On February 29, 2024, the management of Enviva Inc. (the &#8220; Company &#8221;) and its "
1891101,2024-03-06,0001140361-24-011734,ef20023446_8k.htm,keep,"cial accounting standards provided pursuant to Section 13(a) of the Exchange Act. &#9744; Item 4.02 Non-Reliance on Previously Issued Financial Statements or a Related Audit Report or Completed Interim Review. On March 6, 2024, the Audit Committee of the Board of Directors (the &#8220;Audit Committe"
1036262,2024-03-12,0001437749-24-007466,intt20240311_8k.htm,keep,"under the Securities Act. &#160; Item 4.02. &#160;&#160;&#160;&#160;&#160;&#160;&#160;&#160;&#160; Non-Reliance on Previously Issued Financial Statements or a Related Audit Report or Completed Interim Review. &#160; On March 8, 2024, the Board of Directors (the ""Board"") of the Company, after consult"
1803914,2024-03-12,0001803914-24-000005,ply-20240311.htm,keep,"ds provided pursuant to Section 13(a) of the Exchange Act. &#9744; Item 4.02&#160;&#160;&#160;&#160;Non-Reliance on Previously Issued Financial Statements or a Related Audit Report or Completed Interim Review. On March 11, 2024, PLBY Group, Inc. (the &#8220;Company&#8221;), in consultation with the "
726601,2024-03-13,0001171200-24-000040,i24108_ccbg-8k.htm,keep,"Act. &#9744; &#160; &#160; &#160; CAPITAL CITY BANK GROUP, INC. FORM 8-K CURRENT REPORT Item 4.02. Non-Reliance on Previously Issued Financial Statements or a Related Audit Report or Completed Interim Review. In connection with the preparation of Capital City Bank Group, Inc.'s (the &#8220;Company&#"
1819395,2024-03-15,0001819395-24-000015,son-20240314.htm,keep,"under Item 4.02 is incorporated into this Item 2.06 by reference. Item 4.02&#160;&#160;&#160;&#160;Non-Reliance on Previously Issued Financial Statements or a Related Audit Report or Completed Interim Review On March 14, 2024, the Audit Committee (the &#8220;Audit Committee&#8221;) of the Board of D"
1871149,2024-03-18,0001193125-24-070176,d784582d8k.htm,keep,"rovided pursuant to Section 13(a) of the Exchange Act. &#9746; &#160; &#160; &#160; Item&#8201;4.02 Non-Reliance on Previously Issued Financial Statements or a Related Audit Report or Completed Interim Review. On March&#160;15, 2024, the audit committee and the board of directors of The Real Good Fo"
1463361,2024-03-20,0000950170-24-034175,ubx-20240319.htm,keep,"counting standards provided pursuant to Section 13(a) of the Exchange Act. &#9744; &#160; Item 4.02 Non-Reliance on Previously Issued Financial Statements or a Related Audit Report or Completed Interim Review. On March 19, 2024, the Audit Committee (the &#8220;Audit Committee&#8221;) of the Board of"
1089872,2024-03-27,0001140361-24-015659,ef20025364_form8k.htm,keep,"ge Act, except as shall be expressly set forth by specific reference in any such filing. Item 4.02. Non-Reliance on Previously Issued Financial Statements or a Related Audit Report or Completed Interim Review. The restatements described below have been incorporated in the information contained in th"
1621672,2024-03-27,0001437749-24-009632,slgg20240326_8k.htm,keep,"eference in such a filing. &#160; Item 4.02. &#160;&#160;&#160;&#160;&#160;&#160;&#160;&#160;&#160; Non-Reliance on Previously Issued Financial Statements or a Related Audit Report or Completed Interim Review. &#160; On March 26, 2024, the Audit Committee of the Board of Directors of the Company (th"
1785424,2024-04-02,0001628280-24-014384,kplt-20240401.htm,keep,"counting standards provided pursuant to Section 13(a) of the Exchange Act. &#9744; &#160; Item 4.02 Non-Reliance on Previously Issued Financial Statements or a Related Audit Report or Completed Interim Review. On April 1, 2024, during the preparation of Katapult Holdings, Inc.'s (the &#8220;Company&"
1774170,2024-04-05,0001493152-24-013385,form8-k.htm,keep,"liance with the other continued listing requirements of The Nasdaq Global Market. &#160; Item 4.02. Non-Reliance on Previously Issued Financial Statements or a Related Audit Report or Completed Interim Review. &#160; On April 5, 2024, the audit committee of the board of directors of the Company (the"
1355848,2024-04-09,0001355848-24-000049,toon-20240403.htm,keep,"financial accounting standards provided pursuant to Section 13(a) of the Exchange Act. o Item 4.02 Non-Reliance on Previously Issued Financial Statements or a Related Audit Report or Completed Interim Review. (a) ) On April 3, 2024, the audit committee (the &#8220; Audit Committee &#8221;) of the bo"
1460602,2024-04-15,0001493152-24-014646,form8-k.htm,keep,"t to Section 13(a) of the Exchange Act. &#9744; &#160; &#160; &#160; &#160; &#160; &#160; Item 4.02 Non-Reliance on Previously Issued Financial Statements or a Related Audit Report or Completed Interim Review. &#160; On April 10, 2024, Orgenesis Inc. (the &#8220;Company&#8221;), in consultation with"
1873441,2024-04-15,0001213900-24-033042,ea0203880-8k425_block1.htm,keep,t to Section 13(a) of the Exchange Act. &#9744; &#160; &#160; &#160; &#160; &#160; &#160; Item 4.02 Non-Reliance on Previously Issued Financial Statements or a Related Audit Report or Completed Interim Review. &#160; In connection with the preparation of the consolidated financial statements for Blo
1610618,2024-04-16,0001610618-24-000035,cdtx-20240411.htm,keep,"we,&#8221; &#8220;us&#8221; and &#8220;our&#8221; refer to Cidara Therapeutics, Inc. Item&#160;4.02 Non-Reliance on Previously Issued Financial Statements or a Related Audit Report or Completed Interim Review. On April 11 and April 15, 2024, the Audit Committee of the Board of Directors of the Compa"
1896212,2024-04-16,0001493152-24-014883,form8-k.htm,keep,"to Section 13(a) of the Exchange Act. &#9744; &#160; &#160; &#160; &#160; &#160; &#160; Item 4.02. Non-Reliance on Previously Issued Financial Statements or a Related Audit Report or Completed Interim Review. &#160; On April 11, 2024, Conduit Pharmaceuticals Inc. (the &#8220; Company &#8221;) determ"
1735948,2024-04-19,0001104659-24-049181,tm2412268d1_8k.htm,keep,&#160; The information provided in Item 1.01 is incorporated by reference herein. &#160; Item 4.02 Non-Reliance on Previously Issued Financial Statements or a Related Audit Report or Completed Interim Review. &#160; (a)&#160;&#8239;&#8239;&#8239;&#8239;&#8239;&#8239;&#8239;&#8239;&#8239;&#8239;&#823
1019034,2024-04-22,0001437749-24-012736,bkyi20240422_8k.htm,keep,"icable and regain compliance with Nasdaq's continued listing requirements. &#160; Item &#160; 4.02. Non-Reliance on Previously Issued Financial Statements or a Related Audit Report or Completed Interim Review. &#160; On April 16, 2024, the Audit Committee (the &#8220; Audit Committee &#8221;) of the"
1798270,2024-04-26,0001104659-24-053019,tm2412683d1_8k.htm,keep,"nt to Section 13(a) of the Exchange Act. &#168; &#160; &#160; &#160; &#160; &#160; &#160; Item 4.02 Non-Reliance on Previously Issued Financial Statements or a Related Audit Report or Completed Interim Review. &#160; On April 24, 2024, the Board of Directors (the &#8220;Board&#8221;) of Assure Holdi"
1782754,2024-05-08,0001628280-24-021666,azek-20240507.htm,keep,"amended, except as shall be expressly set forth by specific reference in such a filing. Item 4.02. Non-Reliance on Previously Issued Financial Statements or a Related Audit Report or Completed Interim Review. In connection with the preparation of its unaudited condensed consolidated financial statem"
1967306,2024-05-15,0001558370-24-008247,tmb-20240514x8k.htm,keep,"pursuant to Section&#160;13(a)&#160;of the Exchange Act. &#9744; &#8203; &#8203; &#8203; Item 4. 02 Non-Reliance on Previously Issued Financial Statements or a Related Audit &#160; Report or Completed Interim Review &#8203; On May 14, 2024, the audit committee of the Board of Directors of Mercer Ban"
1866838,2024-05-17,0001213900-24-044508,ea0206356-8k_inception.htm,keep,#160; IGTAR &#160; The Nasdaq Stock Market LLC &#160; &#160; &#160; &#160; &#160; &#160; Item 4.02. Non-Reliance on Previously Issued Financial Statements or a Related Audit Report or Completed Interim Review. &#160; In connection with the preparation of the financial statements for Inception Growth
714712,2024-05-21,0001558370-24-008533,juvf-20240517x8k.htm,keep,"&#8203; &#8203; Juniata Valley Financial Corp. Current Report on Form 8-K &#8203; &#8203; Item 4.02 Non-Reliance on Previously Issued Financial Statements or a Related Audit Report or Completed Interim Review &#8203; On May 17, 2024, the Audit Committee (the &#8220;Audit Committee&#8221;) of the Boa"
1779474,2024-05-24,0001779474-24-000021,maps-20240520.htm,keep,"as expressly set forth by specific reference in such a filing. Item 4.02(a)&#160;&#160;&#160;&#160;Non-Reliance on Previously Issued Financial Statements or a Related Audit Report or Completed Interim Review. In connection with the preparation of WM Technology, Inc.'s (the &#8220;Company&#8221;) con"
709283,2024-05-29,0001193125-24-149195,d836470d8k.htm,keep,1.01 of this Current Report on Form 8-K is incorporated herein by reference. &#160; Item&#8201;4.02 Non-Reliance on Previously Issued Financial Statements or Related Audit Report or Completed Interim Review. The Company has completed a major step in the process of regaining compliance with its finan
1812360,2024-06-04,0001213900-24-049610,ea0207221-8k_foxotech.htm,keep,"t to Section 13(a) of the Exchange Act. &#9744; &#160; &#160; &#160; &#160; &#160; &#160; Item 4.02 Non-Reliance on Previously Issued Financial Statements or a Related Audit Report or Completed Interim Review. &#160; On May 30, 2024, the board of directors (the &#8220; Board &#8221;) of the Company "
1832161,2024-06-25,0001493152-24-025074,form8-k.htm,keep,"t to Section 13(a) of the Exchange Act. &#9744; &#160; &#160; &#160; &#160; &#160; &#160; Item 4.02 Non-Reliance on Previously Issued Financial Statements or a Related Audit Report or Completed Interim Review. &#160; June 30, 2022 Consolidated Financial Statements &#160; As previously disclosed in t"
1042893,2024-07-08,0000950170-24-082091,drq-20240708.htm,keep,"ation set forth under Item 4.02 is incorporated into this Item 2.02 by reference. &#160; Item 4.02. Non-Reliance on Previously Issued Financial Statements or a Related Audit Report or Completed Interim Review. Dril-Quip, Inc. (the &#8220;Company&#8221; or &#8220;we&#8221;) received comment letters f"
1553404,2024-07-08,0001213900-24-059681,ea0209071-8k_pacific.htm,keep,"Section 13(a) of the Exchange Act. &#9744; &#160; &#160; &#160; &#160; &#160; &#160; Item 4.02(a). Non-Reliance on Previously Issued Financial Statements or a Related Audit Report or Completed Interim Review &#160; a. On July 3, 2024, the Audit Committee of the Board of Directors (the &#8220;Audit C"
1757499,2024-07-16,0001493152-24-028031,form8-k.htm,keep,"t to Section 13(a) of the Exchange Act. &#9744; &#160; &#160; &#160; &#160; &#160; &#160; Item 4.02 Non-Reliance On Previously Issued Financial Statements Or A Related Audit Report Or Completed Interim Review. &#160; As previously disclosed in the Shuttle Pharmaceuticals Holdings, Inc. (the &#8220;C"
1531978,2024-07-30,0001104659-24-084012,tm2420257d2_8k.htm,keep,"ading &#8220;Controls and Procedures&#8221;, are incorporated herein by reference. &#160; Item 4.02 Non-Reliance on Previously Issued Financial Statements or a Related Audit Report or Completed Interim Review. &#160; On July&#160;30, 2024, the Audit Committee of the Board of Directors (the &#8220;Au"
1865506,2024-08-02,0001213900-24-064742,ea0210518-8k_zeoenergy.htm,keep,"to Section 13(a) of the Exchange Act. &#9744; &#160; &#160; &#160; &#160; &#160; &#160; Item 4.02. Non-Reliance on Previously Issued Financial Statements or a Related Audit Report or Completed Interim Review. &#160; On July 29, 2024, the audit committee of the board of directors of Zeo Energy Corp. "
1893311,2024-08-09,0001829126-24-005363,luxurban_8k.htm,keep,"#160; The Nasdaq Stock Market LLC &#160; &#160; &#160; &#160; &#160; &#160; &#160; &#160; Item 4.02 Non-Reliance on Previously Issued Financial Statements or a Related Audit Report or Completed Interim Review. &#160; On August 9, 2024, the Chief Financial Officer of LuxUrban Hotels Inc. (&#8220;Comp"
1758009,2024-08-12,0001213900-24-067742,ea0211035-8k_quantum.htm,keep,"t to Section 13(a) of the Exchange Act. &#9744; &#160; &#160; &#160; &#160; &#160; &#160; Item 4.02 Non-Reliance On Previously Issued Financial Statements Or A Related Audit Report Or Completed Interim Review. &#160; As previously disclosed in the Quantum Computing Inc. (the &#8220;Company&#8221;, &"
1527728,2024-08-19,0001731122-24-001283,e5891_8-k.htm,keep,"pursuant to Section 13(a) of the Exchange Act.&#160; &#9744; &#160; &#160; &#160; &#160; Item 4.02 Non-Reliance on Previously Issued Financial Statements or a Related Audit Report or Completed Interim Review. &#160; On August 14, 2024, the Audit Committee of the Board of Directors of the Company, ba"
1879814,2024-08-19,0001104659-24-090895,tm2421982d1_8k.htm,keep,pursuant to Section 13(a) of the Exchange Act. &#168; &#160; &#160; &#160; &#160; &#160; Item 4.02. Non-Reliance on Previously Issued Financial Statements or a Related Audit Report or Completed Interim Review. &#160; In connection with the preparation of the financial statements of TLGY Acquisition 
1870143,2024-08-26,0001213900-24-072582,ea0212223-8k_percep4.htm,keep,to Section 13(a) of the Exchange Act. &#9744; &#160; &#160; &#160; &#160; &#160; &#160; Item 4.02. Non-Reliance on Previously Issued Financial Statements or a Related Audit Report or Completed Interim Review. &#160; In connection with the preparation of the financial statements of Perception Capital
1083743,2024-09-05,0001493152-24-035146,form8-k.htm,keep,"t to Section 13(a) of the Exchange Act. &#9744; &#160; &#160; &#160; &#160; &#160; &#160; Item 4.02 Non-Reliance on Previously Issued Financial Statements or a Related Audit Report or Completed Interim Review. &#160; (a) On August 30, 2024, the Board of Directors of Flux Power Holdings, Inc. (the &#"
730272,2024-09-18,0001193125-24-221406,d886256d8k.htm,keep,"nge Act, except as expressly set forth by specific reference in such filing. &#160; Item&#8201;4.02 Non-Reliance on Previously Issued Financial Statements or a Related Audit Report or Completed Interim Review. (a) On September&#160;12, 2024, the Audit Committee of the Board of Directors of Repligen "
1807887,2024-09-23,0001493152-24-037825,form8-k.htm,keep,"t to Section 13(a) of the Exchange Act. &#9746; &#160; &#160; &#160; &#160; &#160; &#160; Item 4.02 Non-Reliance On Previously Issued Financial Statements Or A Related Audit Report Or Completed Interim Review. &#160; On August 21, 2024, the Audit Committee of the Board of Directors (the &#8220;Audit"
1632127,2024-09-24,0001632127-24-000117,cabo-20240923.htm,keep,"information appearing below under Item 4.02 refers to certain financial statements that the Company intends to restate. The restatement is not expected to affect the Company's previously reported revenues, capital expenditures, cash flows from operating activities or Adjusted EBITDA. Item 4.02 Non-R"
1117057,2024-09-30,0001213900-24-082947,ea0215464-8k_planet.htm,keep,"to Section 13(a) of the Exchange Act. &#9744; &#160; &#160; &#160; &#160; &#160; &#160; Item 4.02. Non-Reliance on Previously Issued Financial Statements or a Related Audit Report or Completed Interim Review. &#160; On September 30, 2024, Planet Green Holdings Corp. (the &#8220;Company&#8221;) deter"
352825,2024-10-08,0000352825-24-000197,fstr-20241007.htm,keep,cial accounting standards provided pursuant to Section 13(a) of the Exchange Act. &#9744; Item 4.02 Non-Reliance on Previously Issued Financial Statements or a Related Audit Report or Completed Interim Review. (a) In light of recent comments issued by the staff of the U.S. Securities and Exchange Co
1438943,2024-10-15,0001493152-24-041058,form8-k.htm,keep,"t to Section 13(a) of the Exchange Act. &#9744; &#160; &#160; &#160; &#160; &#160; &#160; Item 4.02 Non-Reliance on Previously Issued Financial Statements or a Related Audit Report or Completed Interim Review &#160; On August 7, 2024, the Audit Committee of the Board of Directors of Range Impact, In"
1880613,2024-10-15,0001104659-24-108648,tm2426201d1_8k.htm,keep,"the financial covenants under the Credit Agreement, effective as of June 30, 2024. &#160; Item 4.02 Non-Reliance on Previously Issued Financial Statements or a Related Audit Report or Completed Interim Review. &#160; On October 14, 2024, the Audit Committee of the Board of Directors (the &#8220; Aud"
1620280,2024-10-31,0001104659-24-112863,tm2427044d1_8k.htm,keep,";99.1 and is incorporated herein solely for purposes of this Item 2.02 disclosure. &#160; Item 4.02 Non-Reliance on Previously Issued Financial Statements or a Related Audit Report or Completed Interim Review &#160; During the third quarter of 2023, the Company recorded a goodwill impairment and rel"
2006986,2024-11-01,0001558370-24-014144,adgm-20241101x8k.htm,keep,";13(a)&#160;of the Exchange Act. &#9744; &#8203; &#8203; &#8203; &#8203; &#8203; &#8203; Item 4.02. Non-Reliance on Previously Issued Financial Statements or a Related Audit Report or Completed Interim Review. &#8203; (a) On November 1, 2024, the audit committee (the &#8220;Audit Committee&#8221;) o"
1855457,2024-11-12,0001855457-24-000076,kore-20241111.htm,keep,"ded pursuant to Section 13(a) of the Exchange Act.&#160; o Item&#8201;4.02.&#160;&#160;&#160;&#160; Non-Reliance on Previously Issued Financial Statements or a Related Audit Report or Completed Interim Review. On November 11, 2024, during the preparation of KORE Group Holdings, Inc.'s (the &#8220;Co"
8504,2024-11-13,0001493152-24-044957,form8-k.htm,keep,"t to Section 13(a) of the Exchange Act. &#9744; &#160; &#160; &#160; &#160; &#160; &#160; Item 4.02 Non-Reliance on Previously Issued Financial Statements or a Related Audit Report or Completed Interim Review &#160; On November 7, 2024, the Audit Committee of the Board of Directors and the Board of "
1415311,2024-11-18,0001193125-24-260981,d895377d8k.htm,keep,"rovided pursuant to Section 13(a) of the Exchange Act. &#9744; &#160; &#160; &#160; Item&#8201;4.02 Non-Reliance on Previously Issued Financial Statements or a Related Audit Report or Completed Interim Review During the preparation of its Form 10-Q for the quarterly period ended September&#160;30, 2"
1606698,2024-11-19,0001628280-24-048426,alpp-20241114.htm,keep,"cial accounting standards provided pursuant to Section 13(a) of the Exchange Act. &#9746; Item 4.02 Non-Reliance on Previously Issued Financial Statements or a Related Audit Report or Completed Interim Review. On November 15, 2024, the Board of Directors (the &#8220;Board&#8221;) of Alpine 4 Holding"
1922858,2024-11-19,0001213900-24-100240,ea022188801-8k_ecdauto.htm,keep,ovided pursuant to Section 13(a) of the Exchange Act. &#9744; &#160; &#160; &#160; &#160; Item 4.02 Non-Reliance on Previously Issued Financial Statements or a Related Audit Report of Completed Interim Reports. &#160; Barton CPA (&#8220;Barton&#8221;) was engaged by the Audit Committee of the Board 
1393612,2024-11-25,0001193125-24-265265,d875437d8k.htm,keep,"Current Report on Form 8-K. The press release is attached hereto as Exhibit 99.1. Item&#8201;4.02. Non-Reliance on Previously Issued Financial Statements or a Related Audit Report or Completed Interim Review. On July&#160;19, 2023, the Company disclosed that beginning around mid-2007, the Company in"
1885461,2024-11-26,0001213900-24-102360,ea0222614-8k_shoulder.htm,keep,ection 13(a) of the Exchange Act. &#9744; &#160; &#160; &#160; &#160; &#160; &#160; Item&#8201;4.02 Non-Reliance on Previously Issued Financial Statements or a Related Audit Report or Completed Interim Review &#160; During the preparation of its Quarterly Report on Form 10-Q for the quarterly period
1530163,2024-11-29,0001213900-24-104148,ea0222254-8k_samsara.htm,keep,"S &#160; Section 4 &#8211; Matters Related to Accountants and Financial Statements &#160; Item 4.02 Non-Reliance on Previously Issued Financial Statements or a Related Audit Report or Completed Interim Review &#160; On November 27, 2024, the Audit Committee of Samsara Luggage Inc.'s board of directo"
1959994,2024-12-03,0001493152-24-048491,form8-k.htm,keep,"&#160; COOT &#160; The Nasdaq Stock Market LLC &#160; &#160; &#160; &#160; &#160; &#160; Item 4.02 Non-Reliance on Previously Issued Financial Statements or a Related Audit Report or Completed Interim Review. &#160; As previously reported on Form 6-K, filed with the Securities and Exchange Commissio"
1784970,2024-12-12,0001213900-24-108480,ea0219811-8k_nexttech.htm,keep,"on which registered &#160; &#160; &#160; &#160; &#160; &#160; &#160; &#160; &#160; &#160; Item 4.02 Non-reliance on previously issued financial statements &#160; On December 10, 2024, The audit committee of Next Technology Holding Inc (formerly known as WeTrade Group Inc. (the &#8220;Company&#8221;)"
1856028,2024-12-13,0001140361-24-049546,ef20040060_8k.htm,keep,"ng standards provided pursuant to Section 13(a) of the Exchange Act.&#160; &#9744; &#160; Item 4.02 Non-Reliance on Previously Issued Financial Statements or a Related Audit Report or Completed Interim Review. On December 10, 2024, in connection with the Securities and Exchange Commission's (the &#8"
914122,2024-12-20,0001437749-24-038156,ppih20241216_8k.htm,keep,"vided pursuant to Section 13(a) of the Exchange Act. &#9744; &#160; &#160; &#160; &#160; Item 4.02. Non-Reliance on Previously Issued Financial Statements or a Related Audit Report or Completed Interim Review. &#160; On December &#160;19, 2024, the Audit Committee of the Board of Directors of Perma-"
725394,2024-12-23,0001683168-24-008906,dalrada_8k.htm,keep,160; &#160; &#160; &#160; &#160; &#160; &#160; &#160; &#160; ITEM 4.02&#160;&#160;&#160;&#160;&#160;Non-Reliance on Previously Issued Financial Statement or Related Audit Report or Completed Interim Review &#160;&#160; In connection with the preparation of Dalrada Financial Corporation's (the &#8220
845385,2025-01-14,0001213900-25-003402,ea0227524-8k_princeton.htm,keep,"which registered None &#160; None &#160; None &#160; &#160; &#160; &#160; &#160; &#160; Item 4.02. Non-Reliance on Previously Issued Financial Statements or a Related Audit Report or Completed Interim Review. &#160; On January 8, 2025, the Audit Committee of Princeton Capital Corporation, a Maryland"
1845149,2025-01-29,0001104659-25-007258,tm254622d1_8k.htm,keep,"a)&#160;of the Exchange Act.&#160;&#160; &#168; &#160; &#160; &#160; &#160; &#160; &#160; Item 4.02 Non-Reliance on Previously Issued Financial Statements or a Related Audit Report or Completed Interim Review. &#160; On January 23, 2025, the Audit Committee of the Board of Directors (the &#8220;Audi"
1879848,2025-02-10,0001493152-25-005631,form8-k.htm,keep,"pursuant to Section 13(a) of the Exchange Act. &#160; &#160; &#160; &#160; &#160; &#160; Item 4.02 Non-Reliance on Previously Issued Financial Statements or Completed Interim Review. &#160; On February 10, 2025, the audit committee of the board of directors of Phoenix Motor Inc. (the &#8220; Company"
1326732,2025-02-13,0001326732-25-000005,xncr-20250207.htm,keep,"ed pursuant to Section&#160;13(a)&#160;of the Exchange Act.&#160; o Item 4.02 Non&#8209;Reliance on Previously Issued Financial Statements or a Related Audit Report or Completed Interim Review. (a) On February 11, 2025, the Audit Committee of the Board of Directors (the &#8220;Audit Committee&#8221;"
1124804,2025-03-04,0001193125-25-045705,d785715d8k.htm,keep,"suant to Section&#160;13(a) of the Exchange Act.&#8194;&#9744; &#160; &#160; &#160; Item&#8201;4.02 Non-Reliance on Previously Issued Financial Statements or a Related Audit Report or Completed Interim Review. As previously disclosed, on March&#160;22, 2023, the Company's Board of Directors (the &#8"
1054102,2025-03-06,0001493152-25-009384,form8-k.htm,keep,"Section 13(a) of the Exchange Act. &#9744; &#160; &#160; &#160; &#160; &#160; &#160; Item 4.02(a). Non-Reliance on Previously Issued Financial Statements or a Related Audit Report or Completed Interim Review . &#160; On February 28, 2025, Interpace Biosciences, Inc. (the &#8220;Company&#8221;), in d"
1342916,2025-03-06,0001262463-25-000061,hnoi8k22825.htm,keep,"ided pursuant to Section 13(a) of the Exchange Act. &#9744; &#160; &#160; 1 &#160; &#160; Item 4.02 Non-Reliance on Previously Issued Financial Statements or a Related Audit Report of Completed Interim Reports. On May 7, 2024, Barton CPA (&#8220;Barton&#8221;) was engaged by HNO International, Inc. "
1628808,2025-03-07,0001171843-25-001319,f8k_030725.htm,keep,.01 with respect to the Credit Agreement is incorporated by reference in this Item 2.03. Item 4.02. Non-Reliance on Previously Issued Financial Statements or a Related Audit Report or Completed Interim Review. In connection with the preparation of the Company's first annual financial statements unde
874761,2025-03-11,0000950103-25-003226,dp226102_8k.htm,keep,"pursuant to Section 13(a) of the Exchange Act. &#9744; &#160; &#160;&#160; &#160; &#160; Item 4.02 Non-Reliance on Previously Issued Financial Statements or a Related Audit Report or Completed Interim Review &#160; On March 6, 2025, the management of The AES Corporation (the &#8220;Company&#8221;) a"
2000640,2025-03-14,0001213900-25-024204,ea0234063-8k_damon.htm,keep,"to Section 13(a) of the Exchange Act. &#9744; &#160; &#160; &#160; &#160; &#160; &#160; Item 4.02. Non-Reliance on Previously Issued Financial Statements or a Related Audit Report or Completed Interim Review &#160; On March 10, 2025, the audit committee of the board of directors (the &#8220;Audit Co"
1437958,2025-03-17,0001437958-25-000056,ck1437958-20250314.htm,keep,"pursuant to Section 13(a) of the Exchange Act.&#160;&#160; &#8414; Item 4.02&#160;&#160;&#160;&#160;Non-Reliance on Previously Issued Financial Statements or a Related Audit Report or Completed Interim Review. Restatement of Historical Financial Results On March 14, 2025, the Audit Committee (the &#"
1711786,2025-03-25,0001013762-25-002271,ea0235633-8k_hoth.htm,keep,ticipation of further preclinical development and potential licensing discussions. &#160; Item 4.02 Non-Reliance on Previously Issued Financial Statements or a Related Audit Report or Completed Interim Review.&#160; &#160; During the preparation of our 2024 audited consolidated financial statements 
1175151,2025-03-31,0001104659-25-029887,tm2510844d2_8k.htm,keep,"nt to Section 13(a) of the Exchange Act. &#168; &#160; &#160; &#160; &#160; &#160; &#160; Item 4.02 Non-Reliance on Previously Issued Financial Statements or a Related Audit Report or Completed Interim Review. &#160; On March 25, 2025, CytoSorbents Corporation (the &#8220;Company&#8221;), after cons"
1756180,2025-04-03,0001683168-25-002271,nocera_8k.htm,keep,"xchange Act.&#160; &#9723; &#160; &#160; &#160; &#160; &#160; &#160; &#160; &#160; &#160; Item 4.02 Non-Reliance on Previously Issued Financial Statements or a Related Audit Report or Completed Interim Review. &#160; On April 3, 2025, the Board of Directors (the &#8220;Board&#8221;) of Nocera, Inc. "
72573,2025-04-11,0000950142-25-001035,eh250615018_8k.htm,keep,"xcept as shall be expressly set forth by specific reference in such filing. &#160; &#160; Item 4.02 Non-Reliance on Previously Issued Financial Statements or a Related Audit Report or Completed Interim Review. In late January 2025, the Company became aware of allegations of misconduct within the Dub"
1814215,2025-04-15,0000950170-25-054316,buru-20250411.htm,keep,counting standards provided pursuant to Section 13(a) of the Exchange Act. &#9744; &#160; Item 4.02 Non-Reliance on Previously Issued Financial Statements or a Related Audit Report or Completed Interim Review. During the preparation of the Company's consolidated financial statements as of and for th
1842556,2025-04-15,0001213900-25-032130,ea0238037-8k_eonresour.htm,keep,t to Section 13(a) of the Exchange Act. &#9744; &#160; &#160; &#160; &#160; &#160; &#160; Item 4.02 Non-Reliance on Previously Issued Financial Statements or a Related Audit Report or Completed Interim Review. &#160; In connection with the preparation of EON Resources Inc.'s (the &#8220;Company&#822
1893219,2025-04-15,0001213900-25-032083,ea0238185-8k_abpro.htm,keep,"t to Section 13(a) of the Exchange Act. &#9744; &#160; &#160; &#160; &#160; &#160; &#160; Item 4.02 Non-Reliance on Previously Issued Financial Statements or a Related Audit Report or Completed Interim Review. &#160; On April 12, 2025, the Audit Committee of the Board of Directors (the &#8220;Audit "
1895249,2025-04-15,0001104659-25-034753,tm2512306d1_8k.htm,keep,"nt to Section 13(a) of the Exchange Act. &#168; &#160; &#160; &#160; &#160; &#160; &#160; Item 4.02 Non-Reliance on Previously Issued Financial Statements or a Related Audit Report or Completed Interim Review. &#160; On April 8, 2025, Bhaskar Panigrahi, the Chief Executive Officer of ConnectM Techno"
1881551,2025-04-16,0001213900-25-032293,ea0238438-8k_solidion.htm,keep,"t to Section 13(a) of the Exchange Act. &#9744; &#160; &#160; &#160; &#160; &#160; &#160; Item 4.02 Non-reliance on Previously Issued Financial Statements or a Related Audit Report or Completed Interim Review. . On April 11, 2025, the Chief Financial Officer of Solidion Technology, Inc. (the &#8220;"
1721741,2025-04-30,0001628280-25-021079,gorv-20250429.htm,keep,"financial accounting standards provided pursuant to Section 13(a) of the Exchange Act. o Item 4.02 Non-Reliance on Previously Issued Financial Statements or a Related Audit Report or Completed Interim Review. On April 29, 2025, the Audit Committee (the &#8220;Audit Committee&#8221;) of the Board of "
1828937,2025-05-15,0001828937-25-000026,foa-20250514.htm,keep,ial accounting standards provided pursuant to Section 13(a) of the Exchange Act. &#9744; Item 4.02. Non-Reliance on Previously Issued Financial Statements or a Related Audit Report or Completed Interim Review. Finance of America Companies Inc. (the &#8220;Company&#8221;) intends to file an amendment
2001184,2025-06-16,0002001184-25-000031,pacs-20250612.htm,keep,"financial accounting standards provided pursuant to Section 13(a) of the Exchange Act. o Item 4.02 Non-Reliance on Previously Issued Financial Statements or a Related Audit Report or Completed Interim Review. On June 12, 2025, the Audit Committee of the Board of Directors (the &#8220;Audit Committee"
907471,2025-07-02,0000907471-25-000071,cash-20250626.htm,keep,"ds provided pursuant to Section 13(a) of the Exchange Act. &#9744; Item 4.02&#160;&#160;&#160;&#160;Non-Reliance on Previously Issued Financial Statements or a Related Audit Report or a Completed Interim Review. On June 26, 2025, the Audit Committee (the &#8220;Audit Committee&#8221;) of the Board o"
1383088,2025-07-11,0001477932-25-004991,cyca_8k.htm,keep,"eholders through Cytta's equity and other interests in each new Portfolio Company. &#160; Item 4.02 Non-Reliance on Previously Issued Financial Statements or a Related Audit Report or Completed Interim Review. &#160; After discussions with our new Auditors, Sadler Gibb, on July 7 th , 2025, there is"
1959348,2025-07-31,0001193125-25-170500,d14409d8k.htm,keep,"except as shall be expressly set forth by specific reference in such filing. &#160; Item&#8201;4.02 Non-Reliance on Previously Issued Financial Statements or a Related Audit Report or Completed Interim Review. (a) While preparing its second quarter 2025 consolidated financial statements, the Company"
2055116,2025-08-11,0001104659-25-076249,tm2522966d3_8k.htm,keep,"ursuant to Section 13(a) of the Exchange Act. &#168; &#160; &#160; &#160; &#160; &#160; Item 4.02 - Non-Reliance on Previously Issued Financial Statements or Related Audit Report or Completed Interim Report. &#160; On August 11, 2025, the Audit Committee of the Board of Directors of Kestrel Group Lt"
811222,2025-08-14,0001683168-25-006130,cardiff_8k.htm,keep,"3(a) of the Exchange Act. &#9744; &#160; &#160; &#160; &#160; &#160; &#160; &#160; &#160; Item 4.02 Non-Reliance on Previously Issued Financial Statements or Related Audit Report or Completed Interim Report. &#160; On August 12, 2025, the Audit Committee of the Board of Directors (the &#8220;Audit C"
1979414,2025-08-18,0001829126-25-006425,neonctechnologies_8k.htm,keep,"n&#160;13(a) of the Exchange Act. &#9744; &#160; &#160; &#160; &#160; &#160; &#160; Item&#8201;4.02 Non-Reliance on Previously Issued Financial Statements or a Related Audit Report or Completed Interim Review. &#160; On August 13, 2025, NeOnc Technologies Holdings, Inc. (the &#8220;Company&#8221;) d"
1040130,2025-10-07,0001040130-25-000064,pets-20251001.htm,keep,"tion, operating income, net assets, and/or the Company's cost of, or access to, capital. Item 4.02. Non-Reliance on Previously Issued Financial Statements or a Related Audit Report or Completed Interim Review. (a) On October 1, 2025, the Company's Audit Committee, in consultation with management and"
911147,2025-11-10,0000911147-25-000044,cnty-20251106x8k.htm,keep,"counting standards provided pursuant to Section 13(a) of the Exchange Act. &#168; &#8206; Item 4.02 Non-Reliance on Previously Issued Financial Statements or a Related Audit Report or Completed Interim Review. (a) On November 6, 2025, the Audit Committee of the Board of Directors of Century Casinos,"
1839341,2026-03-02,0001628280-26-013214,core-20260302.htm,keep,"d hereto as Exhibit 99.1 and is incorporated herein by reference. Item 4.02 &#160;&#160;&#160;&#160;Non-Reliance on Previously Issued Financial Statements or a Related Audit Report or Completed Interim Review. On February 25, 2026, the Audit Committee (the &#8220;Audit Committee&#8221;) of the Board"
1838987,2026-04-14,0001213900-26-043530,ea0286264-8k_sunpower.htm,keep,"to Section 13(a) of the Exchange Act. &#9746; &#160; &#160; &#160; &#160; &#160; &#160; Item 4.02. Non-Reliance on Previously Issued Financial Statements or a Related Audit Report or Completed Interim Review. &#160; On April 14, 2026, authorized officers of SunPower Inc. (the &#8220; Company &#8221;"
1879403,2026-04-24,0001213900-26-047626,ea0287727-8k_larosa.htm,keep,"pursuant to Section 13(a) of the Exchange Act. &#9744; &#160; &#160; &#160; &#160; &#160; Item 4.02 Non-Reliance on Previously Issued Financial Statements or a Related Audit Report or Completed Interim Review. &#160; On April 24, 2026, the Audit Committee (the &#8220;Committee&#8221;) of the Board o"
1413891,2026-07-15,0001683168-26-005550,highwire_8k.htm,keep,"ction 13(a) of the Exchange Act. &#9744; &#160; &#160; &#160; &#160; &#160; &#160; &#160; Item 4.02 Non-Reliance on Previously Issued Financial Statements or a Related Audit Report or Completed Interim Review. &#160; On July 9, 2026, following discussions with management of High Wire Networks, Inc. "
1828673,2026-08-14,0001493152-26-038240,form8-k.htm,keep,"t to Section 13(a) of the Exchange Act. &#9746; &#160; &#160; &#160; &#160; &#160; &#160; Item 4.02 Non-Reliance on Previously Issued Financial Statements or a Related Audit Report or Completed Interim Review. &#160; On August 10, 2026, the Audit Committee of the Board of Directors (the &#8220;Audit"
