cik,filing_date,accession,primary_document,verdict,detail
1463792,2018-01-10,0001493152-18-000395,form8-k.htm,keep,"inancial accounting standards provided pursuant to Section 13(a) of the Exchange Act. [ ] ITEM 4.02 NON-RELIANCE ON PREVIOUSLY ISSUED FINANCIAL STATEMENTS OR A RELATED AUDIT REPORT OR COMPLETED INTERIM REPORT On January 9, 2018, the Board of Directors (the &ldquo;Board&rdquo;) of Gold Torrent, Inc. "
1662574,2018-01-11,0001683168-18-000113,grom_8k.htm,keep,"cial accounting standards provided pursuant to Section 13(a) of the Exchange Act. &#9744; Item 4.02 Non-Reliance on Previously Issued Financial Statements or Related Audit report or Completed Interim Review On January 10, 2018, the board of directors of Grom Social Enterprises, Inc. (the &ldquo;Comp"
1001258,2018-01-18,0001437749-18-000792,asta20180117_8k.htm,keep,"and Financial Condition. On January 18, 2018, the Company issued a press release announcing that it will restate the Company's previously issued audited consolidated financial statements for each of the years ended September 30, 2016, 2015 and 2014 and the interim periods contained therein, as well "
1512927,2018-01-23,0001144204-18-003304,tv483857_8k.htm,keep,"cial accounting standards provided pursuant to Section 13(a) of the Exchange Act. &#168; Item 4.02. Non-Reliance on Previously Issued Financial Statements or a Related Audit Report or Completed Interim Review . On January 23, 2018, the Audit Committee of the Board of Directors of China United Insura"
1697851,2018-01-25,0001654954-18-000709,a8-k20180123.htm,keep,"pursuant to Section&#xA0;13(a) of the Exchange Act. &#x2610; &#xA0; &#xA0; &#xA0; &#xA0; Item 4.02 Non-Reliance on Previously Issued Financial Statements or Related Audit report or Completed Interim Review &#xA0; On January 23, 2018, the Board of Directors of Novume Solutions, Inc. (the &#x201C;Comp"
1135202,2018-01-30,0001214659-18-000747,j1291838k.htm,keep,"pursuant to Section 13(a) of the Exchange Act.&#160; &#160;&#160; &#9744; &#160; &#160; 1 Item 4.02 Non-Reliance on Previously Issued Financial Statements of a Related Audit Report of Completed Interim Review. On January 24, 2018, the Audit Committee of the Board of Directors (the &#8220;Audit Commi"
1586494,2018-01-30,0001511164-18-000029,f8kjan2018hoverinkbiotechnol.htm,keep,"communications pursuant to Rule 13e-4(c) under the Exchange Act (17 CFR 240.13e-4(c)) Item 4.02(a) Non-Reliance on Previously Issued Financial Statements or a Related Audit Report or Completed Interim Review. On Jan 28, 2018, the Board of Directors (the &#147;Board&#148;) of Hoverink Biotechnologies"
33619,2018-02-01,0001193125-18-029293,d533865d8k.htm,keep,"d in the text of the press release and as part of the supplemental financial information. Item 4.02 Non-Reliance on Previously Issued Financial Statements or a Related Audit Report or Completed Interim Review. On February 1, 2018, the Company&#146;s management, after consultation and discussions wit"
1695473,2018-02-06,0001721868-18-000095,f2gcan8k020618.htm,keep,"ent communications pursuant to Rule 13e-4(c) under the Exchange Act (17 CFR 240.13e-4(c)) Item 4.02 Non-reliance on Previously Issued Financial Statements On January 26, 2018, the Board of Directors of The Greater Cannabis Company, Inc. (the &ldquo;Company&rdquo;) determined that the Company's previ"
1512927,2018-02-07,0001144204-18-006301,tv485132_8ka.htm,keep,"te, the disclosures in the Original Filing affected by subsequent events or discoveries. Item 4.02. Non-Reliance on Previously Issued Financial Statements or a Related Audit Report or Completed Interim Review. As reported in the original Filing, on January 23, 2018, the Audit Committee of the Board "
225628,2018-02-12,0001096906-18-000086,passur.htm,keep,"ions pursuant to Rule 13e-4(c) under the Exchange Act (17 CFR 240.13e-4(c)) Item 4.02(a)&#160;&#160;Non-Reliance on Previously Issued Financial Statements or a Related Audit Report or Completed Interim Review. On February 8, 2018, the Board of Directors of PASSUR Aerospace,&#160;Inc. (the ""Company"")"
1001907,2018-02-12,0001001907-18-000013,a8-kfy18q1restatement.htm,keep,"cial accounting standards provided pursuant to Section 13(a) of the Exchange Act. &#9744; Item 4.02 Non-Reliance on Previously Issued Financial Statements or a Related Audit Report or Completed Interim Review. &#160; &#32;&#160;&#160;&#160;&#160; On February 7, 2018, the Audit Committee of the Board"
1501720,2018-02-12,0001493152-18-001812,form8-k.htm,keep,"onversion date. Conversion may occur in one or more installments until the Maturity Date. Item 4.02 Non-Reliance on Previously Issued Financial Statements or a Related Audit Report or Completed Interim Review. On February 6, 2018, the Company's board of directors concluded that the Company's previou"
1045742,2018-02-14,0001683168-18-000409,live_8k.htm,keep,"ncial accounting standards provided pursuant to Section 13(a) of the Exchange Act. &uml; Item 4.02. Non-Reliance on Previously Issued Financial Statements or a Related Audit Report or Completed Interim Review. On January 18, 2018, the Audit Committee of the Board of Directors (the &ldquo;Committee&r"
1133062,2018-02-20,0000950159-18-000049,janel8k.htm,keep,"ards provided pursuant to Section 13(a) of the Exchange Act. &#9744; &#160; &#160; &#160; Item 4.02 Non-Reliance on Previously Issued Financial Statements or a Related Audit Report or Completed Interim Review. On February 14, 2018, the board of directors of Janel Corporation (the ""Company"") conclude"
109657,2018-02-21,0001654954-18-001758,gtbp_8k.htm,keep,"led to participate in the Company&#x2019;s bonus plans. &#xA0; &#xA0;2 &#xA0; &#xA0; Item&#xA0;4.02 Non-Reliance on Previously Issued Financial Statements or a Related Audit Report or Completed Interim Review. &#xA0; On or about February 14, 2018 Seligson and Giannattasio, LLP (&#x201C;Seligson&#x20"
1527844,2018-02-26,0001663577-18-000106,mainbody.htm,keep,"the Exchange Act. [ ] SECTION 4 - MATTERS RELATED TO ACCOUNTANTS AND FINANCIAL STATEMENTS Item 4.02 Non-Reliance on Previously Issued Financial Statements or a Related Audit Report or Completed Interim Review. On February 14, 2018, the Board of Directors of Capital Art, Inc. (the &ldquo;Company&rdqu"
1575360,2018-02-26,0001575360-18-000009,ftd8-k9301710xqa.htm,keep,"ncial accounting standards provided pursuant to Section 13(a) of the Exchange Act. &#168; Item 4.02 Non-Reliance on Previously Issued Financial Statements or a Related Audit Report or Completed Interim Review. On February 20, 2018, the Audit Committee of the Board of Directors (the &#8220;Audit Comm"
850261,2018-02-27,0001144204-18-011016,tv487090_8k.htm,keep,".02 of this Current Report on Form 8-K is incorporated by reference into this Item 2.06. Item 4.02. Non-Reliance on Previously Issued Financial Statements or a Related Audit Report or Completed Interim Review. On February 26, 2018, the Audit Committee of the Board of Directors (the &ldquo;Audit Comm"
1173313,2018-03-12,0001213900-18-002840,f8k031218_americanbrivision.htm,keep,"cial accounting standards provided pursuant to Section 13(a) of the Exchange Act. &#9744; ITEM 4.02 Non-Reliance on Previously Issued Financial Statements or a Related Audit Report or Completed Interim Review. As disclosed in a current report on Form 8-k filed on November 27, 2017, American BriVisio"
1669779,2018-03-13,0001558370-18-001989,f8-k.htm,keep,"ial accounting standards provided pursuant to Section 13(a) of the Exchange Act. &#x2610; Item 4.02 Non-Reliance on Previously Issued Financial Statements or a Related Audit Report or Completed Interim Review. On March 10, 2018, the Audit Committee of the Board of Directors (the &#x201C;Audit Commit"
1628468,2018-03-14,0001144204-18-014500,tv488468_8ka.htm,keep,"ncial accounting standards provided pursuant to Section 13(a) of the Exchange Act. &#168; ITEM 4.02 NON-RELIANCE ON PREVIOUSLY ISSUED FINANCIAL STATEMENTS OR A RELATED AUDIT REPORT OR COMPLETED INTERIM REVIEW. On March 12, 2018, the Board of Directors of Hui Ying Financial Holdings Corporation (the "
1533998,2018-03-19,0001144204-18-015400,tv488637_8k.htm,keep,"financial accounting standards provided pursuant to Section 13(a) of the Exchange Act. o Item 4.02 Non-Reliance on Previously Issued Financial Statements or a Related Audit Report or Completed Interim Review. On March 15, 2018, the Audit Committee of the Board of Directors (the &ldquo;Audit Committe"
1533040,2018-03-26,0001193125-18-095984,d558997d8k.htm,keep,"ent communications pursuant to Rule 13e-4(c) under the Exchange Act (17 CFR 240.13e-4(c)) Item 4.02 Non-Reliance on Previously Issued Financial Statements or a Related Audit Report or Completed Interim Review. On March 20, 2018, management of RXi Pharmaceuticals Corporation (the &#147;Company&#148;)"
1304741,2018-03-28,0001663577-18-000148,mainbody.htm,keep,"inancial accounting standards provided pursuant to Section 13(a) of the Exchange Act. [ ] ITEM 4.02 NON-RELIANCE ON PREVIOUSLY ISSUED FINANCIAL STATEMENTS OR A RELATED AUDIT REPORT OR COMPLETED INTERIM REPORT During the course of Precious Investments, Inc.'s (the &ldquo;Company&rdquo;) preparation o"
8947,2018-03-29,0000008947-18-000030,a8-k.htm,keep,"press release is attached hereto as Exhibit 99.1 and is incorporated herein by reference. Item 4.02 Non-Reliance on Previously Issued Financial Statements or a Related Audit Report or Completed Interim Review On March 26, 2018, the management of the Company in conferring with the Company's independe"
1499717,2018-03-29,0001564590-18-007137,staf-8k_20170930.htm,keep,"ounting standards provided pursuant to Section 13(a) of the Exchange Act. &#9744; &#160; Item 4.02. Non-Reliance on Previously Issued Financial Statements or a Related Audit Report or Completed Interim Review. On March 28, 2018, the Audit Committee of the Board of Directors (the &#8220;Audit Committ"
1654948,2018-03-30,0001654948-18-000010,form8-k-2017navxxi.htm,keep,cial accounting standards provided pursuant to Section 13(a) of the Exchange Act. &#9746; Item 4.02 Non-Reliance on Previously Issued Financial Statements or a Related Audit Report or Completed Interim Period. During the course of the preparation of the Annual Report on Form 10-K for the year ended 
1157817,2018-04-02,0001144204-18-018651,tv490172_8k.htm,keep,"cial accounting standards provided pursuant to Section 13(a) of the Exchange Act. &#168; Item 4.02. Non-Reliance on Previously Issued Financial Statements or a Related Audit Report or Completed Interim Review. On March 31, 2018, the Audit Committee of the Board of Directors (the &ldquo;Audit Committ"
865941,2018-04-03,0001008886-18-000021,form8k.htm,keep,"s not consisting of U.S. real property, U.S. rolling stock, and U.S. accounts receivable. Item 4.02 Non-Reliance on Previously Issued Statements or a Related Audit Report or Completed Interim Review. On May 1, 2017, the Company announced that the Company's financial statements for fiscal year 2016 ("
1495231,2018-04-03,0001495231-18-000024,a8-k20180328.htm,keep,"amended, except as shall be expressly set forth by specific reference in such a filing. Item 4.02. Non-Reliance on Previously Issued Financial Statements or a Related Audit Report or Completed Interim Review. On March 31, 2018, the Company's Audit Committee of the Board of Directors (the &#8220;Audi"
1495932,2018-04-03,0001683168-18-000900,exp_8k.htm,keep,"ial accounting standards provided pursuant to Section 13(a) of the Exchange Act. &#9744; Item 4.02. Non-Reliance on Previously Issued Financial Statements or a Related Audit Report or Completed Interim Review On April 2, 2018, after discussion with management and with BDO USA, LLP, the Company's ind"
1158863,2018-04-05,0001193125-18-108845,d564686d8k.htm,keep,"ial accounting standards provided pursuant to Section 13(a) of the Exchange Act. &#9744; Item 4.02, Non-Reliance on Previously Issued Financial Statements or a Related Audit Report or Completed Interim Review. (a) On April 5, 2018, the Board of Directors (the &#147;Board&#148;) of WageWorks, Inc. (t"
727920,2018-04-11,0001193125-18-113616,d565372d8k.htm,keep,"ial accounting standards provided pursuant to Section 13(a) of the Exchange Act. &#9744; Item 4.02. Non-Reliance on Previously Issued Financial Statements or a Related Audit Report or Completed Interim Review. On April 2, 2018, AXA Equitable Life Insurance Company (the &#147;Company&#148;) filed a F"
1586495,2018-04-12,0001493152-18-005074,form8-k.htm,keep,"R 240.13e-4(c)) SECTION 4 &ndash; Matters Related to Accountants and Financial Statements Item 4.02 Non-Reliance on Previously Issued Financial Statements or a Related Audit Report or Completed Interim Review On March 22, 2018, our independent auditors notified our management that they believed the "
1495932,2018-04-16,0001683168-18-000997,exp_8k.htm,keep,"ial accounting standards provided pursuant to Section 13(a) of the Exchange Act. &#9744; Item 4.02. Non-Reliance on Previously Issued Financial Statements or a Related Audit Report or Completed Interim Review On April 3, 2018, the Company filed a Form 8-K disclosing that, after discussion with manag"
1653821,2018-04-16,0001437749-18-006945,cenb20180416_8k.htm,keep,"ncial accounting standards provided pursuant to Section 13(a) of the Exchange Act &#9744; ITEM 4.02 NON-RELIANCE ON PREVIOUSLY ISSUED FINANCIAL STATEMENTS OR A RELATED AUDIT REPORT OR COMPLETED INTERIM REPORT CEN Biotech, Inc. (the &ldquo; Company &rdquo;) previously changed its independent register"
811222,2018-04-18,0001683168-18-001038,cardiff_8k.htm,keep,"ancial accounting standards provided pursuant to Section 13(a) of the Exchange Act. &uml; Item 4.02 Non-Reliance on Previously Issued Financial Statements or a Related Audit Report or Completed Interim Review. On April 17, 2018, Cardiff Lexington Corporation, a Florida corporation (the &quot;Corpora"
1623590,2018-04-25,0001615774-18-002876,s109778_8k.htm,keep,"240.13e-4(c)) Section 4 &ndash; Matters Related to Accountants and Financial Statements Item 4.02. Non-Reliance on Previously Issued Financial Statements or a Related Audit Report or Completed Interim Review. On April 16, 2018 the Board of Directors of Vitaxel Group Limited (the &ldquo;Company&rdquo"
1443799,2018-05-04,0001104659-18-030655,a18-12465_38k.htm,keep,"ed pursuant to Section 13(a) of the Exchange Act. x 4.02 &#160;&#160;&#160;&#160;&#160;&#160;&#160; Non-Reliance on Previously Issued Financial Statements or a Related Audit Report or Completed Interim Review. On May 4, 2018, the Board of Directors (the &#147;Board&#148;) and the Audit Committee of "
1425287,2018-05-09,0001213900-18-005752,f8k050318_workhorsegroup.htm,keep,"cial accounting standards provided pursuant to Section 13(a) of the Exchange Act. &#9744; Item 4.02 Non-Reliance on Previously Issued Financial Statements or a Related Audit Report or Completed Interim Review. On May 3, 2018, management of Workhorse Group Inc. (the &ldquo;Company&rdquo;) determined "
56978,2018-05-10,0000056978-18-000046,a8-kmay102018.htm,keep,"xchange Act, except as shall be expressly set forth by specific reference in such filing. Item 4.02 Non-Reliance on Previously Issued Financial Statements or a Related Audit Report or Completed Interim Review. On May 10, 2018, the Company's Audit Committee, in consultation with the Board of Director"
79879,2018-05-10,0000079879-18-000027,ppgform8-kmay102018.htm,keep,"g standards provided pursuant to Section 13(a) of the Exchange Act. &#9744; &#160; Item 4.02 &#160; Non-Reliance on Previously Issued Financial Statements or a Related Audit Report or Completed Interim Review. On May 10, 2018, PPG Industries, Inc. (&#8220;PPG&#8221; or the &#8220;Company&#8221;), in"
711665,2018-05-11,0001615774-18-003644,s110134_8k.htm,keep,"information contained in Item 4.02 of this Form 8-K is incorporated herein by reference. Item 4.02 Non-Reliance on Previously Issued Financial Statements or a Related Audit Report or Completed Interim Review On May 9, 2018, the Audit Committee, after discussion with management and Fahn Kanne & Co. G"
833795,2018-05-11,0000833795-18-000007,a8-k.htm,keep,"accounting standards provided pursuant to Section 13(a) of the Exchange Act. &#9744; Item 4.02 (a) Non-Reliance on Previously Issued Financial Statements or a Related Audit Report or Completed Interim Review. During the second quarter of 2016, we contributed and sold land to the three local builders"
1479526,2018-05-24,0001213900-18-006825,f8k051818_chinamodernagri.htm,keep,"ancial accounting standards provided pursuant to Section 13(a) of the Exchange Act. &uml; Item 4.02 Non-Reliance on Previously Issued Financial Statements or a Related Audit Report or Completed Interim Review. On May 18, 2018, China Modern Agricultural Information, Inc. (the &ldquo;Company&rdquo;) w"
56978,2018-05-30,0000056978-18-000051,a8-kmay302018.htm,keep,"'s previously issued consolidated financial statements for the fiscal year ended September 30, 2017 should no longer be relied upon due to misstated warranty accruals made in prior periods. The purpose of this Amendment is to disclose that as a result of this review: (i) the above-referenced report "
1561622,2018-06-01,0001477932-18-002865,tsgl_8k.htm,keep,"ent communications pursuant to Rule 13e-4(c) under the Exchange Act (17 CFR 240.13e-4(c)) ITEM 4.02 Non-Reliance on Previously Issued Financial Statements On May 7, 2018, the Company's independent registered public accounting firm notified the Chairman of the Board of Directors of The Staffing Group"
1376339,2018-06-07,0001376339-18-000036,a8-kdocument662018.htm,keep,"ndards provided pursuant to Section 13(a) of the Exchange Act. &#160;&#160;&#160;&#160; o Item 4.02 Non-Reliance on Previously Issued Financial Statements or a Related Audit Report or Completed Interim Review. On June 6, 2018, the Audit Committee of the Board of Directors (the &#8220;Board&#8221;) o"
908255,2018-06-15,0000908255-18-000044,a061218form8k.htm,keep,ncial accounting standards provided pursuant to Section 13(a) of the Exchange Act. &#168; Item 4.02 Non-Reliance on Previously Issued Financial Statements or a Related Audit Report or Completed Interim Review. The Audit Committee of the Board of Directors (the &#8220; Audit Committee &#8221;) of Bor
1539680,2018-06-21,0001078782-18-000640,f8k062118_8k.htm,keep,"communications pursuant to Rule 13e-4(c) under the Exchange Act (17 CFR 240.13e-4(c)) ITEM 4.02(a). NON-RELIANCE ON PREVIOUSLY ISSUED FINANCIAL STATEMENTS OR A RELATED AUDIT REPORT OR COMPLETED INTERIM REVIEW On June 19, 2018, it was agreed by the Audit Committee and management that the following pr"
79879,2018-06-28,0000079879-18-000041,ppgform8-kjune282018.htm,keep,"al statements for the years ended December 31, 2015, 2016 and 2017. In the Form 10-K/A, the Company has restated the audited consolidated financial statements for the years ended December 31, 2016 and 2017, and certain unaudited quarterly results related to the three months ended December 31, 2016, "
88948,2018-06-28,0001437749-18-012630,senea20180628_8k.htm,keep,"cial accounting standards provided pursuant to Section 13(a) of the Exchange Act. &#9744; Item 4.02 Non-Reliance on Previously Issued Financial Statements or a Related Audit Report or Completed Interim Review On June 28, 2018, the Audit Committee, of Seneca Foods Corporation (the &ldquo;Company&rdqu"
1580808,2018-07-02,0001628280-18-008978,a8-krestatement.htm,keep,andards provided pursuant to Section 13(a) of the Exchange Act. &#160; &#168; &#160; Item&#160;4.02 Non-Reliance on Previously Issued Financial Statements or a Related Audit Report or Completed Interim Review Results of the Audit Committee Investigation A10 Networks (the &#8220;Company&#8221;) annou
1667939,2018-07-30,0000943374-18-000277,form8k.htm,keep,"ded pursuant to Section&#160;13(a)&#160;of the Exchange Act.&#160; &#9744; &#160; Item 4. 02 &#160; Non-Reliance on Previously Issued Financial Statements or a Related Audit Report or Completed Interim Review On July 25, 2018, FSB Bancorp, Inc. (the ""Company"") and the Audit Committee of the Board of"
1450390,2018-08-01,0001206774-18-002260,bakken3454391-8k.htm,keep,ial accounting standards provided pursuant to Section 13(a) of the Exchange Act. &#9744; Item 4.02. Non-Reliance on Previously Issued Financial Statements or a Related Audit Report or Completed Interim Review. As earlier reported in the Company&#146;s Amended Current Report on Form 8-K/A filed on Ap
1304492,2018-08-09,0001304492-18-000048,pdvw-20180809x8k.htm,keep,"ccounting standards provided pursuant to Section 13(a) of the Exchange Act. &#x2612; Item 4.02 (a). Non-Reliance on Previously Issued Financial Statements or a Related Audit Report or Completed Interim Review. &#xFEFF; On August 7, 2018, the Audit Committee of the Board of Directors of pdvWireless, "
868278,2018-08-15,0001493152-18-011937,form8-k.htm,keep,"14, 2018, ProPhase Labs, Inc. (the &ldquo;Company&rdquo;) issued a press release announcing that it will restate its previously issued audited consolidated financial statements for the fiscal year ended December 31, 2017 and unaudited consolidated financial statements for the fiscal quarters ended M"
928953,2018-08-15,0000928953-18-000009,psr8-krestatement2018x08.htm,keep,"tandards provided pursuant to Section 13(a)&#160;of the Exchange Act. &#32;&#32;o Item 4.02. &#160; Non-Reliance on Previously Issued Financial Statements or a Related Audit Report or Completed Interim Review. &#160; On August 13, 2018, the Board of Trustees (the &#8220;Board&#8221;) of Pillarstone "
919175,2018-08-16,0001520138-18-000201,sgmd-20180803_8k.htm,keep,"ent communications pursuant to Rule 13e-4(c) under the Exchange Act (17 CFR 240.13e-4(c)) Item 4.02 Non-Reliance on Previously Issued Financial Statements or a Related Audit Report or Completed Interim Review On August 14, 2018, the management of Sugarmade, Inc. (the &ldquo;Company&rdquo;) concluded"
1518336,2018-08-22,0001493152-18-012471,form8-k.htm,keep,"ent communications pursuant to Rule 13e-4(c) under the Exchange Act (17 CFR 240.13e-4(c)) Item 4.02 Non-reliance on Previously Issued Financial Statements On August 21, 2018, the Board of Directors of Dream Homes & Development Corporation (the &ldquo;Company&rdquo;) determined that the Company's pre"
1693683,2018-09-05,0001477932-18-004384,endl_8k.htm,keep,"ncial accounting standards provided pursuant to Section 13(a) of the Exchange Act. &#168; ITEM 4.02 NON-RELIANCE ON PREVIOUSLY ISSUED FINANCIAL STATEMENTS OR A RELATED AUDIT REPORT OR COMPLETED INTERIM REVIEW. On August 28, 2018, our Chief Executive Officer determined that the Company's unaudited fi"
92679,2018-09-13,0001193125-18-272789,d620035d8k.htm,keep,"sed financial accounting standards pursuant to Section 13(a) of the Exchange Act. &#9744; Item 4.02 Non-Reliance on Previously Issued Financial Statements or a Related Audit Report or Completed Interim Review. On September 7, 2018, the audit committee of the board of directors (the &#147;Audit Commi"
709283,2018-09-14,0001193125-18-274209,d623012d8k.htm,keep,"cial accounting standards provided pursuant to Section 13(a) of the Exchange Act. &#9744; Item 4.02 Non-Reliance on Previously Issued Financial Statements or a Related Audit Report or Completed Interim Review (a) On September 14, 2018, the Board of Directors (the &#147;Board&#148;) of Quantum Corpor"
1436229,2018-09-21,0001493152-18-013567,form8-k.htm,keep,"inancial accounting standards provided pursuant to Section 13(a) of the Exchange Act. [ ] Item 4.02 Non-Reliance On Previously Issued Financial Statements Or A Related Audit Report Or Completed Interim Report On September 17, 2018, the Board of Directors of BTCS Inc. (the &ldquo;Company&rdquo;) conc"
2034,2018-09-27,0001144204-18-051259,tv503599_8k.htm,keep,"ncial accounting standards provided pursuant to Section 13(a) of the Exchange Act. &#168; Item 4.02 Non-reliance on Previously Issued Financial Statements or a Related Audit Report or Completed Interim Review. On September 13, 2018, Aceto Corporation (the &ldquo;Company&rdquo;) disclosed that furthe"
1137091,2018-10-03,0001193125-18-291891,d627153d8k.htm,keep,"cial accounting standards provided pursuant to Section 13(a) of the Exchange Act. &#9744; Item 4.02 Non-Reliance on Previously Issued Financial Statements or a Related Audit Report or Completed Interim Review. As previously disclosed, Power Solutions International, Inc. (the &#147;Company&#148;) has"
1392363,2018-10-09,0001213900-18-013669,f8k100618_chinaadvanced.htm,keep,"cial accounting standards provided pursuant to Section 13(a) of the Exchange Act. &#9744; Item 4.02 Non-Reliance on Previously Issued Financial Statements or a Related Audit Report or Completed Interim Review. On October 6, 2018, the Audit Committee of the Board of Directors of China Advanced Constr"
896493,2018-10-18,0001214659-18-006568,d10181808ka1.htm,keep,"consisting of changing &ldquo;November 7, 2014&rdquo; to &ldquo;November 8, 2017.&rdquo; ITEM 4.02 NON-RELIANCE ON PREVIOUSLY ISSUED FINANCIAL STATEMENTS OR A RELATED AUDIT REPORT OR COMPLETED INTERIM REVIEW (b) On October 10, 2017, the Company's current independent registered public accounting firm"
1560449,2018-10-18,0001096906-18-000567,umind.htm,keep,"counting standards provided pursuant to Section 13(a) of the Exchange Act. &#9744; &#160; Item 4.02 Non-Reliance on Previously Issued Financial Statements or a Related Audit Report or Completed Interim Review On October 12, 2018, the Board of Directors of U-Mind Space, Inc., a Wyoming corporation (t"
1041803,2018-10-25,0001041803-18-000038,psmt-20181025x8k.htm,keep,Section 13(a) of the Exchange Act. &#x2610; &#xFEFF; &#xFEFF; &#xFEFF; &#xFEFF; &#xFEFF; Item 4.02. Non-Reliance on Previously Issued Financial Statements or a Related Audit Report or Completed Interim Review. &#xFEFF; During the preparation process for the 2018 Annual Report on Form 10-K for PriceS
823277,2018-10-26,0000823277-18-000055,a8-knonxrelianceoffinancia.htm,keep,"60;&#160;&#160;&#160;&#160;&#160;&#160;&#160;&#160;&#160;&#160;&#160;&#160;&#160;&#160;&#160;&#160; Non-Reliance on Previously Issued Financial Statements or a Related Audit Report on Completed Interim Period. &#160; On October 22, 2018, the Audit Committee (the &#8220;Audit Committee&#8221;) of the"
1650101,2018-10-26,0001493152-18-014873,form8-k.htm,keep,"ements, Mr. Hong is now solely responsible for the repayment of the Debt to the Creditor. Item 4.02 Non-Reliance on Previously Issued Financial Statements or a Related Audit Report or Completed Interim Review. On October 1, 2018, the management of the Company, after consultation and discussions with"
1471727,2018-10-30,0001185185-18-001885,sportend20181029_8k.htm,keep,"cial accounting standards provided pursuant to Section 13(a) of the Exchange Act. &#9744; Item 4.02 Non-Reliance On Previously Issued Financial Statements Or A Related Audit Report Or Completed Interim Report On October 29, 2018, the Board of Directors of Sport Endurance Inc. (the &ldquo;Company&rdq"
1681903,2018-10-31,0001681903-18-000037,icch-20181026x8k.htm,keep,"ting standards provided pursuant to Section 13(a) of the Exchange Act. &#x2610; &#xFEFF; Item 4 .02 Non-Reliance on Previously Issued Financial Statements or a Related Audit Report or Completed Interim Review. &#xFEFF; On October 26, 2018, the Audit Committee of the Board of Directors (the &#x201C;A"
1650962,2018-11-05,0001650962-18-000094,wbt-20181105x8kitem402.htm,keep,"8-K 1 wbt-20181105x8kitem402.htm FORM 8-K - ITEM 4.02 NON-RELIANCE ON PREVIOUSLY ISSUED FINANCIAL STATEMENTS Document UNITED STATES SECURITIES AND EXCHANGE COMMISSION Washington, D.C. 20549 _______________________ FORM 8-K _______________________ CURRENT REPORT Purs"
1381240,2018-11-06,0001493152-18-015259,form8-k.htm,keep,"ent communications pursuant to Rule 13e-4(c) under the Exchange Act (17 CFR 240.13e-4(c)) Item 4.02 Non-Reliance on Previously Issued Financial Statements or a Related Audit Report or Completed Interim Review. On October 19, 2018, during the review of the consolidated financial statements for the th"
1547546,2018-11-06,0001144204-18-057662,tv506255_8k.htm,keep,"Act, except as shall be expressly set forth by specific reference in such a filing. Item 4.02(a)&#9;Non-Reliance on Previously Issued Financial Statements or a related Audit Report or Completed interim Review. On November 5, 2018, the Audit Committee of the Board of Directors (the &ldquo;Audit Commi"
1041514,2018-11-08,0001062993-18-004451,form8k.htm,keep,"nancial accounting standards provided pursuant to Section 13(a) of the Exchange Act. [ ] Item 4.02. Non-Reliance on Previously Issued Financial Statements or a Related Audit Report or Completed Interim Review. The Net 1 UEPS Technologies, Inc. (the &#147;Company&#148;) Audit Committee of the Board o"
1438423,2018-11-08,0001157523-18-002391,a5189691.htm,keep,"attached hereto as Exhibit 99.1 and is incorporated herein by reference. Item&#160;4.02.&#160;&#160;Non-Reliance on Previously Issued Financial Statements or a Related Audit Report or Completed Interim Review. On November 7, 2018, the management and the Audit Committee of the Board of Directors of E"
857737,2018-11-09,0001144204-18-058785,tv506890_8k.htm,keep,"ncial accounting standards provided pursuant to Section 13(a) of the Exchange Act. &#168; Item 4.02 Non-Reliance on Previously Issued Financial Statements or a Related Audit Report or Completed Interim Review. (a) On November 8, 2018, Iconix Brand Group, Inc. (&ldquo;the Company&rdquo; or &ldquo;Ico"
1488039,2018-11-13,0001437749-18-020569,atos20181112_8k.htm,keep,"attached as Exhibit 99.1 to this current report and is incorporated herein by reference. Item 4.02. Non-Reliance on Previously Issued Financial Statements or a Related Audit Report or Completed Interim Review. (a) On November 12, 2018, the Audit Committee of the Board of Directors concluded that the"
1488813,2018-11-13,0000950159-18-000488,customers8k.htm,keep,"provided pursuant to Section 13(a) of the Exchange Act.&#160; &#160;&#160; &#9744; Item 4.02 &#160; Non-Reliance on Previously Issued Financial Statements or a Related Audit Report or Completed Interim Review Since third quarter 2012, Customers Bancorp, Inc. (the ""Company"") classified its commercial"
1498148,2018-11-13,0001161697-18-000542,form_8-k.htm,keep,"inancial accounting standards provided pursuant to Section 13(a) of the Exchange Act. [ ] ITEM 4.02 NON-RELIANCE ON PREVIOUSLY ISSUED FINANCIAL STATEMENTS OR A RELATED AUDIT REPORT OR COMPLETED INTERIM REVIEW. On November 1, 2018, a Form 10-Q for the fiscal quarter ended August 31, 2018 (the &ldquo;"
1375365,2018-11-15,0001628280-18-014419,form8-k_20181115x202.htm,keep,"guage contained in such filing, unless otherwise expressly stated in such filing. Item&#160;4.02(a) Non-Reliance on Previously Issued Financial Statements or a Related Audit Report or Completed Interim Review On November 14, 2018, the Board of Directors of the Company, based on the recommendation of"
1709542,2018-11-15,0001214659-18-007193,r11141808k.htm,keep,"cial accounting standards provided pursuant to Section 13(a) of the Exchange Act. &#9744; ITEM 4.02 NON-RELIANCE ON PREVIOUSLY ISSUED FINANCIAL STATEMENTS OR A RELATED AUDIT REPORT OR COMPLETED INTERIM REVIEW. On November 13, 2018, our Chief Executive Officer determined that the Company's unaudited "
1726287,2018-12-03,0001021432-18-000429,form8kbhattnoncomp2.txt,keep,"ive offices) (zip code) 587-921-6695 (Registrant's telephone number, including area code) ITEM 4.02 Non-Reliance on Previously Issued Financial Statements or a Related Audit Report or Completed Interim Review Management of Bhatt Developers and Buildings Inc. (the ""Company"") has determined that the Q"
917523,2018-12-11,0001193125-18-346645,d670971d8k.htm,keep,"1.01 relating to the Note is incorporated by reference in its entirety in this Item 2.03. Item 4.02 Non-Reliance on Previously Issued Financial Statements or a Related Audit Report or Completed Interim Review. As previously disclosed in the Form 12b-25 filed by the Company on November 13, 2018, the "
809933,2018-12-12,0001140361-18-045018,form8k.htm,keep,"e initiatives to be completed by the end of the third quarter of fiscal year 2019.&#160; Item 4.02. Non-Reliance on Previously Issued Financial Statements or a Related Audit Report or Completed Interim Review On December 12, 2018, the Audit Committee of the Board of Directors of the Company (the &#8"
1112985,2018-12-12,0001213900-18-017260,f8k120618_cannawakecorp.htm,keep,nt communications pursuant to Rule 13e-4(c) under the Exchange Act (17 CFR 240.13e -4(c)) Item 4.02 Non-Reliance on Previously Issued Financial Statements or a Related Audit Report or Completed Interim Review During the preparation of its financial statements for the filing of its Quarterly Report o
1112985,2018-12-21,0001213900-18-017688,f8k120618a1_cannawakecorp.htm,keep,cial accounting standards provided pursuant to Section 13(a) of the Exchange Act. &#9744; Item 4.02 Non-Reliance on Previously Issued Financial Statements or a Related Audit Report or Completed Interim Review CannAwake Corporation (the &ldquo;Company&rdquo;) is filing this amendment to its Current R
1683131,2018-12-28,0001607062-18-000495,gein122718form8k.htm,keep,"andards provided pursuant to Section 13(a) of the Exchange Act. &#9746; 1 Section 4 - Item 4.02(a). Non-Reliance on Previously Issued Financial Statements or Completed Interim Review. Overview On December 23, 2018, management in the absence of an audit committee of Genesys Industries, Inc. (the &ldq"
1688126,2019-01-03,0001493152-19-000139,form8-k.htm,keep,"nancial accounting standards provided pursuant to Section 13(a) of the Exchange Act. [ ] Item 4.02. Non-Reliance on Previously Issued Financial Statements or a Related Audit Report or Completed Interim Review On January 3, 2019, the Board of Directors of The Crypto Company (the &ldquo;Company&rdquo;"
96699,2019-01-22,0001171843-19-000374,f8k_011819.htm,keep,"the filing of both its 2018 Form 10-K and related financial statements and the reliance on certain previously issued financial statements, as described under Item 4.02 below. The Company will complete the required filings as soon as practical after the current and former independent registered publi"
885074,2019-01-24,0001437749-19-001268,aghc20190118_8k.htm,keep,"accounting standards provided pursuant to Section 13(a) of the Exchange Act. &#9744; 1 Item 4 .0 2 Non-Reliance on Previously Issued Financial Statements or a Related Audit Report or Completed Interim Review. (a) On January 23, 2019, the Audit Committee of the Board of Directors (the &ldquo; Audit C"
1133062,2019-01-30,0001140361-19-001908,form8k.htm,keep,"cial accounting standards provided pursuant to Section 13(a) of the Exchange Act. &#9744; Item 4.02 Non-Reliance on Previously Issued Financial Statements or a Related Audit Report or Completed Interim Review. On January 24, 2019, the Board of Directors (the &#8220;Board&#8221;) of Janel Corporation"
896429,2019-02-06,0001140361-19-002609,form8k.htm,keep,"ules. RSM has furnished the requested letter, and it is attached hereto as Exhibit 16.1. Item 4.02. Non-Reliance on Previously Issued Financial Statements or a Related Audit Report or Completed Interim Review . (a) On February 4, 2019, the Board of Directors (the &#8220;Board&#8221;) of the Company,"
889348,2019-02-08,0001387131-19-000967,cvu-8k_020719.htm,keep,"cial accounting standards provided pursuant to Section 13(a) of the Exchange Act. &#9744; Item 4.02 Non-Reliance on Previously Issued Financial Statements or a Related Audit Report or Completed Interim Review. On February 7, 2019, the Audit Committee of the Board of Directors (the &#8220;Audit Commi"
24545,2019-02-12,0000024545-19-000006,a8k2122019.htm,keep,"financial accounting standards provided pursuant to Section 13(a) of the Exchange Act. o Item 4.02. Non-Reliance on Previously Issued Financial Statements or a Related Audit Report or Completed Interim Review. On February 8, 2019, the Audit Committee of the Board of Directors (the &#8220;Audit Commi"
66600,2019-02-20,0001477932-19-000592,mmmm_8k.htm,keep,"ncial accounting standards provided pursuant to Section 13(a) of the Exchange Act. &#168; Item 4.02 Non-Reliance on Previously Issued Financial Statements or a Related Audit Report or Completed Interim Review. Mineral Mountain Mining & Milling Company (&#8220;we&#8221;, &#8220;our&#8221;, the &#8220"
1419275,2019-02-21,0001185185-19-000265,greenbox20190221_8k.htm,keep,"cial accounting standards provided pursuant to Section 13(a) of the Exchange Act. &#9744; Item 4.02 Non-Reliance on Previously Issued Financial Statements On February 19, 2019, the sole officers and directors, Ben Errez and Fredi Nisan (the &ldquo; Management &rdquo;) of GreenBox POS (f/k/a GreenBox"
1731831,2019-02-21,0001193125-19-046278,d674516d8k.htm,keep,"m operations and net stockholders&#146; deficit. As described under Item 4.02(b) below, that report should no longer be relied upon. During the Company&#146;s two fiscal years ended December 31, 2017 and December 31, 2016 and during the subsequent interim period from January 1, 2018 through February"
1175535,2019-02-27,0001175535-19-000007,wsr8-kearningsrelease2018x.htm,keep,"ment filed or to be filed by the Company under the Securities Act of 1933, as amended. Item 4.02(a) Non-Reliance on Previously Issued Financial Statements or a Related Audit Report or Completed Interim Review. On February 26, 2019, the Audit Committee (the ""Audit Committee"") of the Board of Trustees"
894627,2019-03-06,0000894627-19-000005,egy-20190306x8k.htm,keep,"rds provided pursuant to Section 13(a) of the Exchange Act. &#x2610; &#xFEFF; 2 &#xFEFF; Item 4 .02 Non-Reliance on Previously Issued Financial Statements or a Related Audit Report or Completed Interim Review. &#xFEFF; On March 5 , 2019, the Audit Committee of the Board of Directors (the &#x201C;Aud"
916529,2019-03-06,0000916529-19-000021,form8-kbodynonxrelianceq4p.htm,keep,"8-K 1 form8-kbodynonxrelianceq4p.htm ARTX 8-K NON-RELIANCE Q4 PRESS RELEASE (FINAL) Document OMB APPROVAL OMB Number:&#160; 3235-0060 Expires: &#160;&#160;&#160;July 31, 2021 Estimated average burden hours per response &#160;&#160;&#160;&#160;7.71 UNITED STA"
1305323,2019-03-07,0001305323-19-000010,form8-kxitem402xmarch2019.htm,keep,"xcept to the extent that we specifically incorporate it by reference into such a filing. Item 4.02. Non-Reliance on Previously Issued Financial Statements or a Related Audit Report or Completed Interim Review. On March 6, 2019, the Audit Committee of the Board of Directors (the &#8220;Audit Committe"
1040792,2019-03-12,0001213900-19-003937,f8k031119_heliosandmatheson.htm,keep,"cial accounting standards provided pursuant to Section 13(a) of the Exchange Act. &#9744; ITEM 4.02 NON-RELIANCE ON PREVIOUSLY ISSUED FINANCIAL STATEMENTS OR A RELATED AUDIT REPORT OR COMPLETED INTERIM REVIEW On March 11, 2019, the Board of Directors (the &ldquo;Board&rdquo;) of Helios and Matheson "
1415684,2019-03-14,0001654954-19-002745,mslp_8k.htm,keep,"ided pursuant to Section 13(a) of the Exchange Act. &#x2610; &#xA0; &#xA0; &#xA0; &#xA0; Item 4.02. Non-Reliance on Previously Issued Financial Statements or a Related Audit Report or Completed Interim Review. &#xA0; &#xA0; On March 8, 2019, the Audit Committee of the Board of Directors (the &#x201C"
906780,2019-03-15,0001193125-19-076574,d722860d8k.htm,keep,"ial accounting standards provided pursuant to Section 13(a) of the Exchange Act. &#9744; Item 4.02. Non-Reliance on Previously Issued Financial Statements or a Related Audit Report or Completed Interim Review. On March 12, 2019, the audit committee of the board of directors (the &#147;Audit Committe"
1646188,2019-03-19,0001615774-19-004222,s116793_8k.htm,keep,"accounting standards provided pursuant to Section 13(a) of the Exchange Act. &#9744; ITEM 4.02 &#9;NON-RELIANCE ON PREVIOUSLY ISSUED FINANCIAL STATEMENTS OR A &#9;&#9;RELATED AUDIT REPORT OR COMPLETED INTERIM REVIEW On March 13, 2019, the Board of Directors of Ondas Holdings Inc. (the &ldquo;Company"
1455819,2019-03-21,0001213900-19-004611,f8k032019_vapeholdings.htm,keep,"financial accounting standards provided pursuant to Section 13(a) of the Exchange Act. o ITEM 4.02 NON-RELIANCE ON PREVIOUSLY ISSUED FINANCIAL STATEMENTS OR A RELATED AUDIT REPORT OR COMPLETED INTERIM REVIEW On March 20, 2019, management of Vape Holdings, Inc. (the &ldquo;Company&rdquo;) concluded t"
1675583,2019-03-22,0001493152-19-003788,form8-k.htm,keep,"inancial accounting standards provided pursuant to Section 13(a) of the Exchange Act. [ ] Item 4.02 Non-Reliance on Previously Issued Financial Statements or a Related Audit Report or Completed Interim Review. On March 15, 2019, the Board of Directors (the &ldquo;Board&rdquo;) of Monster Products, I"
1498068,2019-03-27,0001498068-19-000019,form8-kmarchannouncement.htm,keep,"ds provided pursuant to Section 13(a) of the Exchange Act. &#9746; &#160; 1 &#160; &#160; Item 4.02 Non-Reliance on Previously Issued Financial Statements or a Related Audit Report or Completed Interim Review. On March 21, 2019, the Board of Directors (the &#8220;Board&#8221;) of American Renal Asso"
1059784,2019-03-28,0001607062-19-000120,gnbt032719form8k.htm,keep,"accounting standards provided pursuant to Section 13 (a) of the Exchange Act. &#9744; 1 Item 4.02, Non-Reliance on Previously Issued Financial Statements It has been discovered that the 10-Q filed on 25 March 2019 may contain material misstatements concerning the quarterly period ending on 31 Januar"
1606180,2019-03-29,0001193125-19-092953,d674649d8k.htm,keep,"ial accounting standards provided pursuant to Section 13(a) of the Exchange Act. &#9746; Item 4.02. Non-Reliance on Previously Issued Financial Statements or a Related Audit Report or Completed Interim Review. On March 29, 2019, AAC Holdings, Inc. (the &#147;Company&#148;), the Audit Committee (the "
1731831,2019-04-01,0001193125-19-094700,d718206d8k.htm,keep,"ial accounting standards provided pursuant to Section 13(a) of the Exchange Act. &#9746; Item 4.02. Non-Reliance on Previously Issued Financial Statements or a Related Audit Report or Completed Interim Review. (a) On February 21, 2019, Eidos Therapeutics, Inc. (the &#147;Company&#148;, &#147;our&#14"
1071411,2019-04-02,0001654954-19-003980,fsnn_8k.htm,keep,"of the Exchange Act.&#xA0;&#xA0; &#x2610; &#xA0; &#xA0; &#xA0; &#xA0; Item 4.02.&#xA0;&#xA0;&#xA0; Non-Reliance on Previously Issued Financial Statements or a Related Audit Report or Completed Interim Review. &#xA0; As previously disclosed, on May 4, 2018, Fusion Connect, Inc. (the &#x201C; Company "
1597846,2019-04-02,0001493152-19-004704,form8-k.htm,keep,"nt communications pursuant to Rule 13e-4(c) under the Exchange Act (17 CFR 240.13e-4(c)) Item 4.02. NON-RELIANCE ON PREVIOUSLY ISSUED FINANCIAL STATEMENTS OR A RELATED AUDIT REPORT OR COMPLETED INTERIM REVIEW. On March 30, 2019, the Company's management, together with the Audit Committee of the Boar"
1086745,2019-04-03,0001654954-19-003991,dcar_8k.htm,keep,"ct.&#xA0;&#xA0; &#x2610; &#xA0;&#xA0;&#xA0;&#xA0; &#xA0; &#xA0; &#xA0; Item 4.02 &#xA0;&#xA0;&#xA0; Non-Reliance on Previously Issued Financial Statements or a Related Audit Report or Completed Interim Review. &#xA0; On March 29, 2019, the Audit Committee (the &#x201C;Audit Committee&#x201D;) of the"
1122063,2019-04-04,0001493152-19-004915,form8-k.htm,keep,"nancial accounting standards provided pursuant to Section 13(a) of the Exchange Act. [ ] Item 4.02. Non-Reliance on Previously Issued Financial Statements or a Related Audit Report or Completed Interim Report On April 2, 2019, the Audit Committee (&ldquo;Audit Committee&rdquo;) of FTE Networks, Inc."
1538217,2019-04-08,0001553350-19-000344,srax_8k.htm,keep,"ncial accounting standards provided pursuant to Section 13(a) of the Exchange Act. &#168; Item 4.02 Non-Reliance on Previously Issued Financial Statements or a Related Audit Report or Completed Interim Review On April 7, 2019, management of Social Reality, Inc. (the &#147;Company&#148;) concluded an"
1604627,2019-04-09,0001144204-19-018877,tv518460_8k.htm,keep,"financial accounting standards provided pursuant to Section 13(a) of the Exchange Act. x Item 4.02 Non-Reliance on Previously Issued Financial Statements or a Related Audit Report or Completed Interim Review. On April 8, 2019, the Audit Committee of the Board of Directors (the &ldquo;Audit Committee"
1365916,2019-04-11,0001171843-19-002369,f8k_041119.htm,keep,"strant. The information contained in Item 1.01 above is incorporated herein by reference. Item 4.02 Non-Reliance on Previously Issued Financial Statements or a Related Audit Report or Completed Interim Review. (a) On April 5, 2019, the Audit Committee of the Board of Directors (the &ldquo; Audit Com"
1484769,2019-04-12,0001493152-19-005224,form8-k.htm,keep,"evised financial accounting standards pursuant to Section 13(a) of the Exchange Act. [ ] Item 4.02. Non-Reliance on Previously Issued Financial Statements or a Related Audit Report or Completed Interim Review. On April 8, 2019, Pulse Evolution Group, Inc. (the &ldquo;Company&rdquo;) was advised by i"
1522690,2019-04-16,0001213900-19-006444,f8k041519b_gwgholdings.htm,keep,"financial accounting standards provided pursuant to Section 13(a) of the Exchange Act. o Item 4.02 Non-Reliance on Previously Issued Financial Statements or a Related Audit Report or Completed Interim Review. On April 15, 2019, the Board of Directors of GWG Holdings, Inc. (the &quot;Company&quot;), "
1644903,2019-04-18,0001654954-19-004570,levb_8k.htm,keep,"pursuant to Section 13(a) of the Exchange Act.&#xA0;&#x2610; &#xA0; &#xA0; &#xA0; &#xA0; Item 4.02. Non-Reliance on Previously Issued Financial Statements or a Related Audit Report or Completed Interim Review. &#xA0; On April 12, 2019, the Chief Financial Officer of Level Brands, Inc. (the &#x201C;C"
1528396,2019-05-01,0001528396-19-000014,gwre8-kitem402.htm,keep,"on which registered Common Stock, $0.0001 par value GWRE New York Stock Exchange Item 4.02(a) &#160;Non-Reliance on Previously Issued Financial Statements or a Related Audit Report or Completed Interim Review. On April 25, 2019, the Audit Committee of the Board of Directors (the &#8220;Audit Committ"
949721,2019-05-03,0001213900-19-007734,f8k042619_attisndustries.htm,keep,"rant to purchase Common Stock (expiring January 30, 2022) ATISW The NASDAQ Capital Market Item 4.02 Non-Reliance on Previously Issued Financial Statements or a Related Audit Report or Completed Interim Report. On April 26, 2019, the board of directors (the &ldquo;Board&rdquo;) of Attis Industries In"
1637459,2019-05-06,0001637459-19-000033,may2019form8-k.htm,keep,"le to timely file its Quarterly Report on Form 10-Q for the period ended March 30, 2019. Item 4.02. Non-Reliance on Previously Issued Financial Statements or a Related Audit Report or Completed Interim Review. On May 2, 2019, the Company, in consultation with the Audit Committee of its Board of Dire"
917523,2019-05-08,0001193125-19-140524,d745317d8ka.htm,keep,"mbol(s) Name of each exchange on which registered Common Stock RVLT Nasdaq Capital Market Item 4.02 Non-Reliance on Previously Issued Financial Statements or a Related Audit Report or Completed Interim Review. As disclosed in its Form 8-K filed on December 11, 2018 (the &#147;Prior 8-K&#148;), on De"
1342287,2019-05-08,0001193125-19-141218,d742280d8k.htm,keep,"share) GFNCP NASDAQ Global Market 8.125% Senior Notes due 2021 GFNSL NASDAQ Global Market Item 4.02 Non-Reliance on Previously Issued Financial Statements or a Related Audit Report or Completed Interim Review. (a) On May 6, 2019, the Audit Committee of the Board of Directors of General Finance Corpo"
1579252,2019-05-13,0001579252-19-000083,form8-kxitem402.htm,keep,"SDAQ Stock Market LLC Warrants to purchase Common Stock JASNW The NASDAQ Stock Market LLC Item 4.02 Non-Reliance on Previously Issued Financial Statements or a Related Audit Report or Completed Interim Review. &#160; (a) &#160;&#160;&#160;&#160;On May 13, 2019, the Chief Executive Officer and Chief "
1365916,2019-05-16,0001171843-19-003428,f8k_051619.htm,keep,"that the Company's financial statements for (i) the year ended December 31, 2017 (the &ldquo; 2017 Non-Reliance Period &rdquo;) and (ii) the quarters and year to date periods ended March 31, 2018, June 30, 2018 and September 30, 2018 (the &ldquo; 2018 Non-Reliance Periods &rdquo; and, together with "
1399306,2019-05-20,0001399306-19-000031,form-8k.htm,keep,"ent communications pursuant to Rule 13e-4(c) under the Exchange Act (17 CFR 240.13e-4(c)) Item 4.02 Non-Reliance of Previously Issued Financial Statements or Related Audit Report or Completed Interim Review On May 17, 2019, the Company notes that due to errors described in this Item 4.02, disclosure"
1579010,2019-05-30,0001017386-19-000134,lfer_2019may26-8k.htm,keep,"financial accounting standards provided pursuant to Section 13(a) of the Exchange Act. x Item 4.02 Non-Reliance on Previously Issued Financial Statements or a Related Audit Report or Completed Interim Review. On May 26, 2019, management of Life On Earth, Inc., a Delaware corporation (the &ldquo;Comp"
1122063,2019-06-13,0001493152-19-009142,form8-k.htm,keep,"inancial accounting standards provided pursuant to Section 13(a) of the Exchange Act. [ ] Item 4.02 Non-Reliance on Previously Issued Financial Statements or a Related Audit Report or Completed Interim Review. The Company previously announced that on April 2, 2019 that the Audit Committee (&ldquo; A"
1725579,2019-06-17,0001725579-19-000033,ps06172019-8k.htm,keep,"dards provided pursuant to Section 13(a) of the Exchange Act. &#168; &#160; &#160; &#160; Item 4.02 Non-Reliance on Previously Issued Financial Statements or a Related Audit Report or Completed Interim Review. (a) &#32;On June 13, 2019, the Board of Directors (the ""Board"") of Pluralsight, Inc. (the "
1072627,2019-06-19,0001072627-19-000054,a8-krestatements.htm,spac_warrant_reclassification,warrant reclassification per the 2021 SEC statement
1084370,2019-06-24,0001654954-19-007576,bcii_8k.htm,keep,"ection 13(a) of the Exchange Act. &#x2610; &#xA0; &#xA0; &#xA0; &#xA0; Item 4.02 &#xA0;&#xA0;&#xA0; Non-Reliance on Previously Issued Financial Statements or a Related Audit Report or Completed Interim Report. &#xA0; On April 8, 2019, the board of directors (the &#x201C;Board&#x201D;) of Blockchain "
864240,2019-06-27,0001437749-19-012920,sypr20190625_8k.htm,keep,"of 1933, except as shall be expressly set forth by specific reference in such filing. Item 4.02(a). Non-Reliance on Previously Issued Financial Statements or a Related Audit Report or Completed Interim Review . As noted above under Item 2.02, the Company implemented a new ERP system for its Sypris E"
1419275,2019-06-28,0001185185-19-000924,greenbox20190627_8k.htm,keep,";, each as defined in Regulation S-K Item 304(a)(1)(iv) and 304(a)(1)(v), respectively. Item 4 .0 2 Non-Reliance on Previously Issued Financial Statements or a Related Audit Report or Completed Interim Review . On June 27, 2019, the sole officers and directors, Ben Errez and Fredi Nisan (the &#8220;"
949721,2019-07-02,0001213900-19-011985,f8k062719_attisindustries.htm,keep,"cial accounting standards provided pursuant to Section 13(a) of the Exchange Act. &#9744; Item 4.02 Non-Reliance on Previously Issued Financial Statements or a Related Audit Report or Completed Interim Report. On June 26, 2019, the audit committee (the &ldquo;Audit Committee&rdquo;) of the board of "
1133062,2019-07-24,0001140361-19-013356,form8ka.htm,keep,"160; While the Original Form 8-K reported the Company's prior cautionary determination that certain previously issued financial statements should not be relied upon, the Company is filing this Amended Form 8-K to disclose its further assessment and analysis, as a result of which the Company has revo"
1437491,2019-07-25,0001213900-19-013618,f8k071919_ecoarkhlds.htm,keep,"class Trading Symbol(s) Name of each exchange on which registered Common stock ZEST OTCQX Item 4.02 Non-Reliance on Previously Issued Financial Statements or a Related Audit Report or Completed Interim Review On July 19, 2019, the Audit Committee of the Board of Directors of Ecoark Holdings, Inc., a"
1600422,2019-07-31,0001493152-19-011437,form8-k.htm,keep,"nancial accounting standards provided pursuant to Section 13(a) of the Exchange Act. [ ] Item 4.02. Non-Reliance on Previously Issued Financial Statements or a Related Audit Report or Completed Interim Review. On July 25, 2019, Moss Adams LLP (&ldquo;Moss Adams&rdquo;), as the independent registered"
1386026,2019-08-01,0001493152-19-011460,form8-k.htm,keep,"ein. A copy of such letter, dated July 31, 2019, is filed as Exhibit 16.1 to this Report. Item 4.02 Non-Reliance on Previously Issued Financial Statements or a Related Audit Report or Completed Interim Review. (a) On July 22, 2019, the Company became aware of the fact that E&K, who had purportedly a"
1111741,2019-08-07,0001121781-19-000061,dynr8k8619.htm,keep,"cement communications pursuant to Rule 13e-4(c) under the Exchange Act (17 CFR 240.13e-4(c)) 1 4.02 Non-Reliance on Previously Issued Financial Statements or a Related Audit Report or Completed Interim Review. On July 31, 2019, the Board of Directors of DynaResource, Inc. (the &ldquo;Company&rdquo;)"
1716188,2019-08-13,0001493152-19-012178,form8-k.htm,keep,"nancial accounting standards provided pursuant to Section 13(a) of the Exchange Act. [ ] Item 4.02. Non-Reliance on Previously Issued Financial Statements or a Related Audit Report or Completed Interim Review. (a) On August 9, 2019, the Audit Committee of the Board of Directors of SSB Bancorp, Inc. "
920448,2019-08-15,0001562762-19-000214,bvsn-20190815x8k.htm,keep,", except as shall be expressly set forth by specific reference in such a filing. &#xFEFF; Item 4.02 Non-Reliance on Previously Issued Financial Statements or a Related Audit Report or Completed Interim Review. &#xFEFF; On August 12, 2019, the Audit Committee of the Company&#x2019;s Board of Director"
1514732,2019-08-16,0001193125-19-222908,d778870d8k.htm,keep,cial accounting standards provided pursuant to Section 13(a) of the Exchange Act. &#9744; Item 4.02 Non-Reliance on Previously Issued Financial Statements or a Related Audit Report or Completed Interim Review. The Securities and Exchange Commission (the &#147;SEC&#148;) has been conducting an invest
835662,2019-08-26,0001493152-19-013385,form8-k.htm,keep,of each class Trading Symbol(s) Name of each exchange on which registered N/A &mdash; N/A Item 4.02 Non-Reliance on Previously Issued Financial Statements or a Related Audit Report or Completed Interim Review During the course of the preparation of the financial statements of AiXin Life Internationa
1051514,2019-08-26,0001051514-19-000069,form_8-k.htm,keep,"ounting standards provided pursuant to Section 13(a) of the Exchange Act. &#9633; &#160; Item 4.02. Non-Reliance on Previously Issued Financial Statements of a Related Audit Report or Completed Interim Report On August 21, 2019, the Audit Committee of the Board of Directors (the &#8220; Audit Commit"
929940,2019-09-10,0000929940-19-000037,a091020198-k.htm,keep,"vided pursuant to Section&#160;13(a) of the Exchange Act.&#160;&#160;&#160;&#160;&#9633; Item 4.02. Non-Reliance on Previously Issued Financial Statements or a Related Audit Report or Completed Interim Review Aspen Technology, Inc. (the &#8220;Company&#8221;) has determined that the Company's previo"
1439299,2019-10-08,0001213900-19-019977,f8k100219_consumercapital.htm,keep,"Act: None Title of each class Trading Symbol(s) Name of each exchange on which registered Item 4.02 Non-Reliance on Previously Issued Financial Statements or a Related Audit Report or Completed Interim Review. (a) On October 2, 2019, the Chief Executive Officer and Chief Financial Officer of Consume"
896429,2019-10-09,0001140361-19-018252,form8k.htm,keep,"ccounting standards provided pursuant to Section 13(a) of the Exchange Act.&#160; &#9744; Item 4.02 Non-Reliance on Previously Issued Financial Statements or a Related Audit Report or Completed Interim Review. (a) On October 7, 2019, the Board of Directors (the &#8220;Board&#8221;) of USA Technologi"
1498148,2019-10-16,0001161697-19-000448,form_8-k.htm,keep,"inancial accounting standards provided pursuant to Section 13(a) of the Exchange Act. [_] ITEM 4.02 NON-RELIANCE ON PREVIOUSLY ISSUED FINANCIAL STATEMENTS OR A RELATED AUDIT REPORT OR COMPLETED INTERIM REVIEW. On August 26, 2019, a Form 10-K for the fiscal year ended February 28, 2019 (the &ldquo;20"
909724,2019-10-21,0000909724-19-000022,form8-k.htm,keep,"provided pursuant to Section&#160;13(a) of the Exchange Act.&#160;&#160;&#9744; &#160; 1 Item 4.02 Non-Reliance on Previously Issued Financial Statements or a Related Audit Report or Completed Interim Review. As previously announced in the Current Report on Form 8-K filed on August 14, 2019 (the ""Pr"
1084384,2019-10-21,0001104659-19-055290,tm1920647d1_8k.htm,keep,"lass Trading Symbol(s) Name of each exchange on which registered Common Stock TEUM NASDAQ Item 4.02 Non-Reliance on Previously Issued Financial Statements or a Related Audit Report or Completed Interim Review. On October 21, 2019, the board of directors of Pareteum Corporation (the &ldquo;Company&rd"
826253,2019-10-23,0001213900-19-020897,f8k101819_aurasystem.htm,keep,"Act: Title of each class Trading Symbol(s) Name of each exchange on which registered Item 4.02 (a). Non-Reliance on Previously Issued Financial Statements or a Related Audit Report or Completed Interim Review. On October 18, 2019, the Audit Committee of the Board of Directors of Aura Systems, Inc. ("
1498148,2019-10-25,0001161697-19-000459,form_8-k.htm,keep,"Current Report on Form 8-K filed on October 16, 2019 and add an exhibit under Item 9.01. ITEM 4.02 NON-RELIANCE ON PREVIOUSLY ISSUED FINANCIAL STATEMENTS OR A RELATED AUDIT REPORT OR COMPLETED INTERIM REVIEW. On August 26, 2019, a Form 10-K for the fiscal year ended February 28, 2019 (the &ldquo;201"
63276,2019-10-29,0001193125-19-277846,d788142d8k.htm,keep,"rnished as Exhibit 99.1 hereto. This exhibit is incorporated herein by reference. Item&#160;4.02(a) Non-Reliance on Previously Issued Financial Statements or a Related Audit Report or Completed Interim Review . On October 28, 2019, the Company, in consultation with the Audit Committee of its Board o"
1425287,2019-11-01,0001628280-19-013072,wkhs-20191028.htm,keep,"ered Common Stock, $0.001 par value per share WKHS The Nasdaq Capital Market Item&#160;4.02(a)&#160;Non-Reliance on Previously Issued Financial Statements or a Related Audit Report or Completed Interim Review On October 28, 2019, the Audit Committee of the Board of Directors of Workhorse Group, Inc."
1758157,2019-11-04,0001213900-19-021858,f8k110119_emaginosinc.htm,keep,"class Trading Symbol(s) Name of each exchange on which registered Common Stock None None Item 4.02, Non-Reliance on Previously Issued Financial Statements or a Related Audit Report or Completed Interim Report On November 1, 2019, management of Emaginos Inc. (the &ldquo; Company &rdquo;) dismissed it"
1041657,2019-11-12,0001041657-19-000034,form8-knovember122019.htm,keep,"o Rule 13e-4(c) under the Exchange Act (17 CFR 240.13e-4(c)) &#160; &#160; &#160; ITEM 2.02. &#160; Non-Reliance&#160;on Previously Issued Financial Statements or a Related Audit Report or Completed Interim Review. &#160; On November 12, 2019, Urban One, Inc. (the ""Company""), the Audit Committee (th"
1041657,2019-11-14,0001041657-19-000036,form8-knovember142019.htm,keep,"60;A copy of the revised press release is attached as Exhibit 99.1. &#160; &#160; ITEM 4.02. &#160; Non-Reliance&#160;on Previously Issued Financial Statements or a Related Audit Report or Completed Interim Review. &#160; On November 7, 2019, Urban One, Inc. (the ""Company"") issued a press release se"
1462223,2019-11-14,0001213900-19-023551,f8k110819_recruitercom.htm,keep,"he Exchange Act. &#9744; Securities registered pursuant to Section 12(b) of the Act: None Item 4.02 Non-Reliance on Previously Issued Financial Statements or a Related Audit Report or Completed Interim Review. (a) On November 8, 2019, management of Recruiter.com Group, Inc. (the &ldquo;Company&rdquo"
862861,2019-11-15,0001683168-19-003683,janone_8k.htm,keep,"financial accounting standards provided pursuant to Section 13(a) of the Exchange Act. o Item 4.02. Non-Reliance on Previously Issued Financial Statements or a Related Audit Report or Completed Interim Review. On November 11, 2019, the Audit Committee of the Board of Directors (the &ldquo;Committee&"
1656501,2019-11-15,0001493152-19-017651,form8-k.htm,keep,"the item 4.02 disclosure below. As soon as a new independent auditing firm is retained, the Company intends to restate the 2019 Quarterly Reports. (b) New Independent Auditing Firm The Company does not currently have an independent auditing firm but is engaged in acquiring a new independent register"
1100778,2019-11-18,0001165527-19-000196,g8766.htm,keep,"ed financial accounting standards provided pursuant to Section 13(a) of the Exchange Act. Item 4.02 Non-Reliance on Previously Issued Financial Statements or a Related Audit Report or Completed Interim Review. On November 8, 2019, the Board of Directors of Rokk3r Inc. (the &#8220;Company&#8221;) con"
1435508,2019-11-19,0000943374-19-000490,form8k.htm,keep,"ccounting standards provided pursuant to Section 13(a) of the Exchange Act.&#160; &#9633; Item 4.02 Non-Reliance on Previously Issued Financial Statements or a Related Audit Report or Completed Interim Review. (a) &#160; On November 18, 2019, the Audit Committee of the Board of Directors of First Sa"
1413898,2019-11-20,0001413898-19-000042,ahc-20191116x8k.htm,keep,"for the Company to regain compliance, depending on the specific circumstances. &#xFEFF; Item 4.02. Non-Reliance on Previously Issued Financial Statements or a Related Audit Report or Completed Interim Review. (a ) As disclosed in its Current Report on Form 8-K filed on November 5, 2019, the Company "
1489644,2019-11-22,0001104659-19-066716,tv533392_8k.htm,keep,"e Exchange Act. &#168; Section 4. Matters Related to Accountants and Financial Statements Item 4.02 Non-Reliance on Previously Issued Financial Statements or a Related Audit Report or Completed Interim Review. On October 10, 2019, the Board of Directors (the &ldquo;Board&rdquo;) of QMIS Finance Secu"
1627606,2019-12-18,0001477932-19-007180,dtea_8k.htm,keep,"financial accounting standards provided pursuant to Section 13(a) of the Exchange Act. x Item 4.02. Non-Reliance on Previously Issued Financial Statements or a Related Audit Report or Completed Interim Review On December 12, 2019 the Board of Directors (the &#8220;Board&#8221;) of DAVIDsTEA Inc., a "
725363,2019-12-23,0001654954-19-014163,cvm_8k.htm,keep,") of the Exchange Act. &#x2610; &#xA0; &#xA0; &#xA0; &#xA0; Item 4.02&#xA0;&#xA0;&#xA0;&#xA0;&#xA0; Non-Reliance on Previously Issued Financial Statements or a Related Audit Report or Completed Interim Review. &#xA0; On December 16, 2019 the Company filed its 10-K report for the year ended September"
1655020,2019-12-23,0001655020-19-000187,xog-20191223.htm,keep,"cial accounting standards provided pursuant to Section 13(a) of the Exchange Act. &#168; Item 4.02. Non-Reliance on Previously Issued Financial Statements or a Related Audit Report or Completed Interim Review. On December 17, 2019, Extraction Oil and Gas, Inc. (the &#8220;Company&#8221; or the &#822"
1074828,2020-01-22,0001654954-20-000673,knwn_8k.htm,keep,"rovided pursuant to Section 13(a) of the Exchange Act. &#xA0; &#xA0; &#xA0; &#xA0; &#xA0; Item 4.02 Non-Reliance on Previously Issued Financial Statements or a Related Audit Report or Complete Interim Review &#xA0; Amended and Restated Form 10-Q for the Three and Six Months Ended March 31, 2019 &#xA"
1419275,2020-01-28,0001185185-20-000081,greenbox20200127_8ka.htm,keep,"x, including the presentation of financial information of GreenBox for previous periods. Item 4.0 2 Non-Reliance on Previously Issued Financial Statements or a Related Audit Report or Completed Interim Review. On January 27, 2020, Management determined that the Company will no longer be filing an am"
1474439,2020-02-12,0001193125-20-031843,d858302d8ka.htm,keep,rable GAAP financial measures on its website when it completes its Q2 Form 10-Q. Item&#160;4.02(a). Non-reliance on Previously Issued Financial Statements Description of Error See discussion set forth under Item 2.02 above. Based on this further review and update of revenue related to the Grab Trans
1664703,2020-02-12,0001664703-20-000003,bloom_8-kxmsa2x12x20.htm,keep,"copy of this press release is attached hereto as Exhibit 99.1. Item 4.02. &#160;&#160;&#160;&#160; Non-Reliance on Previously Issued Financial Statements or a Related Audit Report or Completed Interim Review On February 11, 2020, the Audit Committee of the Board of Directors (the &#8220;Audit Commit"
10456,2020-02-13,0001193125-20-035710,d835972d8k.htm,keep,"s Current Report on Form &#160;8-K is incorporated by reference into this Item 2.02. Item&#160;4.02 Non-Reliance on Previously Issued Financial Statements or a Related Audit Report or Completed Interim Review. On October&#160;24, 2019, Baxter International Inc. (&#8220;Baxter&#8221; or the &#8220;Co"
1173281,2020-02-13,0001104659-20-020287,tm207930-1_8k.htm,keep,"019 until after the Company engages a new independent registered public accounting firm. Item 4.02. Non-Reliance on Previously Issued Financial Statements or a Related Audit Report or Completed Interim Review. (a) On February 12, 2020, the Company, in consultation with the Audit Committee, determine"
889348,2020-02-14,0001387131-20-001828,cvu-8k_021120.htm,keep,"h exchange on which registered Common stock, $0.001 par value per share CVU NYSE American Item 4.02 Non-Reliance on Previously Issued Financial Statements or a Related Audit Report or Completed Interim Review. On February 12, 2020, the audit committee of the board of directors (&#8220;Audit Committe"
1074828,2020-02-14,0001161697-20-000087,form_8-k.htm,keep,"rdquo;) determined the financial statements for the periods ending March 31, 2019 and June 30, 2019 should no longer be relied upon. This Amendment does not amend or otherwise update any other information in the Original Filing. Accordingly, this Amendment should be read in conjunction with the Orig"
896429,2020-02-18,0001140361-20-003543,form8k.htm,keep,"ccounting standards provided pursuant to Section 13(a) of the Exchange Act.&#160; &#9744; Item 4.02 Non-Reliance on Previously Issued Financial Statements or a Related Audit Report or Completed Interim Review. (a) On February 14, 2020, the Board of Directors (the &#8220;Board&#8221;) of USA Technolo"
1051470,2020-02-26,0001051470-20-000068,q420198-kixbrl.htm,keep,"2019. The February 26, 2020 press release is furnished herewith as Exhibit 99.1. ITEM 4.02 &#8212; NON-RELIANCE ON PREVIOUSLY ISSUED FINANCIAL STATEMENTS OR A RELATED AUDIT REPORT OR COMPLETED INTERIM REVIEW (a) Correction of Errors in Previously Issued Financial Statements Following review of the C"
874499,2020-02-27,0001193125-20-052671,d890836d8k.htm,keep,"ded pursuant to Section 13(a) of the Exchange Act.&#160;&#160; &#9744; &#160; &#160; Item&#160;4.02 Non-Reliance on Previously Issued Financial Statements or a Related Audit Report or Completed Interim Review. &#160; On February&#160;25, 2020, management of Gulfport Energy Corporation (the &#8220;Co"
1415605,2020-03-02,0001062993-20-001215,form8k.htm,keep,"pursuant to Section 13(a) of the Exchange Act.&#160; &#160; [ &#160; ] __________ Item 4.02 &#160; Non-Reliance on Previously Issued Financial Statements On October 10, 2019, the Board of Directors of Qornerstone, Inc. (the ""Company"") determined that certain of the Company's previously issued consol"
1729149,2020-03-03,0001729149-20-000002,form8-kq42019earningsrelea.htm,keep,"ange Act, except as shall be expressly set forth by specific reference in such a filing. Item 4.02. Non-reliance on Previously Issued Financial Statements or a Related Audit Report or Completed Interim Review. On March 2, 2020, the Audit Committee of the Board of Directors of the Company concluded, "
1095130,2020-03-06,0001654954-20-002335,iotc_8k.htm,keep,"nt to Section 13(a) of the Exchange Act. &#x2610; &#xA0; &#xA0; &#xA0; ITEM 4.02 &#xA0;&#xA0;&#xA0; Non-Reliance on Previously Issued Financial Statements or a Related Audit Report or Completed Interim Review. &#xA0; On March 4, 2020, the Board of Directors of Iota Communications, Inc. (the &#x201C;"
84112,2020-03-11,0001493152-20-003683,form8-k.htm,keep,"ial accounting standards provided pursuant to Section 13(a) of the Exchange Act. [ ] Item 4.02 (a). Non-Reliance on Previously Issued Financial Statements or a Related Audit Report or Completed Interim Review. On March 4, 2020, the Chief Financial Officer of George Risk Industries Inc. (the &ldquo;C"
84112,2020-03-12,0001493152-20-003742,form8-ka.htm,keep,"rom the accountants is now included, as is required by Exchange Act Item 4.02(c)(2). Item 4.02 (a). Non-Reliance on Previously Issued Financial Statements or a Related Audit Report or Completed Interim Review. On March 4, 2020, the Chief Financial Officer of George Risk Industries Inc. (the &ldquo;C"
719135,2020-03-16,0000719135-20-000022,a2019q4apyx8-kearningsrele.htm,keep,"as amended, except as shall be expressly set forth by specific reference in such filing. ITEM 4.02. Non-Reliance on Previously Issued Financial Statements or a Related Audit Report or Completed Interim Review On March 12, 2020, our Management and the Audit Committee of the Board of Directors, follow"
1290900,2020-03-16,0001628280-20-003635,a4028k.htm,keep,"unications pursuant to Rule 13e-4(c) under the Exchange Act (17 CFR 240.13e-4(c)) &#160; Item 4.02. Non-Reliance on Previously Issued Financial Statements or a Related Audit Report or Completed Interim Review. On March 12, 2020, the Audit Committee of the Board of Directors (the &#8220;Audit Committ"
1620179,2020-03-17,0001104659-20-034822,tm2012800-1_8k.htm,keep,"y by reference to the full text of the Purchase Agreement filed herewith as Exhibit 10.1. Item 4.02 Non-Reliance on Previously Issued Financial Statements or a Related Audit Report or Completed Interim Review. As previously reported, on September 21, 2017, former stockholders of the Company's subsid"
1656472,2020-03-17,0001656472-20-000017,form8ka.htm,keep,"99.1 to this Current Report on Form 8-K and is incorporated herein in by reference. Item 4.02.&#160;Non-Reliance on Previously Issued Financial Statements or a Related Audit Report or Completed Interim Review. &#160; On March 17, 2020, the Company, on the recommendation of the Audit Committee of the"
719135,2020-03-19,0000719135-20-000026,a2019q4apyx8-kearningsrele.htm,keep,"as amended, except as shall be expressly set forth by specific reference in such filing. ITEM 4.02. Non-Reliance on Previously Issued Financial Statements or a Related Audit Report or Completed Interim Review On March 12, 2020, our Management and the Audit Committee of the Board of Directors, follow"
1498710,2020-03-26,0001498710-20-000118,a8-k03262020.htm,keep,"l accounting standards provided pursuant to Section 13(a) of the Exchange Act. &#9744; Item 4.02(a) Non-Reliance on Previously Issued Financial Statements or a Related Audit Report of Completed Interim Review On March 21, 2020, Spirit Airlines, Inc. (&#8220;Spirit&#8221; or ""the Company""), after con"
1574291,2020-03-30,0001574291-20-000004,a8-kgsv402.htm,keep,"EM 2.02 &#8212; RESULTS OF OPERATIONS AND FINANCIAL CONDITION Expected Impact of the Restatement of Previously Issued Financial Statements As discussed below in Item 4.02, CC Holdings GS V LLC (""CCL"") is restating its financial statements for the years ended December&#160;31, 2018 and 2017, and unau"
1653558,2020-03-30,0001653558-20-000014,a8k-restatement.htm,keep,"ccounting standards provided pursuant to Section 13(a) of the Exchange Act. &#9744; Item 4.02&#160; Non-Reliance on Previously Issued Financial Statements or a Related Audit Report or Completed Interim Review &#160; On March 26, 2020, the Audit Committee of the Board of Directors (the &#8220;Audit C"
728385,2020-04-14,0001477932-20-001960,meec_8k.htm,keep,"financial accounting standards provided pursuant to Section 13(a) of the Exchange Act. o Item 4.02 Non-Reliance on Previously Issued Financial Statements or a Related Audit Report or Completed Interim Review. In connection with the December 31, 2019 year-end audit of Midwest Energy Emissions Corp. ("
1223389,2020-04-14,0001223389-20-000015,a8-k13120earningsrelease.htm,keep,"any information in the report that is required to be disclosed solely by Regulation FD. Item 4.02. Non-Reliance on Previously Issued Financial Statements or a Related Audit Report or Completed Interim Review. (a) Correction of Errors in Previously Issued Financial Statements On April 8, 2020, the Au"
1503161,2020-04-20,0001493152-20-006741,form8-k.htm,keep,"it firm, the Company will file a Current Report on Form 8-K to disclose that engagement. Item 4.02. Non-Reliance on Previously Issued Financial Statements or a Related Audit Report or Completed Interim Audit Report. As previously disclosed, on September 16, 2019, the Company effected a share exchang"
14846,2020-04-21,0001213900-20-009757,ea120877-8k_brtapartm.htm,keep,"nded, except as shall be expressly set forth by specific reference in such filing. &#160; Item 4.02 Non-Reliance on Previously Issued Financial Statements or a Related Audit Report or Completed interim Review. &#160; (a) On March 12, 2020, we announced that we were evaluating whether certain revisio"
1095130,2020-04-24,0001654954-20-004412,iotc_8k.htm,keep,"pursuant to Section 13(a) of the Exchange Act. &#x2610; &#xA0; &#xA0; &#xA0; &#xA0; ITEM&#xA0;4.02 Non-Reliance on Previously Issued Financial Statements or a Related Audit Report or Completed Interim Review. &#xA0; As reported on a Current Report on Form 8-K filed by Iota Communications, Inc. (the "
834365,2020-04-30,0001437749-20-009022,bioli20200429_8k.htm,spac_warrant_reclassification,warrant reclassification per the 2021 SEC statement
1667489,2020-05-04,0001654954-20-004880,lsyn_8k.htm,keep,"t to Section 13(a) of the Exchange Act &#x2612; &#xA0; &#xA0; &#xA0; &#xA0; &#xA0; &#xA0; Item 4.02 Non-Reliance on Previously Issued Financial Statements or a Related Audit Report or Completed Interim Review. &#xA0; On April 28, 2020, the Audit Committee of the Board of Directors of Liberated Syndi"
1080319,2020-05-05,0001017386-20-000127,nwgi_2020may5-8k.htm,keep,"cial accounting standards provided pursuant to Section 13(a) of the Exchange Act. &#9744; Item 4.02 Non-Reliance on Previously Issued Financial Statements or a Related Audit Report or Completed Interim Review. (a) On May 1, 2020, the Audit Committee of the Board of Directors (the &ldquo;Board&rdquo;"
1205181,2020-05-13,0001493152-20-008456,form8-k.htm,keep,"nancial accounting standards provided pursuant to Section 13(a) of the Exchange Act. [ ] Item 4.02. Non-Reliance on Previously Issued Financial Statements or a Related Audit Report or Completed Interim Review. On May 11, 2020, the management of Grapefruit USA, Inc. (the &ldquo;Company&rdquo;) conclu"
1569994,2020-05-13,0001569994-20-000024,wsbf-05122020.htm,keep,"ncial accounting standards provided pursuant to Section 13(a) of the Exchange Act. &#160; Item 4.02 Non-Reliance on Previously Issued Financial Statements or a Related Audit Report or Completed Interim Review. (a) &#160; On May 12, 2020, the Audit Committee of the Board of Directors of Waterstone Fi"
1715942,2020-05-13,0001520138-20-000206,dtvn-20200512_8k.htm,keep,"cial accounting standards provided pursuant to Section 13(a) of the Exchange Act. &#9744; Item 4.02 Non-Reliance On Previously Issued Financial Statements Or A Related Audit Report Or Completed Interim Review. On May 12, 2020, our Chief Executive Officer determined that it is necessary to restate ou"
1662574,2020-05-14,0001683168-20-001541,grom_8k.htm,not_this_filer,
1756180,2020-05-14,0001065949-20-000061,nocera8kmay142020.htm,keep,"ncial accounting standards provided pursuant to Section 13(a) of the Exchange Act. &#168; Item 4.02 Non-Reliance on Previously Issued Financial Statements or a Related Audit Report or Completed Interim Report. On May 13, 2020, the Board of Directors and the management of Nocera, Inc. (the &quot;Comp"
14846,2020-05-15,0001213900-20-012637,ea121919-8ka1_brtapt.htm,keep,"ed basis should continue to be presented on such basis or under the Equity Method. &#160; Item 4.02 Non-Reliance on Previously Issued Financial Statements or a Related Audit Report or Completed Interim Review. &#160; On May 15, 2020, based on, among other things, guidance received from the OCA, our "
1467154,2020-05-15,0001467154-20-000059,novn-051420208k.htm,spac_warrant_reclassification,warrant reclassification per the 2021 SEC statement
1490161,2020-05-15,0001683168-20-001630,brog_8k.htm,keep,"nt to Section 13(a) of the Exchange Act. &#9744; INFORMATION TO BE INCLUDED IN THE REPORT Item 4.02 Non-Reliance On Previously Issued Financial Statements Or A Related Audit Report Or Completed Interim Review. (b) On May 11, 2020, Black Ridge Oil & Gas, Inc. (&ldquo;Black Ridge&rdquo; or &ldquo;the "
1416090,2020-05-22,0001493152-20-009719,form8-k.htm,keep,"nancial accounting standards provided pursuant to Section 13(a) of the Exchange Act. [ ] Item 4.02. Non-Reliance on Previously Issued Financial Statements or a Related Audit Report or Completed Interim Review. On May 18, 2020, the Company's Board of Directors, after consultation with Sadler Gibb & A"
1667489,2020-05-26,0001654954-20-005939,lsyn_8k.htm,keep,"ovided pursuant to Section 13(a) of the Exchange Act &#x2612; &#xA0; &#xA0; &#xA0; &#xA0; Item 4.02 Non-Reliance on Previously Issued Financial Statements or a Related Audit Report or Completed Interim Review. &#xA0; On April 28, 2020, the Audit Committee of the Board of Directors of Liberated Syndi"
1499832,2020-06-09,0001499832-20-000032,form8kmay22pressrelease.htm,keep,"year financial statements is hereby incorporated by reference. Item 4.02. &#160;&#160;&#160;&#160; Non-Reliance on Previously Issued Financial Statements or a Related Audit Report &#160;&#160;&#160;&#160;&#160;&#160;&#160;&#160;&#160;&#160;&#160;&#160; or Completed Interim Review In April 2020, our "
1709164,2020-06-11,0001709164-20-000022,a8-knoticeofpressrelease61.htm,keep,"al results, a copy of which is furnished as Exhibit 99.1 hereto. Item 4.02 &#160;&#160;&#160;&#160; Non-Reliance on Previously Issued Financial Statements or a Related Audit Report or Completed Interim Review. On June 11, 2020, the Audit Review Committee of the Board of Directors (the &#8220;Audit R"
1766682,2020-06-11,0001558370-20-007463,tmb-20200608x8k.htm,keep,"ertainty, audit scope or accounting principles. As described under Item 4.02(b) below, such reports should no longer be relied upon. The interim financial statements of CCFI during the year ended December 31, 2018 are not implicated in the Resignation Letters. During the two fiscal years ended Decem"
1477009,2020-07-07,0001104659-20-081450,tm2024094d3_8k.htm,keep,"cial accounting standards provided pursuant to Section 13(a) of the Exchange Act. &#168; Item 4.02. Non-Reliance on Previously Issued Financial Statements or a Related Audit Report or Completed Interim Review. On July 1, 2020, the audit committee of the board of directors and management of General C"
822370,2020-07-08,0001213900-20-016965,ea123925-8k_emmauslife.htm,keep,"ial accounting standards provided pursuant to Section 13(a) of the Exchange Act. &#9744; Item 4.02. Non-Reliance on Previously Issued Financial Statements or a Related Audit Report or Completed Interim Review On July 1, 2020, the Board of Directors of Emmaus Life Sciences, Inc. (&ldquo;we,&rdquo; &l"
1570132,2020-07-16,0001553350-20-000631,anvi_8k.htm,keep,"standards provided pursuant to Section 13(a) of the Exchange Act. &#168; Section 4 - Item 4.02(a). Non-Reliance on Previously Issued Financial Statements or Completed Interim Review. Overview On July 15, 2020, management, in the absence of an audit committee, of Anvi Global Holdings, Inc. (the &#147"
1709164,2020-07-24,0001709164-20-000030,hbbhc8-knonxreliance7232020.htm,keep,"of the Exchange Act.&#160;&#160;&#160;&#160;&#160;[ ] &#160; &#160; &#160; &#160; &#160; Item 4.02. Non-Reliance on Previously Issued Financial Statements or a Related Audit Report or Completed Interim Review. &#160;&#160;&#160;&#160; On July 23, 2020, the Audit Review Committee of the Board of Dire"
861459,2020-07-27,0001437749-20-015780,gva20200727_8k.htm,keep,"ction 13(a) of the Exchange Act.&#xa0;&#xa0;&#9744; &#xa0; &#xa0; &#xa0; &#xa0; I tem 4.02 . &#xa0; Non-Reliance on Previously Issued Financial Statements or a Related Audit Report or Completed Interim Review. &#xa0; &#xa0; On July 22, 2020, the Audit/Compliance Committee (the &#8220;Audit Committee"
315131,2020-07-29,0001564590-20-034382,phx-8k_20200723.htm,keep,"ursuant to Section 13(a) of the Exchange Act.&#160;&#160;&#160;&#160;&#160;&#160; &#9744; Item 4.02 Non-Reliance on Previously Issued Financial Statements or a Related Audit Report or Completed Interim Review. On July 23, 2020, management of Panhandle Oil and Gas Inc. (the &#8220;Company&#8221;) con"
1528129,2020-08-05,0001528129-20-000131,lpi-20200804.htm,keep,"financial accounting standards provided pursuant to Section 13(a) of the Exchange Act. o Item 4.02. Non-Reliance on Previously Issued Financial Statements or a Related Audit Report or Completed Interim Review. On August 4, 2020, the Audit Committee (the ""Audit Committee"") of the Board of Directors ("
1484769,2020-08-11,0001493152-20-015140,form8-k.htm,keep,"revised financial accounting standards pursuant to Section 13(a) of the Exchange Act. [ ] Item 4.02 Non-Reliance on Previously Issued Financial Statements. On August 10, 2020, the Board of Directors (the &ldquo; Board &rdquo;) of FaceBank Group, Inc. (the &ldquo; Company &rdquo;) concluded, upon the"
1045742,2020-08-14,0001564590-20-040176,live-8k_20200812.htm,keep,"rence into any filing under the Securities Act of 1933, as amended, or the Exchange Act. Item 4.02. Non-Reliance on Previously Issued Financial Statements or a Related Audit Report or Completed Interim Review. &#160; On August 12, 2020, the Audit Committee of the Board of Directors (the &#8220;Commi"
1590695,2020-08-14,0001437749-20-018062,tlcc20200814_8k.htm,keep,"Act. &#9744; Section 4 &#8211; Matters Related to Accountants and Financial Statements Item 4 .0 2 Non-Reliance on Previously Issued Financial Statements or a Related Audit Report or Completed Interim Review. On August 12, 2020, the Chief Financial Officer of Twinlab Consolidated Holdings, Inc. (the"
1662382,2020-08-18,0001213900-20-022701,ea125698-8k_brainsci.htm,keep,"cial accounting standards provided pursuant to Section 13(a) of the Exchange Act. &#9746; Item4.02. Non-Reliance on Previously Issued Financial Statements or a Related Audit Report or Completed Interim Review Brain Scientific Inc. (the &ldquo;Company&rdquo;), while undergoing the review of its conso"
1089531,2020-08-20,0001104659-20-097316,tm2029093d1_8k.htm,keep,"subject matter of the disagreement in connection with its report.&#160; &#160; Item 4.02&#160;&#160;Non-Reliance on Previously Issued Financial Statements or a Related Audit Report or Completed Interim Review &#160; In its resignation letter dated August 15, 2020, Friedman LLP requested that the Com"
861459,2020-08-27,0001437749-20-018847,gva20200819_8k.htm,keep,"ction 13(a) of the Exchange Act.&#xa0;&#xa0;&#9744; &#xa0; &#xa0; &#xa0; &#xa0; I tem 4.02 . &#xa0; Non-Reliance on Previously Issued Financial Statements or a Related Audit Report or Completed Interim Review. &#xa0; &#xa0; On August 26, 2020, the Audit/Compliance Committee (the &#8220;Audit Committ"
1479681,2020-09-08,0001607062-20-000259,clnh090820form8k.htm,keep,"ccounting standards provided pursuant to Section 13(a) of the Exchange Act. &#9744; 1 Item 4.02 &#9;Non-Reliance on Previously Issued Financial Statements or a Related Audit Report of &#9;&#9;Completed Interim Reports. On September 8, 2020, the board of directors (the &ldquo;Board&rdquo;) of Clinige"
1631282,2020-09-09,0001213900-20-025870,ea126554-8k_dataseainc.htm,keep,"ial accounting standards provided pursuant to Section 13(a) of the Exchange Act. &#9746; Item 4.02. Non-Reliance on Previously Issued Financial Statements or a Related Audit Report or Completed Interim Review. On September 7, 2020, the Audit Committee (the &ldquo;Audit Committee&rdquo;) of the Board"
1484769,2020-09-15,0001493152-20-017813,form8-k.htm,keep,"revised financial accounting standards pursuant to Section 13(a) of the Exchange Act. [ ] Item 4.02 Non-Reliance on Previously Issued Financial Statements. On September 14, 2020, the Board of Directors (the &ldquo; Board &rdquo;) of fuboTV Inc., a Florida corporation (the &ldquo; Company &rdquo;) co"
50292,2020-10-08,0001174947-20-000990,form8k-24854_ieh.htm,keep,"cial accounting standards provided pursuant to Section 13(a) of the Exchange Act. &#9744; Item 4.02 Non-Reliance on Previously Issued Financial Statements or a Related Audit Report or Completed Interim Review. On October 6, 2020, management of IEH Corporation (the &ldquo;Company&rdquo;) concluded, a"
1084475,2020-10-13,0001760319-20-000085,form8knon-relianceonprevious.htm,keep,"8-K 1 form8knon-relianceonprevious.htm form8knon-relianceonprevious.htm - Generated by SEC Publisher for SEC Filing UNITED STATES SECURITIES AND EXCHANGE COMMISSION Washington, D.C. 20549 Form 8-K CURRENT REPORT Pursuant to"
1626644,2020-10-15,0001683168-20-003444,odyssey_8k.htm,keep,"ncial accounting standards provided pursuant to Section 13(a) of the Exchange Act. &uml; Item 4.02. Non-Reliance on Previously Issued Financial Statements or a Related Audit Report or Completed Interim Review. On October 9, 2020, the Audit Committee (the &ldquo;Audit Committee&rdquo;) of the Board o"
1569329,2020-10-16,0001654954-20-011237,ygyi8k_oc162020.htm,keep,"tion contained herein is filed as Exhibit 16.1 to this Current Report on Form 8-K. &#xA0; Item 4.02 Non-Reliance on Previously Issued Financial Statements or a Related Audit Report or Completed Interim Review. &#xA0; On October 13, 2020, the Audit Committee of the Board, following discussions with m"
1528930,2020-10-26,0001104659-20-118215,tm2033368d5_8k.htm,keep,"lease is being furnished with this Current Report on Form 8-K as Exhibit 99.1. &#160; Item 4.02 (a) Non-Reliance on Previously Issued Financial Statements or a Related Audit Report or Completed Interim Review. &#160; As previously reported, on October 23, 2019, Franchise Group, Inc. (the &#8220;Comp"
1692415,2020-11-02,0001493152-20-020339,form8-k.htm,keep,"nancial accounting standards provided pursuant to Section 13(a) of the Exchange Act. [ ] Item 4.02. Non-Reliance on Previously Issued Financial Statements or a Related Audit Report or Completed Interim Review. On October 30, 2020, the Board of Directors of Co-Diagnostics, Inc. (the &ldquo; Company &"
943861,2020-11-06,0001104659-20-122486,tm2035322d1_8k.htm,keep,"ncial accounting standards provided pursuant to Section 13(a) of the Exchange Act. &#168; Item 4.02 Non-Reliance on Previously Issued Financial Statements or a Related Audit Report or Completed Interim Review. On November 5, 2020, Goodrich Petroleum Corporation (the &ldquo; Company &rdquo;) determin"
1794515,2020-11-09,0001794515-20-000030,zi-8kx20201109.htm,keep,"1 to this current report and is incorporated herein by reference. Item 4.02 &#160;&#160;&#160;&#160;Non-Reliance on Previously Issued Financial Statements or a Related Audit Report or Completed Interim Review. On November 5, 2020, the Audit Committee of the Board of Directors of the Company (the &#8"
1422892,2020-11-16,0001213900-20-037127,ea129936-8k_sinoglobal.htm,keep,"cial accounting standards provided pursuant to Section 13(a) of the Exchange Act. &#9744; Item 4.02 Non-Reliance on Previously Issued Financial Statements or a Related Audit Report or Completed Interim Review. On November 13, 2020, the Company management, after discussion with the Audit Committee of"
1367083,2020-11-17,0001683168-20-003995,sonoma_8k.htm,keep,"financial accounting standards provided pursuant to Section 13(a) of the Exchange Act. o Item 4.02. Non-Reliance on Previously Issued Financial Statements or a Related Audit Report or Completed Interim Review. On November 12, 2020, the Audit Committee of the Board of Directors and executive manageme"
1700849,2020-11-19,0001185185-20-001643,vado20201119_8k.htm,keep,"cial accounting standards provided pursuant to Section 13(a) of the Exchange Act. &#9744; Item 4.02 Non-Reliance on Previously Issued Financial Statements or a Related Audit Report or Completed Interim Review. On November 16, 2020, the Board of Directors (the &#8220;Board&#8221;) of Vado Corp. (the "
1493212,2020-11-20,0001078782-20-000898,f8k111620_8k.htm,keep,"and create a plant for restructuring, reorganization and reemergence by the end of 2020. Item 4.02 Non-Reliance on Previously Issued Financial Statements or a Related Audit Report or Completed Interim Review The Board has determined that the Form 10-K filed on April 10, 2020 for the Financial period"
1378125,2020-11-24,0001640334-20-002942,togl_8k.htm,keep,"ial accounting standards provided pursuant to Section 13(a) of the Exchange Act. &#9744; Item 4.02. Non-Reliance on Previously Issued Financial Statements or a Related Audit Report or Completed Interim Review. On November 19, 2020, the Audit Committee of the Board of Directors of Toga Limited (the &"
1807616,2020-11-25,0001213900-20-039357,ea130614-8k_higreatgroup.htm,keep,the Act: Title of each class Trading Symbol(s) Name of each exchange on which registered Item 4.02 Non-Reliance on Previously Issued Financial Statements or a Related Audit Report or Completed Interim Review. The Company is disclosing to the public that the recent financials posted for the period en
1054102,2020-12-08,0001493152-20-023091,form8-k.htm,keep,"Item 4.02(a) of this Current Report is incorporated by reference into this Item 2.06. Item 4.02(a). Non-Reliance on Previously Issued Financial Statements or a Related Audit Report or Completed Interim Review. On December 7, 2020, Interpace Biosciences, Inc. (the &ldquo;Company&rdquo;), with the con"
1315255,2020-12-22,0001628280-20-017693,gtit-20201216.htm,keep,"te credit card services and interest rate hedging for which they receive customary fees. Item 4.02. Non-Reliance on Previously Issued Financial Statements or a Related Audit Report or Completed Interim Review On December 16, 2020, the Board of Directors (the &#8220; Board &#8221;) of the Company con"
1562151,2020-12-22,0001562151-20-000088,cwgl-20201222.htm,keep,"&#160;&#160;&#160;&#160;&#160;&#160;&#160;&#160;&#160;&#160;&#160; Item 4.02&#160;&#160;&#160;&#160;Non-Reliance on Previously Issued Financial Statements or a Related Audit Report or Completed Interim Review. (a) On December 22, 2020, the Board of Directors of Crimson Wine Group, Ltd. (the &#8220;C"
725363,2020-12-29,0001654954-20-013974,cvm-20201231.htm,keep,"standards provided pursuant to Section 13(a) of the Exchange Act. &#x2610; &#xA0; &#xA0; Item 4.02 Non-Reliance on Previously Issued Financial Statements or a Related Audit Report or Completed Interim Review. &#xA0; On December 23, 2020, the board of directors (the &#x201C;Board&#x201D;) of CEL-SCI "
1690080,2020-12-31,0001213900-20-045765,ea132548-8k_180lifesciences.htm,keep,"d by Section 3(a)(9) of the Securities Act of 1933, as amended, for the above issuances. Item 4.02. Non-Reliance on Previously Issued Financial Statements or a Related Audit Report or Completed Interim Review. On December 29, 2020, the Board of Directors of the Company concluded, after discussion wi"
1550603,2021-01-20,0001564590-21-001630,mlvf-8k_20210114.htm,keep,"and is incorporated herein by reference. &#160; Item 4.02&#160;&#160;&#160;&#160;&#160;&#160;&#160;Non-Reliance on Previously Issued Financial Statements or a Related Audit Report or Completed Interim Review. &#160; In connection with the matters set forth in Item 3.01 above, which are hereby incorp"
1378125,2021-01-25,0001640334-21-000207,togl_8ka.htm,keep,"8-K&#8221;) which set forth that certain periods of the Company's consolidated financial statements should no longer be relied upon due to errors and should be restated. This Amendment is being filed to correct the periods that should no longer be relied upon, specifically to remove the reference to"
1656501,2021-01-27,0001493152-21-001919,form8-k.htm,keep,"inancial accounting standards provided pursuant to Section 13(a) of the Exchange Act. [ ] Item 4.02 Non-Reliance on Previously Issued Financial Statements or Related Audit Report or Completed Interim Report. The Board of Directors of BorrowMoney.com, Inc. (&ldquo;BorrowMoney.com&rdquo; or &ldquo;Com"
923601,2021-01-29,0001493152-21-002061,form8-k.htm,keep,"e of each exchange on which registered Common stock, par value $.01 per share SMDM OTCQX Item 4.02. Non-Reliance on Previously Issued Financial Statements or a Related Audit Report or Completed Interim Review. On January 26, 2021, the Audit Committee of the Board of Directors of The Singing Machine "
1690080,2021-02-03,0001213900-21-006454,ea134566-8k_180lifescien.htm,keep,"which were prepared by the former KBL management, for the interim period ended September 30, 2020, should no longer be relied upon due to errors in the consolidated financial statements and should be restated. Item 3.02. Unregistered Sales of Equity Securities. From January 15, 2021 to January 21, 2"
1704760,2021-02-12,0001213900-21-008950,ea135478-8k_americanvirtual.htm,spac_warrant_reclassification,warrant reclassification per the 2021 SEC statement
1550603,2021-02-16,0001564590-21-006096,mlvf-8k_20210216.htm,keep,"13(a) of the Exchange Act. &#9744; &#160; &#160; Item 4.02&#160;&#160;&#160;&#160;&#160;&#160;&#160;Non-Reliance on Previously Issued Financial Statements or a Related Audit Report or Completed Interim Review. &#160; As originally disclosed in Malvern Bancorp, Inc.'s (the &#8220;Company&#8221;) Annu"
1417663,2021-02-18,0001140361-21-005328,nt10015314x3_8k.htm,keep,"counting standards provided pursuant to Section 13(a) of the Exchange Act. &#9744; Item 4.02.&#160; Non-Reliance on Previously Issued Financial Statements or a Related Audit Report or Completed Interim Review. On February 12, 2021, the audit committee of the board of directors was made aware of and "
315852,2021-02-19,0001564590-21-006796,rrc-8k_20210216.htm,keep,"uant to Section 13(a) of the Exchange Act.&#160; &#9744; &#160; &#160; &#160; ITEM 4.02.&#160;&#160;Non-Reliance on Previously Issued Financial Statements or a Related Audit Report or Completed Interim Review. &#160; (a) On February 16, 2021, the Audit Committee of the Board of Directors (the &#8220"
861459,2021-02-19,0001437749-21-003348,gva20191229b_8k.htm,keep,"by specific reference in such filing.&#xa0;&#xa0; &#xa0; Item 4.02 . &#xa0;&#xa0;&#xa0;&#xa0;&#xa0; Non-Reliance on Previously Issued Financial Statements or a Related Audit Report or Completed Interim Review . &#xa0; On February 16, 2021, the Audit Committee, in consultation with the Company's inde"
1482554,2021-02-23,0001493152-21-004602,form8-k.htm,keep,"inancial accounting standards provided pursuant to Section 13(a) of the Exchange Act. [ ] Item 4.02 Non-Reliance of Previously Issued Financial Statements or Related Audit Report or Completed Interim Review On February 18, 2021, the Company has concluded, after consultation with its independent regi"
1038357,2021-02-24,0001038357-21-000012,pxd-20210222.htm,keep,"ection 13(a) of the Exchange Act. &#160;&#160;&#160;&#160;&#160;&#160;&#160;&#160; &#168; Item 4.02 Non-Reliance on Previously Issued Financial Statements or a Related Audit Report or Completed Interim Review Corrections to Previously Issued Financial Statements (a) On February 22, 2021, the Audit C"
1463258,2021-02-25,0001628280-21-003302,regi-20210223.htm,keep,"e is furnished as Exhibit 99.1 to this Current Report on Form 8-K. Item 4.02&#160;&#160;&#160;&#160;Non-Reliance on Previously Issued Financial Statements or a Related Audit Report or Completed Interim Review. (a) On February 23, 2021, the Board of Directors of the Company (the &#8220;Board&#8221;),"
1018840,2021-03-03,0001018840-21-000014,anf-20210301.htm,keep,Exhibit 99.4 to this Current Report on Form 8-K and is incorporated herein by reference. Item 4.02. Non-Reliance on Previously Issued Financial Statements or a Related Audit Report or Completed Interim Review. The Company has determined that the withdrawal of $50 million of excess funds from assets 
1029831,2021-03-03,0001029831-21-000019,hlm-20210303.htm,keep,"g standards provided pursuant to Section 13(a) of the Exchange Act.&#8195; &#9744; &#160; Item 4.02 Non-Reliance on Previously Issued Financial Statements or a Related Audit Report or Completed Interim Review On February 25, 2021, the Audit Committee of the Board of Directors (the ""Audit Committee"")"
1084384,2021-03-08,0001104659-21-033360,tm218964d1_8k.htm,keep,"ncial accounting standards provided pursuant to Section 13(a) of the Exchange Act. &#168; Item 4.02 Non-Reliance on Previously Issued Financial Statements or a Related Audit Report or Completed Interim Review. The registered public accounting firm of Squar Milner LLP, which is now part of Baker Till"
1725255,2021-03-09,0001104659-21-033864,tm218980d1_8k.htm,keep,"o Section&#160;13(a)&#160;of the Exchange Act. &#168; &#160; &#160; &#160; &#160; &#160; Item 4.02. Non-Reliance on Previously Issued Financial Statements or a Related Audit Report or Completed Interim Review. &#160; As previously disclosed in the Company's March 4, 2021 press release (the &#8220;Ea"
1649096,2021-03-11,0001437749-21-005693,clpr20210311_8k.htm,keep,"ar value $0.01 per share CLPR New York Stock Exchange &#xa0; &#xa0; &#xa0; &#xa0; &#xa0; Item 4.02. Non-Reliance on Previously Issued Financial Statements or a Related Audit Report or Completed Interim Review &#xa0; On March 11, 2021, the Audit Committee (the &#8220;Audit Committee&#8221;) of the Bo"
917273,2021-03-16,0001193125-21-082252,d154551d8k.htm,keep,"tion&#160;13(a) of the Exchange Act.&#160;&#160;&#9744; &#160; &#160; &#160; Item&#160;4.02 &#8211; Non-Reliance on Previously Issued Financial Statements or a Related Audit Report or Completed Interim Review On March&#160;15, 2021, the Audit Committee (the &#8220;Audit Committee&#8221;) of the Boar"
1093691,2021-03-16,0001104659-21-037184,tm219753d1_8k.htm,keep,"time, but the charges are not expected to result in any future cash expenditures. &#160; Item 4.02 Non-Reliance on Previously Issued Financial Statements or a Related Audit Report or Completed Interim Review . &#160; (a) On March 12, 2021, management and the Audit Committee of the Board of Directors"
1698991,2021-03-16,0001698991-21-000007,acel-20210314.htm,keep,"ial accounting standards provided pursuant to Section 13(a) of the Exchange Act. &#9744; Item 4.02. Non-Reliance on Previously Issued Financial Statements or a Related Audit Report or Completed Interim Review . As previously disclosed in the Company's March 15, 2021 press release (the &#8220;Earning"
1667489,2021-03-17,0001654954-21-002932,lsyn_8k.htm,keep,"e Exchange Act.&#xA0; &#x2612; &#xA0;&#xA0;&#xA0;&#xA0;&#xA0; &#xA0; &#xA0; &#xA0; &#xA0; Item 4.02 Non-Reliance on Previously Issued Financial Statements or a Related Audit Report or Completed Interim Review. &#xA0; On March 12, 2021, the Board of Directors (the &#x201C; Board &#x201D;) of Liberate"
707388,2021-03-29,0000921895-21-000879,form8k09271004_03302021.htm,keep,"cial accounting standards provided pursuant to Section 13(a) of the Exchange Act. &#9744; Item 4.02 Non-Reliance on Previously Issued Financial Statements or a Related Audit Report or Completed Interim Review. (a) On March 25, 2021, the Board of Directors (the &ldquo;Board&rdquo;) of Star Equity Hol"
1556266,2021-03-29,0001213900-21-018302,ea138483-8k_tdholding.htm,keep,"exchange on which registered Common Stock, par value $0.001 GLG Nasdaq Capital Market Item 4.02(b) Non-Reliance on Previously Issued Financial Statements or A Related Audit Report or Completed Interim Review. On March 26, 2021, the Audit Committee (the &ldquo; Audit Committee &rdquo;) of the Board o"
1810140,2021-03-29,0001213900-21-018274,ea138506-8k_1847goedekerinc.htm,keep,"ial accounting standards provided pursuant to Section 13(a) of the Exchange Act. &#9744; Item 4.02. Non-Reliance on Previously Issued Financial Statements or a Related Audit Report or Completed Interim Review On March 26, 2021, the Board of Directors of 1847 Goedeker Inc. (the &ldquo;Company&rdquo;)"
1811109,2021-03-30,0001607062-21-000067,auvi032221form8k.htm,keep,"l accounting standards provided pursuant to Section 13(a) of the Exchange Act. &#9744; 1 Item 4.02. Non-reliance on Previously Issued Financial Statements or a Related Audit Report or Completed Interim Review. On March 25, 2021, Adeptus Partners LLC, the independent registered public accounting firm"
1556266,2021-03-31,0001213900-21-019208,ea138755-8ka_tdholdin.htm,keep,"estatements. Except as set forth in the foregoing, the Original Form 8-K is unchanged. Item 4.02(a) Non-Reliance on Previously Issued Financial Statements or A Related Audit Report or Completed Interim Review. On March 26, 2021, the Audit Committee (the &ldquo; Audit Committee &rdquo;) of the Board "
1568385,2021-03-31,0001493152-21-007439,form8-k.htm,keep,"inancial accounting standards provided pursuant to Section 13(a) of the Exchange Act. [ ] Item 4.02 Non-Reliance on Previously Issued Financial Statements or a Related Audit Report or Completed Interim Review. On March 31, 2021, the Board of Directors and management, upon the recommendation of the A"
1090396,2021-04-01,0001437749-21-008003,tbltrc20210401_8k.htm,keep,"le of each class Trading Symbol(s) Name of each exchange on which registered N/A N/A N/A Item 4.02. Non-Reliance on Previously Issued Financial Statements or a Related Audit Report or Completed Interim Review. As previously disclosed in the Company's March 31, 2021 press release (the &#8220;Earnings"
1617669,2021-04-01,0001617669-21-000004,a8-k20210401.htm,keep,"financial accounting standards provided pursuant to Section 13(a) of the Exchange Act. o Item 4.02. Non-Reliance on Previously Issued Financial Statements or a Related Audit Report or Completed Interim Review. Restatement of 2020 Quarterly Financials On March 31, 2021, the Audit Committee of the Boa"
1282224,2021-04-08,0001553350-21-000281,dlpn_8k.htm,keep,"ncial accounting standards provided pursuant to Section 13(a) of the Exchange Act. &#168; Item 4.02 Non-Reliance on Previously Issued Financial Statements or a Related Audit Report or Completed Interim Review. (a) On April 8, 2021, the Audit Committee of the Board of Directors (the &#8220; Audit Com"
1656501,2021-04-13,0001493152-21-008582,form8-k.htm,keep,"inancial accounting standards provided pursuant to Section 13(a) of the Exchange Act. [ ] Item 4.02 Non-Reliance on Previously Issued Financial Statements or Related Audit Report or Completed Interim Report. The Board of Directors of BorrowMoney.com, Inc. (&ldquo;BorrowMoney.com&rdquo; or &ldquo;Com"
887247,2021-04-15,0001387131-21-004525,admp-8k_041421.htm,keep,"ursuant to Section 13(a) of the Exchange Act.&#160;&#160;&#x2610; &#160; &#160; &#160; Item 4.02(a) Non-Reliance on Previously Issued Financial Statements or a Related Audit Report or Completed Interim Review. &#160; On April 14, 2021, the Audit Committee of the Board of Directors (the &#8220;Audit "
1378125,2021-04-15,0001640334-21-000919,togl_8k.htm,keep,"ial accounting standards provided pursuant to Section 13(a) of the Exchange Act. &#9744; Item 4.02. Non-Reliance on Previously Issued Financial Statements or a Related Audit Report or Completed Interim Review. On April 12, 2021, the Audit Committee of the Board of Directors of Toga Limited (the &#82"
109657,2021-04-16,0001654954-21-004293,gtbp_8k.htm,keep,"t to Section 13(a) of the Exchange Act. &#x2610; &#xA0; &#xA0; &#xA0; &#xA0; &#xA0; Item 4.02.&#xA0;Non-Reliance on Previously Issued Financial Statements or a Related Audit Report or Completed Interim Review. &#xA0; On or about April 14, 2021, management of GT Biopharma, Inc. (the &#x201C; Company "
1362703,2021-04-20,0001493152-21-009263,form8-k.htm,keep,"cial accounting standards provided pursuant to Section 13(a) of the Exchange Act. [ ] Item 4.02 (a) Non-Reliance on Previously Issued Financial Statements or a Related Audit Report or Completed Interim Review. As previously reported, on June 5, 2020, Theralink Technologies, Inc., a Nevada corporatio"
1815495,2021-04-20,0001213900-21-022319,ea139697-8k_northerngenes.htm,spac_warrant_reclassification,warrant reclassification per the 2021 SEC statement
1770141,2021-04-21,0001193125-21-124692,d309450d8k.htm,spac_warrant_reclassification,warrant reclassification per the 2021 SEC statement
1642453,2021-04-22,0001558370-21-004639,dske-20210421x8k.htm,spac_warrant_reclassification,warrant reclassification per the 2021 SEC statement
1805795,2021-04-22,0001213900-21-022602,ea139807-8k_mallard.htm,spac_warrant_reclassification,warrant reclassification per the 2021 SEC statement
1818502,2021-04-22,0001104659-21-053878,tm2113821d1_8k.htm,spac_warrant_reclassification,warrant reclassification per the 2021 SEC statement
1818874,2021-04-22,0001104659-21-053883,tm2113660d1_8k.htm,spac_warrant_reclassification,warrant reclassification per the 2021 SEC statement
1674101,2021-04-23,0001628280-21-007391,vrt-20210421.htm,spac_warrant_reclassification,warrant reclassification per the 2021 SEC statement
1800347,2021-04-23,0001564590-21-020369,etwo-8k_20210419.htm,spac_warrant_reclassification,warrant reclassification per the 2021 SEC statement
1823945,2021-04-23,0001193125-21-127492,d163336d8k.htm,spac_warrant_reclassification,warrant reclassification per the 2021 SEC statement
1758766,2021-04-26,0001104659-21-054612,tm2113655d4_8k.htm,spac_warrant_reclassification,warrant reclassification per the 2021 SEC statement
1787791,2021-04-26,0001193125-21-129590,d174818d8k.htm,spac_warrant_reclassification,warrant reclassification per the 2021 SEC statement
1818880,2021-04-26,0001213900-21-022883,ea139883-8k_glenfarnemerger.htm,spac_warrant_reclassification,warrant reclassification per the 2021 SEC statement
1800682,2021-04-27,0001193125-21-134479,d318248d8k.htm,spac_warrant_reclassification,warrant reclassification per the 2021 SEC statement
1816101,2021-04-27,0001193125-21-134421,d177787d8k.htm,spac_warrant_reclassification,warrant reclassification per the 2021 SEC statement
1828318,2021-04-27,0001104659-21-055108,tm2113645d1_8k.htm,spac_warrant_reclassification,warrant reclassification per the 2021 SEC statement
1779128,2021-04-28,0001104659-21-055907,tm2114283d1_8k.htm,spac_warrant_reclassification,warrant reclassification per the 2021 SEC statement
1813914,2021-04-28,0001104659-21-055851,tm2114114d2_8k.htm,spac_warrant_reclassification,warrant reclassification per the 2021 SEC statement
1815849,2021-04-28,0001193125-21-137170,d128487d8k.htm,spac_warrant_reclassification,warrant reclassification per the 2021 SEC statement
1816048,2021-04-28,0001213900-21-023286,ea140043-8k_softasqgroupii.htm,spac_warrant_reclassification,warrant reclassification per the 2021 SEC statement
1416090,2021-04-29,0001493152-21-010046,form8-k.htm,keep,"nancial accounting standards provided pursuant to Section 13(a) of the Exchange Act. [ ] Item 4.02. Non-Reliance on Previously Issued Financial Statements or a Related Audit Report or Completed Interim Review. On April 23, 2021, the Company's Board of Directors determined that it will be required to"
1647088,2021-04-29,0001104659-21-057717,tm2114648d1_8k.htm,spac_warrant_reclassification,warrant reclassification per the 2021 SEC statement
1708176,2021-04-29,0001213900-21-023393,ea140077-8k_halloffame.htm,spac_warrant_reclassification,warrant reclassification per the 2021 SEC statement
1720821,2021-04-29,0001720821-21-000066,pae-20210427.htm,spac_warrant_reclassification,warrant reclassification per the 2021 SEC statement
1764046,2021-04-29,0001764046-21-000063,ccc-20210426.htm,spac_warrant_reclassification,warrant reclassification per the 2021 SEC statement
1777835,2021-04-29,0001213900-21-023543,ea140094-8k_fintechacq4.htm,spac_warrant_reclassification,warrant reclassification per the 2021 SEC statement
1809104,2021-04-29,0001104659-21-056680,tm2113710d1_8k.htm,spac_warrant_reclassification,warrant reclassification per the 2021 SEC statement
1811414,2021-04-29,0001193125-21-137760,d307357d8k.htm,spac_warrant_reclassification,warrant reclassification per the 2021 SEC statement
1821018,2021-04-29,0001213900-21-023601,ea140003-8k_ionacq1.htm,spac_warrant_reclassification,warrant reclassification per the 2021 SEC statement
1821159,2021-04-29,0001213900-21-023605,ea140076-8k_climatechange.htm,spac_warrant_reclassification,warrant reclassification per the 2021 SEC statement
1706946,2021-04-30,0001706946-21-000049,spce-20210426.htm,spac_warrant_reclassification,warrant reclassification per the 2021 SEC statement
1720592,2021-04-30,0001564590-21-022574,rpay-8k_20210430.htm,spac_warrant_reclassification,warrant reclassification per the 2021 SEC statement
1725255,2021-04-30,0001104659-21-058978,tm2114401d1_8k.htm,spac_warrant_reclassification,warrant reclassification per the 2021 SEC statement
1752828,2021-04-30,0001213900-21-023729,ea140139-8k_gxacquisition.htm,spac_warrant_reclassification,warrant reclassification per the 2021 SEC statement
1772757,2021-04-30,0001104659-21-059212,tm2114687d2_8k.htm,spac_warrant_reclassification,warrant reclassification per the 2021 SEC statement
1780312,2021-04-30,0001493152-21-010210,form8-k.htm,spac_warrant_reclassification,warrant reclassification per the 2021 SEC statement
1785424,2021-04-30,0001213900-21-023670,ea140150-8k_finserv.htm,spac_warrant_reclassification,warrant reclassification per the 2021 SEC statement
1802457,2021-04-30,0001193125-21-141351,d174761d8k.htm,spac_warrant_reclassification,warrant reclassification per the 2021 SEC statement
1809987,2021-04-30,0001193125-21-142776,d179206d8k.htm,spac_warrant_reclassification,warrant reclassification per the 2021 SEC statement
1819663,2021-04-30,0001683168-21-001624,vinings_8k.htm,keep,"l accounting standards provided pursuant to Section 13(a) of the Exchange Act. &#9744; Item 4.02(a) Non-Reliance on Previously Issued Financial Statements or a Related Audit Report or Completed Interim Subsequent to the filing by Vinings Holdings, Inc. (the &ldquo;Company&rdquo;) of its Current Repo"
1824734,2021-04-30,0001213900-21-023692,ea140040-8k_revolu.htm,spac_warrant_reclassification,warrant reclassification per the 2021 SEC statement
1826000,2021-04-30,0001193125-21-142548,d171229d8k.htm,spac_warrant_reclassification,warrant reclassification per the 2021 SEC statement
1723648,2021-05-03,0001564590-21-022864,crsa-8k_20210503.htm,spac_warrant_reclassification,warrant reclassification per the 2021 SEC statement
1769318,2021-05-03,0001213900-21-024033,ea140203-8k_thunder.htm,spac_warrant_reclassification,warrant reclassification per the 2021 SEC statement
1776909,2021-05-03,0001193125-21-148191,d372585d8k.htm,spac_warrant_reclassification,warrant reclassification per the 2021 SEC statement
1779474,2021-05-03,0000950103-21-006586,dp150015_8k.htm,spac_warrant_reclassification,warrant reclassification per the 2021 SEC statement
1804591,2021-05-03,0000950103-21-006602,dp150386_8k.htm,spac_warrant_reclassification,warrant reclassification per the 2021 SEC statement
1814329,2021-05-03,0001213900-21-023994,ea140141-8k_holicityinc.htm,spac_warrant_reclassification,warrant reclassification per the 2021 SEC statement
1819574,2021-05-03,0001193125-21-147267,d179978d8k.htm,spac_warrant_reclassification,warrant reclassification per the 2021 SEC statement
1819796,2021-05-03,0001819796-21-000031,gcm-20210430.htm,spac_warrant_reclassification,warrant reclassification per the 2021 SEC statement
1819810,2021-05-03,0001193125-21-148103,d298112d8k.htm,spac_warrant_reclassification,warrant reclassification per the 2021 SEC statement
1819994,2021-05-03,0001213900-21-024120,ea140080-8k_vectoracq.htm,spac_warrant_reclassification,warrant reclassification per the 2021 SEC statement
1822492,2021-05-03,0001104659-21-060345,tm2114781d1_8k.htm,spac_warrant_reclassification,warrant reclassification per the 2021 SEC statement
1826889,2021-05-03,0001213900-21-024076,ea140240-8k_forestroad.htm,spac_warrant_reclassification,warrant reclassification per the 2021 SEC statement
1731289,2021-05-04,0001731289-21-000050,nkla-20210504.htm,spac_warrant_reclassification,warrant reclassification per the 2021 SEC statement
1739566,2021-05-04,0001739566-21-000038,utz-20210504.htm,spac_warrant_reclassification,warrant reclassification per the 2021 SEC statement
1773751,2021-05-04,0001193125-21-149170,d154109d8k.htm,spac_warrant_reclassification,warrant reclassification per the 2021 SEC statement
1801661,2021-05-04,0001628280-21-008870,skillzinc-20210504xrestate.htm,spac_warrant_reclassification,warrant reclassification per the 2021 SEC statement
1804176,2021-05-04,0001104659-21-061007,tm2115173d1_8k.htm,spac_warrant_reclassification,warrant reclassification per the 2021 SEC statement
1818644,2021-05-04,0001213900-21-024505,ea140326-8k_cffinanceacq3.htm,spac_warrant_reclassification,warrant reclassification per the 2021 SEC statement
1819313,2021-05-04,0001213900-21-024524,ea140316-8k_twctech2.htm,spac_warrant_reclassification,warrant reclassification per the 2021 SEC statement
1819516,2021-05-04,0001104659-21-060578,tm2114100d1_8k.htm,spac_warrant_reclassification,warrant reclassification per the 2021 SEC statement
1819615,2021-05-04,0001213900-21-024496,ea140311-8k_cleverleaves.htm,spac_warrant_reclassification,warrant reclassification per the 2021 SEC statement
1821171,2021-05-04,0001104659-21-060946,tm2114990d1_8k.htm,spac_warrant_reclassification,warrant reclassification per the 2021 SEC statement
1826018,2021-05-04,0001213900-21-024531,ea140315-8k_nebulacaravel.htm,spac_warrant_reclassification,warrant reclassification per the 2021 SEC statement
1843656,2021-05-04,0001654954-21-005106,amao_8k.htm,spac_warrant_reclassification,warrant reclassification per the 2021 SEC statement
1703785,2021-05-05,0001213900-21-024728,ea140392-8k_falconmine.htm,spac_warrant_reclassification,warrant reclassification per the 2021 SEC statement
1777393,2021-05-05,0001193125-21-150683,d145093d8k.htm,spac_warrant_reclassification,warrant reclassification per the 2021 SEC statement
1803901,2021-05-05,0001193125-21-150443,d176048d8k.htm,spac_warrant_reclassification,warrant reclassification per the 2021 SEC statement
1813658,2021-05-05,0001104659-21-061425,tm2114924d1_8k.htm,spac_warrant_reclassification,warrant reclassification per the 2021 SEC statement
1816233,2021-05-05,0001213900-21-024732,ea140397-8k_falconcap.htm,spac_warrant_reclassification,warrant reclassification per the 2021 SEC statement
1818331,2021-05-05,0001213900-21-024579,ea140287-8k_cmlife.htm,spac_warrant_reclassification,warrant reclassification per the 2021 SEC statement
1820630,2021-05-05,0001213900-21-024735,ea140324-8k_arclightclean.htm,spac_warrant_reclassification,warrant reclassification per the 2021 SEC statement
1822553,2021-05-05,0001213900-21-024681,ea140358-8k_spartacus.htm,spac_warrant_reclassification,warrant reclassification per the 2021 SEC statement
1644406,2021-05-06,0001644406-21-000014,twnk-20210430.htm,spac_warrant_reclassification,warrant reclassification per the 2021 SEC statement
1712189,2021-05-06,0001712189-21-000012,thform8-k.htm,spac_warrant_reclassification,warrant reclassification per the 2021 SEC statement
1718405,2021-05-06,0001718405-21-000041,hymc-20210504.htm,spac_warrant_reclassification,warrant reclassification per the 2021 SEC statement
1758488,2021-05-06,0001564590-21-024951,osw-8k_20210531.htm,spac_warrant_reclassification,warrant reclassification per the 2021 SEC statement
1781115,2021-05-06,0001213900-21-024761,ea140144-8k_alussaenergy.htm,spac_warrant_reclassification,warrant reclassification per the 2021 SEC statement
1784168,2021-05-06,0001213900-21-024854,ea140410-8k_forummerger.htm,spac_warrant_reclassification,warrant reclassification per the 2021 SEC statement
1807846,2021-05-06,0001213900-21-024887,ea140313-8k_fusionacq.htm,spac_warrant_reclassification,warrant reclassification per the 2021 SEC statement
1819584,2021-05-06,0001213900-21-024928,ea140464-8k_tortoise.htm,spac_warrant_reclassification,warrant reclassification per the 2021 SEC statement
1821850,2021-05-06,0001564590-21-025049,sprq-8k_20210506.htm,spac_warrant_reclassification,warrant reclassification per the 2021 SEC statement
1828937,2021-05-06,0001193125-21-153372,d111659d8k.htm,spac_warrant_reclassification,warrant reclassification per the 2021 SEC statement
1682745,2021-05-07,0001193125-21-154945,d46698d8k.htm,spac_warrant_reclassification,warrant reclassification per the 2021 SEC statement
1713952,2021-05-07,0001193125-21-153732,d447998d8k.htm,spac_warrant_reclassification,warrant reclassification per the 2021 SEC statement
1720990,2021-05-07,0001140361-21-016451,nt10024222x3_8k.htm,spac_warrant_reclassification,warrant reclassification per the 2021 SEC statement
1725134,2021-05-07,0001725134-21-000066,dms-20210507.htm,spac_warrant_reclassification,warrant reclassification per the 2021 SEC statement
1742927,2021-05-07,0001437749-21-011374,rvph20210506_8k.htm,spac_warrant_reclassification,warrant reclassification per the 2021 SEC statement
1744494,2021-05-07,0001140361-21-016475,nc10024303x2_8k.htm,spac_warrant_reclassification,warrant reclassification per the 2021 SEC statement
1758488,2021-05-07,0001564590-21-025238,osw-8ka_20210430.htm,spac_warrant_reclassification,warrant reclassification per the 2021 SEC statement
1779020,2021-05-07,0000950170-21-000142,dnmr-20210503.htm,spac_warrant_reclassification,warrant reclassification per the 2021 SEC statement
1793659,2021-05-07,0001104659-21-063185,tm2115421d1_8k.htm,spac_warrant_reclassification,warrant reclassification per the 2021 SEC statement
1812360,2021-05-07,0001213900-21-025130,ea140515-8k_delwinds.htm,spac_warrant_reclassification,warrant reclassification per the 2021 SEC statement
1816090,2021-05-07,0001213900-21-025161,ea140415-8k_ftac.htm,spac_warrant_reclassification,warrant reclassification per the 2021 SEC statement
1817071,2021-05-07,0001104659-21-063118,tm2115540d1_8k.htm,spac_warrant_reclassification,warrant reclassification per the 2021 SEC statement
1819399,2021-05-07,0001193125-21-154905,d407232d8k.htm,spac_warrant_reclassification,warrant reclassification per the 2021 SEC statement
1819404,2021-05-07,0001193125-21-154919,d407234d8k.htm,spac_warrant_reclassification,warrant reclassification per the 2021 SEC statement
1819989,2021-05-07,0001213900-21-025140,ea140505-8k_goodworks.htm,spac_warrant_reclassification,warrant reclassification per the 2021 SEC statement
1820201,2021-05-07,0001104659-21-063091,tm2115603d1_8k.htm,spac_warrant_reclassification,warrant reclassification per the 2021 SEC statement
1821317,2021-05-07,0001193125-21-155013,d270462d8k.htm,spac_warrant_reclassification,warrant reclassification per the 2021 SEC statement
1822966,2021-05-07,0001104659-21-063117,tm2115293d1_8k.htm,spac_warrant_reclassification,warrant reclassification per the 2021 SEC statement
1824963,2021-05-07,0001213900-21-025193,ea140382-8k_ajax1.htm,spac_warrant_reclassification,warrant reclassification per the 2021 SEC statement
1615063,2021-05-10,0001493152-21-010812,form8-k.htm,spac_warrant_reclassification,warrant reclassification per the 2021 SEC statement
1698991,2021-05-10,0001698991-21-000019,acel-20210504.htm,spac_warrant_reclassification,warrant reclassification per the 2021 SEC statement
1722438,2021-05-10,0001213900-21-025419,ea140567-8k_capitolinv5.htm,spac_warrant_reclassification,warrant reclassification per the 2021 SEC statement
1753539,2021-05-10,0001193125-21-156372,d495784d8k.htm,spac_warrant_reclassification,warrant reclassification per the 2021 SEC statement
1802450,2021-05-10,0001104659-21-063866,tm2115579d1_8k.htm,spac_warrant_reclassification,warrant reclassification per the 2021 SEC statement
1805651,2021-05-10,0001193125-21-156308,d88540d8k.htm,spac_warrant_reclassification,warrant reclassification per the 2021 SEC statement
1816431,2021-05-10,0001104659-21-063980,tm2115696d1_8k.htm,spac_warrant_reclassification,warrant reclassification per the 2021 SEC statement
1816816,2021-05-10,0001193125-21-155619,d432043d8k.htm,spac_warrant_reclassification,warrant reclassification per the 2021 SEC statement
1818093,2021-05-10,0001193125-21-156433,d422189d8k.htm,spac_warrant_reclassification,warrant reclassification per the 2021 SEC statement
1820727,2021-05-10,0001193125-21-156440,d451158d8k.htm,spac_warrant_reclassification,warrant reclassification per the 2021 SEC statement
1823878,2021-05-10,0001104659-21-063515,tm2115673d1_8k.htm,spac_warrant_reclassification,warrant reclassification per the 2021 SEC statement
1719406,2021-05-11,0001654954-21-005448,brpa_8k.htm,spac_warrant_reclassification,warrant reclassification per the 2021 SEC statement
1759631,2021-05-11,0001213900-21-025482,ea140631-8k_hyliion.htm,spac_warrant_reclassification,warrant reclassification per the 2021 SEC statement
1768012,2021-05-11,0001104659-21-064569,tm2115932d1_8k.htm,spac_warrant_reclassification,warrant reclassification per the 2021 SEC statement
1772720,2021-05-11,0001213900-21-025521,ea140627-8k_xlfleetcorp.htm,spac_warrant_reclassification,warrant reclassification per the 2021 SEC statement
1774675,2021-05-11,0001104659-21-064184,tm2115530d1_8k.htm,spac_warrant_reclassification,warrant reclassification per the 2021 SEC statement
1777946,2021-05-11,0001213900-21-025503,ea140612-8k_lglsystems.htm,spac_warrant_reclassification,warrant reclassification per the 2021 SEC statement
1811856,2021-05-11,0001193125-21-156557,d492826d8k.htm,spac_warrant_reclassification,warrant reclassification per the 2021 SEC statement
1816017,2021-05-11,0001193125-21-157727,d446550d8k.htm,spac_warrant_reclassification,warrant reclassification per the 2021 SEC statement
1816696,2021-05-11,0001213900-21-025619,ea140662-8k_industrialtech.htm,spac_warrant_reclassification,warrant reclassification per the 2021 SEC statement
1820143,2021-05-11,0001193125-21-157795,d523878d8k.htm,spac_warrant_reclassification,warrant reclassification per the 2021 SEC statement
1823652,2021-05-11,0001193125-21-157576,d42038d8k.htm,spac_warrant_reclassification,warrant reclassification per the 2021 SEC statement
1824502,2021-05-11,0001104659-21-064612,tm2115911d1_8k.htm,spac_warrant_reclassification,warrant reclassification per the 2021 SEC statement
1828105,2021-05-11,0001193125-21-156838,d104244d8k.htm,spac_warrant_reclassification,warrant reclassification per the 2021 SEC statement
1843351,2021-05-11,0001564590-21-026583,ksiu-8k_20210511.htm,spac_warrant_reclassification,warrant reclassification per the 2021 SEC statement
1670349,2021-05-12,0001193125-21-158433,d537255d8k.htm,spac_warrant_reclassification,warrant reclassification per the 2021 SEC statement
1704760,2021-05-12,0001213900-21-025793,ea140729-8k_americanvirtual.htm,spac_warrant_reclassification,warrant reclassification per the 2021 SEC statement
1777921,2021-05-12,0001213900-21-025801,ea140701-8k_apextechnology.htm,spac_warrant_reclassification,warrant reclassification per the 2021 SEC statement
1790625,2021-05-12,0001213900-21-025657,ea140434-8k_livcapitalacq.htm,spac_warrant_reclassification,warrant reclassification per the 2021 SEC statement
1794621,2021-05-12,0001193125-21-159022,d145548d8k.htm,spac_warrant_reclassification,warrant reclassification per the 2021 SEC statement
1805385,2021-05-12,0001213900-21-025792,ea140752-8k_newholdinvest.htm,spac_warrant_reclassification,warrant reclassification per the 2021 SEC statement
1813756,2021-05-12,0001193125-21-159275,d12329d8k.htm,spac_warrant_reclassification,warrant reclassification per the 2021 SEC statement
1818201,2021-05-12,0001193125-21-159224,d358760d8k.htm,spac_warrant_reclassification,warrant reclassification per the 2021 SEC statement
1825079,2021-05-12,0001104659-21-064713,tm2115867d1_8k.htm,spac_warrant_reclassification,warrant reclassification per the 2021 SEC statement
1716583,2021-05-13,0001193125-21-159542,d489287d8k.htm,spac_warrant_reclassification,warrant reclassification per the 2021 SEC statement
1783398,2021-05-13,0001783398-21-000039,uwmc-20210512.htm,spac_warrant_reclassification,warrant reclassification per the 2021 SEC statement
1794717,2021-05-13,0001213900-21-026014,ea140809-8k_scvxcorp.htm,spac_warrant_reclassification,warrant reclassification per the 2021 SEC statement
1794905,2021-05-13,0001104659-21-065373,tm2115854d1_8k.htm,spac_warrant_reclassification,warrant reclassification per the 2021 SEC statement
1807765,2021-05-13,0001213900-21-025848,ea140664-8k_pmvconsumer.htm,spac_warrant_reclassification,warrant reclassification per the 2021 SEC statement
1815737,2021-05-13,0001213900-21-026060,ea140551-8k_fastacquisition.htm,spac_warrant_reclassification,warrant reclassification per the 2021 SEC statement
1818221,2021-05-13,0001193125-21-159939,d108570d8k.htm,spac_warrant_reclassification,warrant reclassification per the 2021 SEC statement
1818382,2021-05-13,0001213900-21-026052,ea140724-8k_alphahealthcare.htm,spac_warrant_reclassification,warrant reclassification per the 2021 SEC statement
1819848,2021-05-13,0001193125-21-159761,d64198d8k.htm,spac_warrant_reclassification,warrant reclassification per the 2021 SEC statement
1821788,2021-05-13,0001104659-21-065915,tm2116233d1_8k.htm,spac_warrant_reclassification,warrant reclassification per the 2021 SEC statement
1822359,2021-05-13,0001213900-21-026128,ea140819-8k_motionacq.htm,spac_warrant_reclassification,warrant reclassification per the 2021 SEC statement
1823766,2021-05-13,0001213900-21-026070,ea140801-8k_riceacq.htm,spac_warrant_reclassification,warrant reclassification per the 2021 SEC statement
1823826,2021-05-13,0001213900-21-026082,ea140802-8k_aequiacqui.htm,spac_warrant_reclassification,warrant reclassification per the 2021 SEC statement
1824577,2021-05-13,0001193125-21-159523,d549630d8k.htm,spac_warrant_reclassification,warrant reclassification per the 2021 SEC statement
1825724,2021-05-13,0001193125-21-159781,d868054d8k.htm,spac_warrant_reclassification,warrant reclassification per the 2021 SEC statement
1830180,2021-05-13,0001193125-21-160658,d451965d8k.htm,spac_warrant_reclassification,warrant reclassification per the 2021 SEC statement
1830531,2021-05-13,0001104659-21-065913,tm2113843d2_8k.htm,spac_warrant_reclassification,warrant reclassification per the 2021 SEC statement
1838219,2021-05-13,0001213900-21-026124,ea140811-8k_tcwspecialpurp.htm,spac_warrant_reclassification,warrant reclassification per the 2021 SEC statement
1702744,2021-05-14,0001702744-21-000052,atk-20210514.htm,spac_warrant_reclassification,warrant reclassification per the 2021 SEC statement
1716947,2021-05-14,0001493152-21-011527,form8-k.htm,spac_warrant_reclassification,warrant reclassification per the 2021 SEC statement
1754820,2021-05-14,0001104659-21-066979,tm2116407d1_8k.htm,spac_warrant_reclassification,warrant reclassification per the 2021 SEC statement
1759186,2021-05-14,0001213900-21-026412,ea140871-8k_bullhorn.htm,spac_warrant_reclassification,warrant reclassification per the 2021 SEC statement
1766352,2021-05-14,0001553350-21-000405,airfox_8k.htm,keep,"ncial accounting standards provided pursuant to Section 13(a) of the Exchange Act. &#168; Item 4.02 Non-Reliance on Previously Issued Financial Statements or a Related Audit Report or Completed Interim Review. On May 10, 2021, the authorized officers of Carrier EQ, LLC's (the &ldquo; Company &rdquo;"
1784535,2021-05-14,0001558370-21-007290,prch-20210513x8k.htm,spac_warrant_reclassification,warrant reclassification per the 2021 SEC statement
1796129,2021-05-14,0001193125-21-161152,d524962d8k.htm,spac_warrant_reclassification,warrant reclassification per the 2021 SEC statement
1807707,2021-05-14,0001807707-21-000014,apph-20210514.htm,spac_warrant_reclassification,warrant reclassification per the 2021 SEC statement
1811063,2021-05-14,0001193125-21-162123,d510982d8k.htm,spac_warrant_reclassification,warrant reclassification per the 2021 SEC statement
1811210,2021-05-14,0001104659-21-066993,tm2116247-1_8k.htm,spac_warrant_reclassification,warrant reclassification per the 2021 SEC statement
1814215,2021-05-14,0001104659-21-066868,tm2116349d1_8k.htm,spac_warrant_reclassification,warrant reclassification per the 2021 SEC statement
1815526,2021-05-14,0001104659-21-066953,tm2116477d1_8k.htm,spac_warrant_reclassification,warrant reclassification per the 2021 SEC statement
1816581,2021-05-14,0001193125-21-162002,d509771d8k.htm,spac_warrant_reclassification,warrant reclassification per the 2021 SEC statement
1816613,2021-05-14,0001104659-21-066829,tm2116290d1_8k.htm,spac_warrant_reclassification,warrant reclassification per the 2021 SEC statement
1819263,2021-05-14,0001104659-21-066137,tm2115874d1_8k.htm,spac_warrant_reclassification,warrant reclassification per the 2021 SEC statement
1819493,2021-05-14,0001213900-21-026562,ea140681-8k_nextgenacq.htm,spac_warrant_reclassification,warrant reclassification per the 2021 SEC statement
1821595,2021-05-14,0001213900-21-026245,ea140653-8k_10xcapital.htm,spac_warrant_reclassification,warrant reclassification per the 2021 SEC statement
1823882,2021-05-14,0001829126-21-003865,newbeginnings_8k.htm,spac_warrant_reclassification,warrant reclassification per the 2021 SEC statement
1824893,2021-05-14,0001193125-21-161953,d158386d8k.htm,spac_warrant_reclassification,warrant reclassification per the 2021 SEC statement
1825249,2021-05-14,0001213900-21-026532,ea140882-8k_cfacquisition4.htm,spac_warrant_reclassification,warrant reclassification per the 2021 SEC statement
1829328,2021-05-14,0001213900-21-026457,ea140912-8k_fintech5.htm,spac_warrant_reclassification,warrant reclassification per the 2021 SEC statement
1836274,2021-05-14,0001104659-21-066922,tm2116480d1_8k.htm,spac_warrant_reclassification,warrant reclassification per the 2021 SEC statement
1838672,2021-05-14,0001104659-21-066861,tm2116395d1_8k.htm,spac_warrant_reclassification,warrant reclassification per the 2021 SEC statement
1841389,2021-05-14,0001104659-21-066831,tm2116432d1_8k.htm,spac_warrant_reclassification,warrant reclassification per the 2021 SEC statement
1721386,2021-05-17,0001731122-21-000848,e2716_8k.htm,spac_warrant_reclassification,warrant reclassification per the 2021 SEC statement
1784851,2021-05-17,0001104659-21-068298,tm2116037d1_8k.htm,spac_warrant_reclassification,warrant reclassification per the 2021 SEC statement
1788841,2021-05-17,0001213900-21-027033,ea140953-8k_greenvision.htm,spac_warrant_reclassification,warrant reclassification per the 2021 SEC statement
1789029,2021-05-17,0001193125-21-163872,d157055d8k.htm,spac_warrant_reclassification,warrant reclassification per the 2021 SEC statement
1800392,2021-05-17,0001104659-21-068203,tm2116644d1_8ka.htm,spac_warrant_reclassification,warrant reclassification per the 2021 SEC statement
1801170,2021-05-17,0000950170-21-000251,clov-20210517.htm,spac_warrant_reclassification,warrant reclassification per the 2021 SEC statement
1818346,2021-05-17,0001104659-21-068204,tm2116629d1_8k.htm,spac_warrant_reclassification,warrant reclassification per the 2021 SEC statement
1820566,2021-05-17,0001193125-21-163698,d547984d8k.htm,spac_warrant_reclassification,warrant reclassification per the 2021 SEC statement
1820872,2021-05-17,0000950142-21-001648,eh210152387_8k-apsg.htm,spac_warrant_reclassification,warrant reclassification per the 2021 SEC statement
1821318,2021-05-17,0001104659-21-068046,tm2116621d1_8k.htm,spac_warrant_reclassification,warrant reclassification per the 2021 SEC statement
1822309,2021-05-17,0001213900-21-027066,ea141054-8k_cascadeacq.htm,spac_warrant_reclassification,warrant reclassification per the 2021 SEC statement
1822792,2021-05-17,0001213900-21-027089,ea141029-8ka1_goldenbridge.htm,spac_warrant_reclassification,warrant reclassification per the 2021 SEC statement
1824301,2021-05-17,0001213900-21-026580,ea140942-8k_concordacq.htm,spac_warrant_reclassification,warrant reclassification per the 2021 SEC statement
1826991,2021-05-17,0001193125-21-163703,d29313d8k.htm,spac_warrant_reclassification,warrant reclassification per the 2021 SEC statement
1828985,2021-05-17,0001213900-21-026942,ea140919-8k_sciontech1.htm,spac_warrant_reclassification,warrant reclassification per the 2021 SEC statement
1836967,2021-05-17,0001104659-21-068126,tm2116469d1_8k.htm,spac_warrant_reclassification,warrant reclassification per the 2021 SEC statement
1837067,2021-05-17,0001193125-21-163849,d153350d8k.htm,spac_warrant_reclassification,warrant reclassification per the 2021 SEC statement
1838614,2021-05-17,0001104659-21-067403,tm2116643d1_8k.htm,spac_warrant_reclassification,warrant reclassification per the 2021 SEC statement
1494582,2021-05-18,0001437749-21-012704,bomn20210513b_8k.htm,spac_warrant_reclassification,warrant reclassification per the 2021 SEC statement
1550603,2021-05-18,0001564590-21-028687,mlvf-8ka_20210216.htm,keep,"ations, and the date of such determinations, referenced in the Initial Form 8-K with respect to the non-reliance on previously issued financial statements, as set forth in more detail below. &#160;&#160; &#160; Item 4.02&#160;&#160;&#160;&#160;&#160;&#160;&#160;Non-Reliance on Previously Issued Fina"
1667489,2021-05-18,0001654954-21-006004,lsyn_8k.htm,keep,"pursuant to Section 13(a) of the Exchange Act.&#xA0; &#x2612; &#xA0; &#xA0; &#xA0; &#xA0; Item 4.02 Non-Reliance on Previously Issued Financial Statements or a Related Audit Report or Completed Interim Review. &#xA0; As previously disclosed on a Current Report on Form 8-K, on March 12, 2021 the Boar"
1788028,2021-05-18,0001213900-21-027626,ea141245-8k_amplitude.htm,spac_warrant_reclassification,warrant reclassification per the 2021 SEC statement
1790665,2021-05-18,0001213900-21-027274,ea141166-8k_greenrose.htm,spac_warrant_reclassification,warrant reclassification per the 2021 SEC statement
1799191,2021-05-18,0001104659-21-068817,tm2116681d1_8k.htm,spac_warrant_reclassification,warrant reclassification per the 2021 SEC statement
1805833,2021-05-18,0001104659-21-068617,tm2114771d1_8k.htm,spac_warrant_reclassification,warrant reclassification per the 2021 SEC statement
1819035,2021-05-18,0001213900-21-027677,ea141074-8k_metromileinc.htm,spac_warrant_reclassification,warrant reclassification per the 2021 SEC statement
1819394,2021-05-18,0001193125-21-165399,d156995d8k.htm,spac_warrant_reclassification,warrant reclassification per the 2021 SEC statement
1820931,2021-05-18,0001193125-21-165180,d898949d8k.htm,spac_warrant_reclassification,warrant reclassification per the 2021 SEC statement
1823340,2021-05-18,0001193125-21-165410,d173747d8k.htm,spac_warrant_reclassification,warrant reclassification per the 2021 SEC statement
1823587,2021-05-18,0001437749-21-012702,ysac20210514b_8k.htm,spac_warrant_reclassification,warrant reclassification per the 2021 SEC statement
1823767,2021-05-18,0001564590-21-028691,luxau-8k_20210518.htm,spac_warrant_reclassification,warrant reclassification per the 2021 SEC statement
1824846,2021-05-18,0001140361-21-017829,brhc10024801_8k.htm,spac_warrant_reclassification,warrant reclassification per the 2021 SEC statement
1824888,2021-05-18,0001213900-21-027577,ea141287-8k_naturalorder.htm,spac_warrant_reclassification,warrant reclassification per the 2021 SEC statement
1824920,2021-05-18,0001193125-21-165525,d156419d8k.htm,spac_warrant_reclassification,warrant reclassification per the 2021 SEC statement
1830063,2021-05-18,0001104659-21-068834,tm2116843d1_8k.htm,spac_warrant_reclassification,warrant reclassification per the 2021 SEC statement
1834342,2021-05-18,0001213900-21-027640,ea141274-8k_evoacquisition.htm,spac_warrant_reclassification,warrant reclassification per the 2021 SEC statement
1839434,2021-05-18,0001193125-21-165595,d142122d8k.htm,spac_warrant_reclassification,warrant reclassification per the 2021 SEC statement
1807594,2021-05-19,0001213900-21-027913,ea141345-8k_malacca.htm,spac_warrant_reclassification,warrant reclassification per the 2021 SEC statement
1818355,2021-05-19,0001104659-21-068954,tm2116373d1_8k.htm,spac_warrant_reclassification,warrant reclassification per the 2021 SEC statement
1822928,2021-05-19,0001193125-21-165707,d135084d8k.htm,spac_warrant_reclassification,warrant reclassification per the 2021 SEC statement
1829953,2021-05-19,0001193125-21-166756,d450138d8k.htm,spac_warrant_reclassification,warrant reclassification per the 2021 SEC statement
1839127,2021-05-19,0001104659-21-069335,tm2116771d2_8k.htm,spac_warrant_reclassification,warrant reclassification per the 2021 SEC statement
1720025,2021-05-20,0001213900-21-028202,ea141301-8k_allegromerger.htm,spac_warrant_reclassification,warrant reclassification per the 2021 SEC statement
1768910,2021-05-20,0001104659-21-069903,tm2117098d1_8k.htm,spac_warrant_reclassification,warrant reclassification per the 2021 SEC statement
1812667,2021-05-20,0001104659-21-070002,tm2117034d2_8k.htm,spac_warrant_reclassification,warrant reclassification per the 2021 SEC statement
1815805,2021-05-20,0001104659-21-069863,tm2117081d1_8k.htm,spac_warrant_reclassification,warrant reclassification per the 2021 SEC statement
1816708,2021-05-20,0001140361-21-018078,nt10020073x13_8k.htm,spac_warrant_reclassification,warrant reclassification per the 2021 SEC statement
1819496,2021-05-20,0001213900-21-028144,ea141423-8k_igacquisition.htm,spac_warrant_reclassification,warrant reclassification per the 2021 SEC statement
1824013,2021-05-20,0001104659-21-069996,tm2117114d1_8k.htm,spac_warrant_reclassification,warrant reclassification per the 2021 SEC statement
1828536,2021-05-20,0001104659-21-069976,tm2116889d1_8k.htm,spac_warrant_reclassification,warrant reclassification per the 2021 SEC statement
1832351,2021-05-20,0001564590-21-029108,ck1832351-8k_20210518.htm,spac_warrant_reclassification,warrant reclassification per the 2021 SEC statement
1839121,2021-05-20,0001104659-21-069511,tm2116869d1_8k.htm,spac_warrant_reclassification,warrant reclassification per the 2021 SEC statement
1634447,2021-05-21,0001140361-21-018396,brhc10025007_8k.htm,spac_warrant_reclassification,warrant reclassification per the 2021 SEC statement
1785041,2021-05-21,0001140361-21-018304,brhc10024936_8k.htm,spac_warrant_reclassification,warrant reclassification per the 2021 SEC statement
1812173,2021-05-21,0001213900-21-028385,ea141459-8k_d8hold.htm,spac_warrant_reclassification,warrant reclassification per the 2021 SEC statement
1815184,2021-05-21,0001193125-21-169300,d184625d8k.htm,spac_warrant_reclassification,warrant reclassification per the 2021 SEC statement
1817786,2021-05-21,0001104659-21-070272,tm2117102d1_8k.htm,spac_warrant_reclassification,warrant reclassification per the 2021 SEC statement
1819175,2021-05-21,0001193125-21-169450,d410767d8k.htm,spac_warrant_reclassification,warrant reclassification per the 2021 SEC statement
1821682,2021-05-21,0001193125-21-169244,d88183d8k.htm,spac_warrant_reclassification,warrant reclassification per the 2021 SEC statement
1822873,2021-05-21,0001140361-21-018349,brhc10024940_8k.htm,spac_warrant_reclassification,warrant reclassification per the 2021 SEC statement
1825042,2021-05-21,0001193125-21-169440,d124220d8k.htm,spac_warrant_reclassification,warrant reclassification per the 2021 SEC statement
1825254,2021-05-21,0001104659-21-070489,tm2117285d1_8k.htm,spac_warrant_reclassification,warrant reclassification per the 2021 SEC statement
1827669,2021-05-21,0001213900-21-028311,ea141412-8k_omnichannel.htm,spac_warrant_reclassification,warrant reclassification per the 2021 SEC statement
1828672,2021-05-21,0001104659-21-070445,tm2117078d1_8k.htm,spac_warrant_reclassification,warrant reclassification per the 2021 SEC statement
1830795,2021-05-21,0001213900-21-028249,ea141466-8k_quantum.htm,spac_warrant_reclassification,warrant reclassification per the 2021 SEC statement
1833214,2021-05-21,0001493152-21-012522,form8-k.htm,spac_warrant_reclassification,warrant reclassification per the 2021 SEC statement
1843121,2021-05-21,0001104659-21-070324,tm2117084d1_8k.htm,spac_warrant_reclassification,warrant reclassification per the 2021 SEC statement
1844363,2021-05-21,0001193125-21-169330,d314638d8k.htm,spac_warrant_reclassification,warrant reclassification per the 2021 SEC statement
1721741,2021-05-24,0001493152-21-012706,form8k.htm,spac_warrant_reclassification,warrant reclassification per the 2021 SEC statement
1798562,2021-05-24,0001213900-21-028743,ea141303-8k_sustainable.htm,spac_warrant_reclassification,warrant reclassification per the 2021 SEC statement
1805087,2021-05-24,0001104659-21-071154,tm2117273d1_8k.htm,spac_warrant_reclassification,warrant reclassification per the 2021 SEC statement
1805521,2021-05-24,0001213900-21-028758,ea141550-8k_property.htm,spac_warrant_reclassification,warrant reclassification per the 2021 SEC statement
1810491,2021-05-24,0001213900-21-028711,ea141413-8k_vistasmedia.htm,spac_warrant_reclassification,warrant reclassification per the 2021 SEC statement
1811882,2021-05-24,0001193125-21-170973,d166535d8k.htm,spac_warrant_reclassification,warrant reclassification per the 2021 SEC statement
1812234,2021-05-24,0001104659-21-071339,tm2117064d1_8k.htm,spac_warrant_reclassification,warrant reclassification per the 2021 SEC statement
1816176,2021-05-24,0001213900-21-028828,ea141610-8k_goacquisition.htm,spac_warrant_reclassification,warrant reclassification per the 2021 SEC statement
1818089,2021-05-24,0001104659-21-070897,tm2115937d1_8k.htm,spac_warrant_reclassification,warrant reclassification per the 2021 SEC statement
1819157,2021-05-24,0001140361-21-018487,brhc10024921_8k.htm,spac_warrant_reclassification,warrant reclassification per the 2021 SEC statement
1819438,2021-05-24,0001564590-21-029500,stwou-8k_20210524.htm,spac_warrant_reclassification,warrant reclassification per the 2021 SEC statement
1820302,2021-05-24,0001193125-21-169591,d101706d8k.htm,spac_warrant_reclassification,warrant reclassification per the 2021 SEC statement
1821075,2021-05-24,0001213900-21-028780,ea141542-8k_proptech2.htm,spac_warrant_reclassification,warrant reclassification per the 2021 SEC statement
1821769,2021-05-24,0001193125-21-170522,d141319d8k.htm,spac_warrant_reclassification,warrant reclassification per the 2021 SEC statement
1823000,2021-05-24,0001104659-21-070993,tm2117047d1_8k.htm,spac_warrant_reclassification,warrant reclassification per the 2021 SEC statement
1823086,2021-05-24,0001104659-21-071311,tm2117227d1_8k.htm,spac_warrant_reclassification,warrant reclassification per the 2021 SEC statement
1823584,2021-05-24,0001104659-21-071297,m2117417d1_8k.htm,spac_warrant_reclassification,warrant reclassification per the 2021 SEC statement
1823776,2021-05-24,0001193125-21-171026,d150548d8k.htm,spac_warrant_reclassification,warrant reclassification per the 2021 SEC statement
1826058,2021-05-24,0001193125-21-170461,d186446d8k.htm,spac_warrant_reclassification,warrant reclassification per the 2021 SEC statement
1827899,2021-05-24,0001104659-21-071260,tm2115943d3_8k.htm,spac_warrant_reclassification,warrant reclassification per the 2021 SEC statement
1827980,2021-05-24,0001213900-21-028754,ea141532-8k_northerngen2.htm,spac_warrant_reclassification,warrant reclassification per the 2021 SEC statement
1828326,2021-05-24,0001193125-21-170817,d898879d8k.htm,spac_warrant_reclassification,warrant reclassification per the 2021 SEC statement
1828478,2021-05-24,0001193125-21-170303,d58940d8k.htm,spac_warrant_reclassification,warrant reclassification per the 2021 SEC statement
1828536,2021-05-24,0001104659-21-071306,tm2117397d1_8ka.htm,keep,"ncial accounting standards provided pursuant to Section 13(a) of the Exchange Act. &#168; Item 4.02 Non-Reliance on Previously Issued Financial Statements or a Related Audit Report or Completed Interim Review. Instead of restating its balance sheet as of February 8, 2021 to reflect the correction in"
1830374,2021-05-24,0001213900-21-028782,ea141538-8k_dandzmedia.htm,spac_warrant_reclassification,warrant reclassification per the 2021 SEC statement
1832511,2021-05-24,0001193125-21-170895,d49455d8k.htm,spac_warrant_reclassification,warrant reclassification per the 2021 SEC statement
1835378,2021-05-24,0001178913-21-001844,zk2126093.htm,spac_warrant_reclassification,warrant reclassification per the 2021 SEC statement
1835567,2021-05-24,0001193125-21-170611,d135424d8k.htm,spac_warrant_reclassification,warrant reclassification per the 2021 SEC statement
1838614,2021-05-24,0001104659-21-071335,tm2117343d1_8ka.htm,spac_warrant_reclassification,warrant reclassification per the 2021 SEC statement
1838615,2021-05-24,0001213900-21-028760,ea141603-8k_cartesian.htm,spac_warrant_reclassification,warrant reclassification per the 2021 SEC statement
1838987,2021-05-24,0001213900-21-028830,ea141558-8k_freedomacq1.htm,spac_warrant_reclassification,warrant reclassification per the 2021 SEC statement
1839550,2021-05-24,0001140361-21-018520,brhc10025012_8k.htm,spac_warrant_reclassification,warrant reclassification per the 2021 SEC statement
1842329,2021-05-24,0001104659-21-071296,tm2112317d3_8k.htm,spac_warrant_reclassification,warrant reclassification per the 2021 SEC statement
1842566,2021-05-24,0001213900-21-028483,ea141533-8k_byteacq.htm,spac_warrant_reclassification,warrant reclassification per the 2021 SEC statement
1843249,2021-05-24,0001213900-21-028753,ea141531-8k_northerngen3.htm,spac_warrant_reclassification,warrant reclassification per the 2021 SEC statement
1844635,2021-05-24,0001104659-21-071242,tm2117345d1_8k.htm,spac_warrant_reclassification,warrant reclassification per the 2021 SEC statement
1691936,2021-05-25,0001493152-21-012868,form8-k.htm,keep,"t to Section 13(a) of the Exchange Act. &#9744; &#160; &#160; &#160; &#160; &#160; &#160; Item 4.02 Non-Reliance on Previously Issued interim Financial Statements or Competed Interim Review. &#160; On May 24, 2021, the audit committee (the &#8220;Audit Committee&#8221;) of the board of directors (th"
1819510,2021-05-25,0001140361-21-018580,brhc10025067_8k.htm,spac_warrant_reclassification,warrant reclassification per the 2021 SEC statement
1823144,2021-05-25,0001104659-21-071481,tm2117346d1_8k.htm,spac_warrant_reclassification,warrant reclassification per the 2021 SEC statement
1824993,2021-05-25,0001193125-21-172367,d185403d8k.htm,spac_warrant_reclassification,warrant reclassification per the 2021 SEC statement
1825024,2021-05-25,0001193125-21-172473,d187541d8k.htm,spac_warrant_reclassification,warrant reclassification per the 2021 SEC statement
1829426,2021-05-25,0001193125-21-171174,d171968d8k.htm,spac_warrant_reclassification,warrant reclassification per the 2021 SEC statement
1835856,2021-05-25,0001104659-21-071389,tm2117393d1_8k.htm,spac_warrant_reclassification,warrant reclassification per the 2021 SEC statement
1838831,2021-05-25,0001140361-21-018591,brhc10025035_8k.htm,spac_warrant_reclassification,warrant reclassification per the 2021 SEC statement
1764301,2021-05-26,0001140361-21-018765,brhc10025122_8k.htm,spac_warrant_reclassification,warrant reclassification per the 2021 SEC statement
1822219,2021-05-27,0001213900-21-029439,ea141590-8k_firstmark.htm,spac_warrant_reclassification,warrant reclassification per the 2021 SEC statement
1822309,2021-05-27,0001213900-21-029661,ea141779-8ka1_cascadeacq.htm,spac_warrant_reclassification,warrant reclassification per the 2021 SEC statement
1822877,2021-05-27,0001104659-21-072845,tm2117333d1_8k.htm,spac_warrant_reclassification,warrant reclassification per the 2021 SEC statement
1823896,2021-05-27,0001193125-21-175388,d325315d8k.htm,spac_warrant_reclassification,warrant reclassification per the 2021 SEC statement
1837997,2021-05-27,0001193125-21-175544,d188283d8k.htm,spac_warrant_reclassification,warrant reclassification per the 2021 SEC statement
1760689,2021-05-28,0001213900-21-030031,ea141849-8k_tuscan.htm,spac_warrant_reclassification,warrant reclassification per the 2021 SEC statement
1820852,2021-05-28,0001140361-21-019257,brhc10025273_8k.htm,spac_warrant_reclassification,warrant reclassification per the 2021 SEC statement
1823575,2021-05-28,0001140361-21-019134,brhc10025008_8k.htm,spac_warrant_reclassification,warrant reclassification per the 2021 SEC statement
1826011,2021-05-28,0001213900-21-029758,ea141766-8k_7gcandcohold.htm,spac_warrant_reclassification,warrant reclassification per the 2021 SEC statement
1827328,2021-05-28,0001213900-21-029739,ea141815-8k_brightlights.htm,spac_warrant_reclassification,warrant reclassification per the 2021 SEC statement
1829042,2021-05-28,0001140361-21-019285,brhc10025304_8k.htm,spac_warrant_reclassification,warrant reclassification per the 2021 SEC statement
1830547,2021-05-28,0001104659-21-073534,tm2113630d3_8k.htm,spac_warrant_reclassification,warrant reclassification per the 2021 SEC statement
1832415,2021-05-28,0001104659-21-074338,tm2117939d1_8k.htm,keep,"ancial accounting standards provided pursuant to Section 13(a) of the Exchange Act. &uml; Item 4.02 Non-Reliance on Previously Issued Financial Statements or a Related Audit Report of Completed Interim Reports. On May 24, 2021, Mountain Crest Acquisition Corp. II. (the &ldquo;Company&rdquo;) was adv"
1840353,2021-05-28,0001140361-21-019236,brhc10025224_8k.htm,spac_warrant_reclassification,warrant reclassification per the 2021 SEC statement
1805833,2021-06-01,0001104659-21-075120,tm2118110d2_8k.htm,spac_warrant_reclassification,warrant reclassification per the 2021 SEC statement
1816261,2021-06-01,0001193125-21-178600,d171897d8k.htm,spac_warrant_reclassification,warrant reclassification per the 2021 SEC statement
1820144,2021-06-01,0001140361-21-019463,brhc10025343_8k.htm,spac_warrant_reclassification,warrant reclassification per the 2021 SEC statement
1822366,2021-06-01,0001193125-21-178639,d132932d8k.htm,spac_warrant_reclassification,warrant reclassification per the 2021 SEC statement
1788841,2021-06-02,0001213900-21-030369,ea141906-8k_greenvision.htm,keep,"cial accounting standards provided pursuant to Section 13(a) of the Exchange Act. &#9744; Item 4.02 Non-Reliance on Previously Issued Financial Statements or a Related Audit Report or Completed Interim Review. (a) On May 26, 2021, the Chief Executive Officer and Chief Financial Officer of GreenVisio"
1827821,2021-06-02,0001104659-21-075742,tm2113593d4_8k.htm,spac_warrant_reclassification,warrant reclassification per the 2021 SEC statement
1826667,2021-06-03,0001104659-21-076370,tm2118488d1_8k.htm,spac_warrant_reclassification,warrant reclassification per the 2021 SEC statement
1538495,2021-06-04,0001493152-21-013648,form8-k.htm,keep,"nt communications pursuant to Rule 13e-4(c) under the Exchange Act (17 CFR 240.13e-4(c)) Item 4.02. Non-Reliance on Previously Issued Financial Statements or a Related Audit Report or Completed Interim Review. Management was advised on June 2, 2021 that its auditor, BF Borgers, CPA, indicated that a"
1725872,2021-06-04,0001213900-21-030981,ea142246-8k_bmtech.htm,spac_warrant_reclassification,warrant reclassification per the 2021 SEC statement
1805508,2021-06-04,0001104659-21-076546,tm2118503-1_8k.htm,spac_warrant_reclassification,warrant reclassification per the 2021 SEC statement
1819395,2021-06-04,0001193125-21-183059,d118424d8k.htm,spac_warrant_reclassification,warrant reclassification per the 2021 SEC statement
1840317,2021-06-04,0001193125-21-183004,d180753d8k.htm,spac_warrant_reclassification,warrant reclassification per the 2021 SEC statement
889348,2021-06-07,0001387131-21-006373,cvu-8k_060421.htm,keep,"rovided pursuant to Section 13(a) of the Exchange Act.&#160; &#9744; &#160; &#160; &#160; Item 4.02 Non-Reliance on Previously Issued Financial Statements or a Related Audit Report or Completed Interim Review. On June 4, 2021, the audit and finance committee of the board of directors of CPI Aerostru"
1814824,2021-06-08,0001213900-21-031327,ea141568-8k_kismet1.htm,spac_warrant_reclassification,warrant reclassification per the 2021 SEC statement
1817232,2021-06-08,0001213900-21-031458,ea140996-8k_duneacq.htm,spac_warrant_reclassification,warrant reclassification per the 2021 SEC statement
1830033,2021-06-08,0001104659-21-078324,tm2119127d1_8k.htm,spac_warrant_reclassification,warrant reclassification per the 2021 SEC statement
1823634,2021-06-09,0001213900-21-031692,ea142453-8k_carneytech2.htm,spac_warrant_reclassification,warrant reclassification per the 2021 SEC statement
1827328,2021-06-09,0001213900-21-031568,ea142382-8ka1_brightlights.htm,spac_warrant_reclassification,warrant reclassification per the 2021 SEC statement
1766146,2021-06-10,0001213900-21-031827,ea142524-8k_unionacqui2.htm,spac_warrant_reclassification,warrant reclassification per the 2021 SEC statement
1781162,2021-06-10,0001213900-21-031934,ea142481-8k_stableroadacq.htm,spac_warrant_reclassification,warrant reclassification per the 2021 SEC statement
1815302,2021-06-10,0001193125-21-187926,d138870d8k.htm,spac_warrant_reclassification,warrant reclassification per the 2021 SEC statement
1817640,2021-06-10,0001564590-21-032459,brez-8k_20210604.htm,spac_warrant_reclassification,warrant reclassification per the 2021 SEC statement
1824734,2021-06-10,0001213900-21-031802,ea142451-8k_revolutionacc.htm,spac_share_reclassification,Class A shares reclassified to temporary equity
1828096,2021-06-10,0001193125-21-187929,d186816d8k.htm,spac_warrant_reclassification,warrant reclassification per the 2021 SEC statement
1841734,2021-06-10,0001213900-21-031779,ea142119-8k_glasshouses.htm,spac_warrant_reclassification,warrant reclassification per the 2021 SEC statement
1842046,2021-06-10,0001193125-21-187928,d169851d8k.htm,spac_warrant_reclassification,warrant reclassification per the 2021 SEC statement
1703956,2021-06-11,0001437749-21-014601,bbpp20210608_8k.htm,spac_warrant_reclassification,warrant reclassification per the 2021 SEC statement
1797099,2021-06-14,0001193125-21-190222,d165514d8k.htm,spac_warrant_reclassification,warrant reclassification per the 2021 SEC statement
1819989,2021-06-14,0001213900-21-032302,ea142697-8k_goodworks.htm,keep,"cial accounting standards provided pursuant to Section 13(a) of the Exchange Act. &#9744; Item 4.02 Non-Reliance on Previously Issued Financial Statements or Related Audit Report or Completed Interim Report. On June 14, 2021, Good Works Acquisition Corp., a Delaware corporation (the &ldquo; Company "
1823524,2021-06-15,0001193125-21-191257,d59810d8k.htm,spac_warrant_reclassification,warrant reclassification per the 2021 SEC statement
1837105,2021-06-15,0001193125-21-191302,d153765d8k.htm,spac_warrant_reclassification,warrant reclassification per the 2021 SEC statement
1847127,2021-06-15,0001193125-21-191297,d193528d8k.htm,spac_warrant_reclassification,warrant reclassification per the 2021 SEC statement
1748621,2021-06-16,0001213900-21-032745,ea142784-8k_albertonacq.htm,spac_warrant_reclassification,warrant reclassification per the 2021 SEC statement
1810560,2021-06-16,0001213900-21-032735,ea142838-8k_petraacq.htm,spac_warrant_reclassification,warrant reclassification per the 2021 SEC statement
1841080,2021-06-16,0001193125-21-192268,d173170d8k.htm,spac_warrant_reclassification,warrant reclassification per the 2021 SEC statement
1820875,2021-06-17,0001104659-21-082735,tm2119920d1_8k.htm,spac_warrant_reclassification,warrant reclassification per the 2021 SEC statement
1673481,2021-06-21,0001213900-21-033058,ea142887-8k_tridentacq.htm,spac_warrant_reclassification,warrant reclassification per the 2021 SEC statement
1805833,2021-06-21,0001104659-21-083555,tm2120210d1_8ka.htm,spac_warrant_reclassification,warrant reclassification per the 2021 SEC statement
1818873,2021-06-21,0001104659-21-082979,tm2117182d3_8k.htm,spac_warrant_reclassification,warrant reclassification per the 2021 SEC statement
1822929,2021-06-21,0001104659-21-083510,tm2119961d1_8k.htm,spac_warrant_reclassification,warrant reclassification per the 2021 SEC statement
1822145,2021-06-22,0001213900-21-033602,ea142978-8k_ventouxccm.htm,spac_warrant_reclassification,warrant reclassification per the 2021 SEC statement
1823854,2021-06-22,0001213900-21-033544,ea141025-8k_seniorconn1.htm,spac_warrant_reclassification,warrant reclassification per the 2021 SEC statement
1814728,2021-06-23,0001213900-21-033806,ea143101-8k_emergetech.htm,spac_warrant_reclassification,warrant reclassification per the 2021 SEC statement
1815086,2021-06-23,0001213900-21-033773,ea143159-8k_bridgetownhold.htm,spac_warrant_reclassification,warrant reclassification per the 2021 SEC statement
1773086,2021-06-24,0001104659-21-085210,tm2120649d1_8k.htm,spac_warrant_reclassification,warrant reclassification per the 2021 SEC statement
1820191,2021-06-24,0001193125-21-198505,d175190d8k.htm,spac_warrant_reclassification,warrant reclassification per the 2021 SEC statement
1821742,2021-06-24,0001213900-21-033976,ea142896-8k_dpcmcapital.htm,spac_warrant_reclassification,warrant reclassification per the 2021 SEC statement
1826729,2021-06-24,0001104659-21-084714,tm2120568d1_8k.htm,spac_warrant_reclassification,warrant reclassification per the 2021 SEC statement
1829889,2021-06-24,0001213900-21-033971,ea143252-8k_insuacqcorp.htm,spac_warrant_reclassification,warrant reclassification per the 2021 SEC statement
1773087,2021-06-25,0001213900-21-034238,ea143340-8k_tuscan.htm,spac_warrant_reclassification,warrant reclassification per the 2021 SEC statement
1809353,2021-06-28,0001104659-21-086315,tm2119715-1_8k.htm,spac_warrant_reclassification,warrant reclassification per the 2021 SEC statement
1822835,2021-06-29,0001104659-21-086913,tm2121009d1_8k.htm,spac_warrant_reclassification,warrant reclassification per the 2021 SEC statement
1825473,2021-07-01,0001213900-21-035279,ea143667-8k_prospectorcap.htm,spac_warrant_reclassification,warrant reclassification per the 2021 SEC statement
1818212,2021-07-02,0001213900-21-035550,ea143359-8k_cohnrobbin.htm,spac_warrant_reclassification,warrant reclassification per the 2021 SEC statement
1823857,2021-07-02,0001213900-21-035561,ea143664-8k_viveon.htm,spac_warrant_reclassification,warrant reclassification per the 2021 SEC statement
1830795,2021-07-09,0001213900-21-036232,ea143972-8k_quantumfintech.htm,spac_warrant_reclassification,warrant reclassification per the 2021 SEC statement
1819608,2021-07-12,0001193125-21-212584,d226496d8k.htm,spac_warrant_reclassification,warrant reclassification per the 2021 SEC statement
1830795,2021-07-12,0001213900-21-036416,ea144012-8ka1_quantumfintech.htm,spac_warrant_reclassification,warrant reclassification per the 2021 SEC statement
1807616,2021-07-14,0001213900-21-036815,ea144198-8k_higreatgroup.htm,keep,"par value HIGR None Securities registered pursuant to Section 12(b) of the Act: None Item 4.02(a). Non-Reliance on Previously Issued Financial Statements or Completed Interim Review. Overview On July 13, 2021, management, in the absence of an audit committee, of Hi-Great Group Holding Company (the &"
1715433,2021-07-15,0001493152-21-016930,form8-k.htm,keep,"nancial accounting standards provided pursuant to Section 13(a) of the Exchange Act. [ ] Item 4.02. Non-Reliance on Previously Issued Financial Statements or a Related Audit Report or Completed Interim Review. On July 14, 2021, the Board of Directors of Leader Capital Holdings Corp. (the &ldquo;Comp"
1807616,2021-07-15,0001213900-21-036957,ea144238-8ka1_higreatgroup.htm,keep,"class Trading Symbol(s) Name of each exchange on which registered N/A N/A N/A &#160; Item 4.02(a). Non-Reliance on Previously Issued Financial Statements or Completed Interim Review. Overview On July 13, 2021, management, in the absence of an audit committee, of Hi-Great Group Holding Company (the &"
1561180,2021-07-16,0001062993-21-006593,form8k.htm,keep,"44; __________ SECTION 4 - MATTERS RELATED TO ACCOUNTANTS AND FINANCIAL STATEMENTS Item 4.02 &#160; Non-Reliance on Previously Issued Financial Statements or a Related Audit Report or Completed Interim Review. On July 16, 2021, the independent members of the Audit Committee (with Mr. Alex Blyumkin a"
1814287,2021-07-16,0001564590-21-036915,eresu-8k_20210716.htm,spac_warrant_reclassification,warrant reclassification per the 2021 SEC statement
1818876,2021-07-19,0001104659-21-093201,tm2122424-1_8k.htm,spac_warrant_reclassification,warrant reclassification per the 2021 SEC statement
1840572,2021-07-19,0001213900-21-037305,ea144344-8k_isosacq.htm,keep,"ial accounting standards provided pursuant to Section 13(a) of the Exchange Act. &#9744; Item 4.02. Non-Reliance on Previously Issued Financial Statements or a Related Audit Report or Completed Interim Review. On July 16, 20201, the Audit Committee (the &ldquo; Audit Committee &rdquo;) of the Board "
1846069,2021-07-19,0001193125-21-218460,d202417d8k.htm,keep,"cial accounting standards provided pursuant to Section 13(a) of the Exchange Act. &#9744; Item 4.02 Non-Reliance on Previously Issued Financial Statements or a Related Audit Report or Completed Interim Review. On July 19, 2021, the management and the Audit Committee of the board of directors (the &#"
1681941,2021-07-21,0001213900-21-037948,ea144579-8k_ifreshinc.htm,keep,"nel following the hearing. The granting of an extended stay is at the Panel's discretion. Item 4.02 Non-Reliance on Previously Issued Financial Statements or a Related Audit Report or Completed Interim Review. On July 19, 2021, the Audit Committee, in consultation with management and the Registrant'"
1648428,2021-07-26,0001104659-21-095916,tm2123230d1_8k.htm,keep,"that as a result of these filings, it will again be in compliance with Rule 5250(c)(1). Item 4.02. Non-Reliance on Previously Issued Financial Statements or a Related Audit Report or Completed Interim Review. On July 21, 2021, the Board, following discussions with management, determined that its aud"
1785592,2021-07-26,0001213900-21-038673,ea144697-8k_meridamerger1.htm,spac_warrant_reclassification,warrant reclassification per the 2021 SEC statement
1817153,2021-07-26,0001213900-21-038623,ea144746-8k_edtechxhold2.htm,spac_warrant_reclassification,warrant reclassification per the 2021 SEC statement
1823466,2021-07-26,0001104659-21-095851,tm2122938d1_8k.htm,spac_warrant_reclassification,warrant reclassification per the 2021 SEC statement
1785592,2021-07-27,0001213900-21-038900,ea144856-8ka1_merida1.htm,spac_warrant_reclassification,warrant reclassification per the 2021 SEC statement
1522690,2021-08-03,0001213900-21-039951,ea145059-8k_gwgholdings.htm,keep,"cial accounting standards provided pursuant to Section 13(a) of the Exchange Act. &#9744; Item 4.02 Non-Reliance on Previously Issued Financial Statements or a Related Audit Report or Completed Interim Review On August 1, 2021, the Board of Directors of the Company, in consultation with the Company'"
1227654,2021-08-05,0001227654-21-000185,cmp-20210804.htm,keep,"s provided pursuant to Section 13(a) of the Exchange Act. &#9744; Item 4.02 &#160;&#160;&#160;&#160;Non-Reliance on Previously Issued Financial Statements or a Related Audit Report or Completed Interim Review. On August 4, 2021, Compass Minerals International, Inc. (the ""Company"") announced that it "
822370,2021-08-10,0001213900-21-041160,ea145361-8k_emmauslife.htm,keep,"ial accounting standards provided pursuant to Section 13(a) of the Exchange Act. &#9744; Item 4.02. Non-Reliance on Previously Issued Financial Statements or a Related Audit Report or Completed Interim Review On August 5, 2021, the Board of Directors of Emmaus Life Sciences, Inc. (&ldquo;we,&rdquo; "
875355,2021-08-13,0001654954-21-008917,a2021_0813isigform8k.htm,keep,"ed as Exhibit 99.1 attached hereto and is incorporated herein by reference. &#xA0; Item 4.02.&#xA0; Non-Reliance on Previously Issued Financial Statements or a Related Audit Report or Completed Interim Review. &#xA0; On August&#xA0;10, 2021, the audit committee of the Company&#x2019;s board of direc"
1830531,2021-08-13,0001104659-21-105064,tm2124396d1_8k.htm,spac_warrant_reclassification,warrant reclassification per the 2021 SEC statement
1835205,2021-08-13,0001104659-21-104987,tm2124980d1_8k.htm,keep,"ncial accounting standards provided pursuant to Section 13(a) of the Exchange Act. &uml; Item 4.02. Non-Reliance on Previously Issued Financial Statements or a Related Audit Report or Completed Interim Review On August 10, 2021, the management and the Audit Committee of the board of directors (the &"
883107,2021-08-16,0001171843-21-005988,f8k_081621.htm,keep,"vided pursuant to Section 13(a) of the Exchange Act. &#9744; &#160; &#160; &#160; &#160; Item 4.02. Non-Reliance on Previously Issued Financial Statements or a Related Audit Report or Completed Interim Review. &#160; On August 12, 2021, the Board of Directors (the &#8220;Board&#8221;) of Nanophase T"
1693690,2021-08-19,0001493152-21-020659,form8-k.htm,keep,"cial accounting standards provided pursuant to Section 13(a) of the Exchange Act. &#9744; Item 4.02 Non-Reliance on Previously Issued Financial Statements or a Related Audit Report or Completed Interim Review. On August 18, 2021, Veroni Brands Corp. (the &ldquo;registrant&rdquo; or the &ldquo;Compan"
1709542,2021-08-23,0001214659-21-008882,e8202128k.htm,keep,"h registered Common Stock N/A N/A &#160; &#160; &#160; &#160; &#160; &#160; &#160; &#160; ITEM 4.02 NON-RELIANCE ON PREVIOUSLY ISSUED FINANCIAL STATEMENTS OR A RELATED AUDIT REPORT OR COMPLETED INTERIM REVIEW. &#160; On August 20, 2021, our Chief Executive Officer determined that the Company's unaud"
1841873,2021-09-01,0001193125-21-262556,d159661d8k.htm,keep,"cial accounting standards provided pursuant to Section 13(a) of the Exchange Act. &#9744; Item 4.02 Non-Reliance on Previously Issued Financial Statements or a Related Audit Report or Completed Interim Review. On August 8, 2021, the Audit Committee of the Company&#146;s board of directors (the &#147"
1846068,2021-09-01,0001193125-21-262563,d386717d8k.htm,keep,"cial accounting standards provided pursuant to Section 13(a) of the Exchange Act. &#9744; Item 4.02 Non-Reliance on Previously Issued Financial Statements or a Related Audit Report or Completed Interim Review. On August 8, 2021, the Audit Committee of the Company&#146;s board of directors (the &#147"
1846069,2021-09-01,0001193125-21-262560,d161575d8k.htm,keep,"cial accounting standards provided pursuant to Section 13(a) of the Exchange Act. &#9744; Item 4.02 Non-Reliance on Previously Issued Financial Statements or a Related Audit Report or Completed Interim Review. On August 8, 2021, the Audit Committee of the Company&#146;s board of directors (the &#147"
1020710,2021-09-09,0001193125-21-268856,d194810d8k.htm,keep,"provided pursuant to Section 13(a) of the Exchange Act. &#9744; &#160; &#160; &#160; Item&#160;4.02 Non-Reliance on Previously Issued Financial Statements or a Related Audit Report or Completed Interim Review. As previously reported by DXP Enterprises, Inc. (the &#8220;Company&#8221;) in its Form 12"
1309082,2021-09-16,0001477932-21-006358,cei_8k.htm,keep,"cial accounting standards provided pursuant to Section 13(a) of the Exchange Act. &#9744; Item 4.02 Non-Reliance on Previously Issued Financial Statements or Related Audit Report or Completed Interim Report. On September 11, 2021, the audit committee of the board of directors (the &#8220;Audit Commi"
1552189,2021-09-16,0001493152-21-022923,form8-k.htm,keep,"t to Section 13(a) of the Exchange Act. &#9744; &#160; &#160; &#160; &#160; &#160; &#160; Item 4.02 Non-Reliance on Previously Issued Financial Statements or a Related Audit Report or Completed Interim Review. &#160; On September 15, 2021, the Board of Directors (the &#8220;Board&#8221;) of Exactus,"
1567098,2021-09-21,0001493152-21-023193,form8-k.htm,keep,"bed in Item 9A of our Form 10-K for the year ended March 31, 2020 filed on June 10, 2021. Item 4.02 Non-Reliance on Previously Issued Financial Statements or a Related Audit Report or Completed Interim Review. On September 20, 2021, our Chief Executive Officer and sole director, Kingrich Lee, determ"
1567098,2021-09-22,0001493152-21-023392,form8-ka.htm,keep,"bed in Item 9A of our Form 10-K for the year ended March 31, 2020 filed on June 10, 2021. Item 4.02 Non-Reliance on Previously Issued Financial Statements or a Related Audit Report or Completed Interim Review. On September 20, 2021, our Chief Executive Officer and sole director, Kingrich Lee, determ"
73290,2021-09-30,0001513162-21-000116,form8k.htm,keep,"al accounting standards provided pursuant to Section 13(a) of the Exchange Act. &#168; 1 Item 4.02, Non-Reliance on Previously Issued Financial Statements or a Related Audit Report or Completed Interim Review. Biomerica, Inc. (the &#147;Company&#148;) has determined that the calculation and expense "
1636051,2021-10-01,0001185185-21-001433,fuseent20211001_8k.htm,keep,which is attached hereto as Exhibit 10.1 and is incorporated herein by reference. &#160; Item 4.02 Non-Reliance on Previously Issued Financial Statements or a Related Audit Report or Completed Interim Review. &#160; During the preparation of responses to comments from the staff of the Securities and
1020710,2021-10-07,0001193125-21-294307,d240959d8k.htm,keep,"t to Section&#160;13(a) of the Exchange Act.&#160;&#160;&#9744; &#160; &#160; &#160; Item&#160;4.02 Non-Reliance on Previously Issues Financial Statements or a Related Audit Report or Completed Interim Review. On October&#160;1, 2021, the management and the Audit Committee of the Board of Directors "
754811,2021-10-18,0001185185-21-001489,usglobal20211018_8k.htm,keep,"ual Report on Form 10-K for the fiscal year ended June 30, 2021, as soon as practicable. Item 4.02. Non-Reliance on Previously Issued Financial Statements or a Related Audit Report or Completed Interim Review. On October 12, 2021, the Company, in consultation with the Audit Committee of its Board of"
1843656,2021-10-20,0001654954-21-011220,amao_8k.htm,spac_warrant_reclassification,warrant reclassification per the 2021 SEC statement
1814329,2021-10-22,0000950170-21-002239,astr-20211020.htm,keep,"pursuant to Section 13(a) of the Exchange Act. &#9744; &#160; &#160; &#160; &#160; &#160; Item 4.02 Non-Reliance on Previously Issued Financial Statements or Related Audit Report or Completed Interim Review. On October 20, 2021, Astra Space, Inc. f/k/a Holicity Inc. (the &#x201c;Company&#x201d;), in"
1681941,2021-10-27,0001213900-21-054894,ea149487-8k_ifreshinc.htm,keep,"cial accounting standards provided pursuant to Section 13(a) of the Exchange Act. &#9744; Item 4.02 Non-Reliance on Previously Issued Financial Statements or a Related Audit Report or Completed Interim Review. The Registrant previously disclosed in a Form 8-K dated July 21, 2021, that it was working"
1579214,2021-11-01,0001564590-21-053027,eex-8k_20211101.htm,keep,"160;&#160;&#160;&#160;&#160;&#160;&#160;&#160;&#160;&#160;&#160;&#160; &#9746; &#160; Item 4.02(a). Non-Reliance on Previously Issued Financial Statements or a Related Audit Report or Completed Interim Review On Noember 1, 2021, management and the Audit Committee of the Board of Directors (the &#822"
1849902,2021-11-04,0001140361-21-036525,brhc10030359_8k.htm,keep,ial accounting standards provided pursuant to Section 13(a) of the Exchange Act. &#x2610; Item 4.02 Non-Reliance on Previously Issued Financial Statements or a Related Audit Report or Completed Interim Review. As previously disclosed on Form 8-K filed by Mercury Ecommerce Acquisition Corp. (the &#82
1445831,2021-11-09,0001493152-21-027629,form8-k.htm,keep,"sors situated at 180 Glastonbury Boulevard, Suite 400, Glastonbury, CT 06033-4439. &#160; Item 4.02 Non-Reliance on Previously Issued Financial Statements or a Related Audit Report or Completed Interim Review. &#160; The Chief Financial Officer of the registrant concluded that the 10Q filed on June "
1656472,2021-11-09,0001656472-21-000120,cron-20211109.htm,keep,"s provided pursuant to Section 13(a) of the Exchange Act. &#9744; Item 4.02.&#160;&#160;&#160;&#160;Non-Reliance on Previously Issued Financial Statements or a Related Audit Report or Completed Interim Review. On November 8, 2021, Cronos Group Inc. (the &#8220;Company&#8221;), on the recommendation "
1811856,2021-11-09,0001193125-21-324677,d250473d8k.htm,keep,"rth below in Item 4.02 is hereby incorporated by reference in this Item 2.02. &#160; Item&#160;4.02 Non-Reliance on Previously Issued Financial Statements or a Related Audit Report or Completed Interim Review. As previously reported on August&#160;16, 2021, the Audit Committee of the Board of Direct"
1596946,2021-11-10,0001193125-21-326226,d216237d8k.htm,keep,"ded pursuant to Section&#160;13(a) of the Exchange Act. &#9744; &#160; &#160; &#160; Item&#160;4.02 Non-Reliance on Previously Issued Financial Statements or a Related Audit Report or Completed Interim Review On November 5 th 2021, the Audit Committee of the Board of Directors of Quotient Ltd. (the "
1626745,2021-11-10,0001493152-21-027846,form8k.htm,keep,Company&#8221;) incorporates by reference the disclosure below in Item 4.02(a). &#160; Item 4.02(a) Non-Reliance on Previously Issued Financial Statements or a Related Audit Report or Completed Interim Review. &#160; In connection with the preparation of the unaudited consolidated financial statemen
1830374,2021-11-12,0001213900-21-058811,ea150535-8k_dandzmedia.htm,spac_warrant_reclassification,warrant reclassification per the 2021 SEC statement
1496963,2021-11-15,0001104659-21-139150,tm2132787d1_8k.htm,keep,"ection 13(a) of the Exchange Act. &#168; &#160; &#160; &#160; &#160; &#160; &#160; Item 4.02.&#160; Non-Reliance on Previously Issued Financial Statements or a Related Audit Report or Completed Interim Review. &#160; On November 10, 2021,&#160; the Audit Committee of the Board of Directors of Square"
1817868,2021-11-15,0001213900-21-059541,ea150602-8k_jupiter.htm,keep,&#160;of the Exchange Act.&#160;&#160; &#9744; &#160; &#160; &#160; &#160; &#160; &#160; Item 4.02. Non-Reliance on Previously Issued Financial Statements or a Related Audit Report or Completed Interim Review. &#160; In connection with the preparation of the financial statements of Jupiter Acquisiti
1820201,2021-11-15,0001104659-21-139337,tm2131639d5_8k.htm,keep,pursuant to Section 13(a) of the Exchange Act. &#168; &#160; &#160; &#160; &#160; &#160; Item 4.02. Non-Reliance on Previously Issued Financial Statements or a Related Audit Report or Completed Interim Review. &#160; (a)&#160;&#160;&#160;&#160;&#160;&#160;&#160;In connection with the preparation of 
1822027,2021-11-15,0001213900-21-059519,ea150665-8k_tekkorpdigit.htm,spac_warrant_reclassification,warrant reclassification per the 2021 SEC statement
1822935,2021-11-15,0001213900-21-059295,ea150702-8k_healthcare.htm,spac_share_reclassification,Class A shares reclassified to temporary equity
1823144,2021-11-15,0001104659-21-139345,tm2132968d1_8k.htm,spac_share_reclassification,Class A shares reclassified to temporary equity
1828972,2021-11-15,0001104659-21-139370,tm2132908d1_8k.htm,spac_share_reclassification,Class A shares reclassified to temporary equity
1828985,2021-11-15,0001213900-21-059225,ea150614-8k_sciontech1.htm,spac_share_reclassification,Class A shares reclassified to temporary equity
1830795,2021-11-15,0001213900-21-059467,ea150584-8k_quantum.htm,spac_share_reclassification,Class A shares reclassified to temporary equity
1834518,2021-11-15,0001193125-21-328781,d236744d8k.htm,keep,provided pursuant to Section 13(a) of the Exchange Act. &#9744; &#160; &#160; &#160; Item&#160;4.02 Non-Reliance&#160;on Previously Issued Financial Statements or a Related Audit Report or Completed Interim Review. In connection with the preparation of the financial statements as of September&#160;3
1835800,2021-11-15,0001193125-21-330164,d263635d8k.htm,keep,ded pursuant to Section 13(a) of the Exchange Act. &#9744; &#160; &#160; &#160; Item&#160;4.02&#160;Non-Reliance&#160;on Previously Issued Financial Statements or a Related Audit Report or Completed Interim Review. In connection with the preparation of the financial statements as of September&#160;3
1835856,2021-11-15,0001104659-21-139158,tm2131532d3_8k.htm,keep,"#160;13(a)&#160;of the Exchange Act. &#168; &#160; &#160; &#160; &#160; &#160; &#160; Item 4.02(a). Non-Reliance on Previously Issued Financial Statements or a Related Audit Report or Completed Interim Review. &#160; On November 11, 2021, the Audit Committee (the &#8220;Audit Committee&#8221;) of th"
1836274,2021-11-15,0001104659-21-139358,tm2132988d1_8k.htm,spac_warrant_reclassification,warrant reclassification per the 2021 SEC statement
1838431,2021-11-15,0001213900-21-059296,ea150615-8k_sciontech2.htm,spac_share_reclassification,Class A shares reclassified to temporary equity
1838615,2021-11-15,0001193125-21-329534,d261658d8k.htm,spac_warrant_reclassification,warrant reclassification per the 2021 SEC statement
1839121,2021-11-15,0001104659-21-139334,tm2126214d2_8k.htm,spac_share_reclassification,Class A shares reclassified to temporary equity
1839341,2021-11-15,0001213900-21-059554,ea150695-8k_powerdigital.htm,spac_share_reclassification,Class A shares reclassified to temporary equity
1840353,2021-11-15,0001140361-21-037879,brhc10030839_8k.htm,spac_warrant_reclassification,warrant reclassification per the 2021 SEC statement
1840572,2021-11-15,0001213900-21-058955,ea150563-8k_isosacqu.htm,keep,"vided pursuant to Section 13(a) of the Exchange Act. &#9744; &#160; &#160; &#160; &#160; Item 4.02. Non-Reliance on Previously Issued Financial Statements or a Related Audit Report or Completed Interim Review. &#160; On November 12, 2021, the audit committee of the board of directors of Isos Acquisi"
1842430,2021-11-15,0001193125-21-330163,d248401d8k.htm,keep,"ards provided pursuant to Section 13(a) of the Exchange Act. &#160; &#160; &#160; Item&#160;4.02(a) Non-Reliance on Previously Issued Financial Statements or a Related Audit Report or Completed Interim Review. On November&#160;15, 2021, Angel Pond Holdings Corporation (the &#8220;Company&#8221;, &#8"
1843212,2021-11-15,0001140361-21-037895,brhc10030830_8k.htm,spac_warrant_reclassification,warrant reclassification per the 2021 SEC statement
1845013,2021-11-15,0001193125-21-330173,d256963d8k.htm,spac_share_reclassification,Class A shares reclassified to temporary equity
1853021,2021-11-15,0001104659-21-139106,tm2132938d1_8k.htm,spac_warrant_reclassification,warrant reclassification per the 2021 SEC statement
837852,2021-11-16,0001104659-21-139669,tm2133104d1_8k.htm,keep,"d pursuant to Section 13(a) of the Exchange Act.&#160; &#168; &#160; &#160; &#160; &#160; Item 4.02 Non-Reliance on Previously Issued Financial Statements or a Related Audit Report or Completed Interim Review. &#160; (b) On November 15, 2021, Ideanomics, Inc. (the &#8220;Company,&#8221; &#8220;our,&"
1069308,2021-11-16,0001564590-21-057118,acer-8k_20211115.htm,keep,"set forth under Item 4.02 is incorporated into this Item 2.02 by reference. &#160; &#160; Item 4.02 Non-Reliance on Previously Issued Financial Statements or a Related Audit Report or Completed Interim Review. On November 15, 2021, the Company, after discussion with its independent registered public"
1759186,2021-11-16,0001213900-21-060025,ea150700-8k_bullhorn.htm,spac_warrant_reclassification,warrant reclassification per the 2021 SEC statement
1805087,2021-11-16,0001104659-21-139468,tm2133011d1_8k.htm,spac_warrant_reclassification,warrant reclassification per the 2021 SEC statement
1814287,2021-11-16,0001564590-21-057306,eresu-8k_20211115.htm,spac_warrant_reclassification,warrant reclassification per the 2021 SEC statement
1817786,2021-11-16,0001104659-21-139529,tm2133036d1_8k.htm,keep,"pursuant to Section 13(a) of the Exchange Act. &#168; &#160; &#160; &#160; &#160; &#160; Item 4.02. Non-Reliance on Previously Issued Financial Statements or a Related Audit Report or Completed Interim Review. &#160; On November 15, 2021 the audit committee of the board of directors of Recharge Acqu"
1819496,2021-11-16,0001213900-21-059633,ea150680-8k_igacq.htm,spac_warrant_reclassification,warrant reclassification per the 2021 SEC statement
1820209,2021-11-16,0001564590-21-057318,warr-8k_20211116.htm,spac_warrant_reclassification,warrant reclassification per the 2021 SEC statement
1822309,2021-11-16,0001213900-21-060041,ea150853-8k_cascade.htm,keep,"of the Exchange Act.&#160;&#160; &#9744; &#160; &#160; &#160; &#160; &#160; &#160; &#160; Item 4.02 Non-Reliance on Previously Issued Financial Statements or a Related Audit Report or Completed Interim Review. &#160;&#160; On November 13, 2021, the audit committee of the board of directors of Cascad"
1822862,2021-11-16,0001140361-21-038123,brhc10030916_8k.htm,spac_warrant_reclassification,warrant reclassification per the 2021 SEC statement
1822888,2021-11-16,0001213900-21-060081,ea150722-8k_virtuosoacq.htm,spac_warrant_reclassification,warrant reclassification per the 2021 SEC statement
1823767,2021-11-16,0001564590-21-057269,luxau-8k_20211112.htm,spac_warrant_reclassification,warrant reclassification per the 2021 SEC statement
1823857,2021-11-16,0001213900-21-060070,ea150650-8k_viveonhealth.htm,keep,ction 13(a) of the Exchange Act.&#160; &#9744; &#160; &#160; &#160; &#160; &#160; &#160; Item 4.02. Non-Reliance on Previously Issued Financial Statements or a Related Audit Report or Completed Interim Review. &#160;&#160; In connection with the preparation of the financial statements of Viveon Heal
1823896,2021-11-16,0001193125-21-331344,d222362d8k.htm,spac_share_reclassification,Class A shares reclassified to temporary equity
1824301,2021-11-16,0001213900-21-059667,ea150752-8k_concordacq.htm,spac_warrant_reclassification,warrant reclassification per the 2021 SEC statement
1826729,2021-11-16,0001104659-21-140040,tm2133012d1_8k.htm,spac_warrant_reclassification,warrant reclassification per the 2021 SEC statement
1832351,2021-11-16,0001564590-21-057316,ennv-8k_20211116.htm,spac_warrant_reclassification,warrant reclassification per the 2021 SEC statement
1832511,2021-11-16,0001193125-21-330313,d201922d8k.htm,spac_warrant_reclassification,warrant reclassification per the 2021 SEC statement
1834645,2021-11-16,0001206774-21-002749,ignyte3984371-8k.htm,spac_warrant_reclassification,warrant reclassification per the 2021 SEC statement
1835800,2021-11-16,0001193125-21-331380,d224264d8ka.htm,keep,ange Commission relating to the initial filing of such Current Report. &#160; 2 Item&#160;4.02&#160;Non-Reliance&#160;on Previously Issued Financial Statements or a Related Audit Report or Completed Interim Review. In connection with the preparation of the financial statements as of September&#160;3
1836894,2021-11-16,0001193125-21-331255,d245758d8k.htm,spac_warrant_reclassification,warrant reclassification per the 2021 SEC statement
1837067,2021-11-16,0001193125-21-331269,d260050d8k.htm,spac_warrant_reclassification,warrant reclassification per the 2021 SEC statement
1838108,2021-11-16,0001193125-21-331330,d262773d8k.htm,spac_warrant_reclassification,warrant reclassification per the 2021 SEC statement
1838359,2021-11-16,0001193125-21-331297,d117067d8k.htm,spac_warrant_reclassification,warrant reclassification per the 2021 SEC statement
1838361,2021-11-16,0001193125-21-331308,d118534d8k.htm,spac_warrant_reclassification,warrant reclassification per the 2021 SEC statement
1838672,2021-11-16,0001104659-21-139937,tm2133134d1_8k.htm,spac_warrant_reclassification,warrant reclassification per the 2021 SEC statement
1840292,2021-11-16,0001213900-21-060122,ea150571-8k_athenatech.htm,spac_warrant_reclassification,warrant reclassification per the 2021 SEC statement
1840920,2021-11-16,0001213900-21-060028,ea150574-8k_techandene.htm,spac_warrant_reclassification,warrant reclassification per the 2021 SEC statement
1843724,2021-11-16,0001104659-21-139945,tm2133021d1_8.htm,spac_share_reclassification,Class A shares reclassified to temporary equity
1844419,2021-11-16,0001104659-21-140007,tm2133147d1_8k.htm,keep,"Section 13(a) of the Exchange Act.&#160; &#168; &#160; &#160; &#160; &#160; &#160; &#160; Item 4.02 Non-Reliance on Previously Issued Financial Statements or a Related Audit Report or Completed Interim Review. &#160; On November 12, 2021, the audit committee of the board of directors of Maquia Capit"
1847152,2021-11-16,0001564590-21-057323,skya-8k_20211112.htm,spac_warrant_reclassification,warrant reclassification per the 2021 SEC statement
1847440,2021-11-16,0001104659-21-140000,tm2133080d1_8k.htm,spac_warrant_reclassification,warrant reclassification per the 2021 SEC statement
1850266,2021-11-16,0001193125-21-331286,d251209d8k.htm,keep,"provided pursuant to Section 13(a) of the Exchange Act. &#9744; &#160; &#160; &#160; Item&#160;4.02 Non-Reliance on Previously Issued Financial Statements or Related Audit Report or Completed Interim Report. In connection with the preparation of its financial statements as of September&#160;30, 2021"
1850270,2021-11-16,0001193125-21-331273,d248874d8k.htm,keep,"provided pursuant to Section 13(a) of the Exchange Act. &#9744; &#160; &#160; &#160; Item&#160;4.02 Non-Reliance on Previously Issued Financial Statements or Related Audit Report or Completed Interim Report. In connection with the preparation of its financial statements as of September&#160;30, 2021"
1850271,2021-11-16,0001193125-21-331293,d100478d8k.htm,keep,"to Section&#160;13(a) of the Exchange Act.&#160;&#160; &#9744; &#160; &#160; &#160; Item&#160;4.02 Non-Reliance on Previously Issued Financial Statements or Related Audit Report or Completed Interim Report. In connection with the preparation of its financial statements as of September&#160;30, 2021,"
1850272,2021-11-16,0001193125-21-331280,d426859d8k.htm,keep,"provided pursuant to Section 13(a) of the Exchange Act. &#9744; &#160; &#160; &#160; Item&#160;4.02 Non-Reliance on Previously Issued Financial Statements or Related Audit Report or Completed Interim Report. In connection with the preparation of its financial statements as of September&#160;30, 2021"
889348,2021-11-17,0001387131-21-011240,cvu-8k_111621.htm,keep,"d pursuant to Section 13(a) of the Exchange Act.&#160; &#9744; &#160;&#160; &#160; &#160; Item 4.02 Non-Reliance on Previously Issued Financial Statements or a Related Audit Report or Completed Interim Review. As previously reported, on June 4, 2021, the audit and finance committee (the &#8220;Audit"
1805833,2021-11-17,0001104659-21-140171,tm2130489d3_8k.htm,spac_warrant_reclassification,warrant reclassification per the 2021 SEC statement
1825413,2021-11-17,0001213900-21-060165,ea150710-8k_biotech.htm,spac_warrant_reclassification,warrant reclassification per the 2021 SEC statement
1827980,2021-11-17,0001104659-21-140615,tm2132535d5_8k.htm,spac_warrant_reclassification,warrant reclassification per the 2021 SEC statement
1828536,2021-11-17,0001104659-21-140528,tm2133304d1_8k.htm,keep,"o Section 13(a) of the Exchange Act.&#160; &#168; &#160; &#160; &#160; &#160; &#160; Item&#160;4.02 Non-Reliance on Previously Issued Financial Statements or a Related Audit Report or Completed Interim Review. &#160; On November 14, 2021, the audit committee of the board of directors (the &#8220;Aud"
1831481,2021-11-17,0001193125-21-332516,d239935d8k.htm,spac_warrant_reclassification,warrant reclassification per the 2021 SEC statement
1838666,2021-11-17,0001193125-21-332448,d237110d8k.htm,keep,rsuant to Section&#160;13(a) of the Exchange Act.&#160; &#9744; &#160; &#160; &#160; Item&#160;4.02 Non-Reliance on Previously Issued Financial Statements or Related Audit Report or Completed Interim Report. In preparation of Build Acquisition Corp.'s (the &#8220;Company&#8221;) unaudited condensed 
1839175,2021-11-17,0001193125-21-332523,d222452d8k.htm,spac_share_reclassification,Class A shares reclassified to temporary equity
1839608,2021-11-17,0001213900-21-060305,ea150815-8k_interpriv2.htm,spac_warrant_reclassification,warrant reclassification per the 2021 SEC statement
1839610,2021-11-17,0001213900-21-060303,ea150816-8k_interpriv3.htm,spac_warrant_reclassification,warrant reclassification per the 2021 SEC statement
1839611,2021-11-17,0001213900-21-060304,ea150817-8k_interpriv4.htm,spac_warrant_reclassification,warrant reclassification per the 2021 SEC statement
1843121,2021-11-17,0001104659-21-140558,tm2132763d1_8k.htm,spac_share_reclassification,Class A shares reclassified to temporary equity
1844635,2021-11-17,0001104659-21-140546,tm2126176-3_8k.htm,spac_share_reclassification,Class A shares reclassified to temporary equity
1845601,2021-11-17,0001104659-21-140557,tm2133172d1_8k.htm,keep,"nt to Section 13(a) of the Exchange Act. &#168; &#160; &#160; &#160; &#160; &#160; &#160; Item 4.02-Non-Reliance on Previously Issued Financial Statements or Related Audit Report or Completed Interim Report. &#160; On November 15, 2021, in connection with the preparation of the financial statements "
1851908,2021-11-17,0001193125-21-332400,d416517d8k.htm,spac_warrant_reclassification,warrant reclassification per the 2021 SEC statement
1852767,2021-11-17,0001104659-21-140582,tm2133246d1_8k.htm,spac_warrant_reclassification,warrant reclassification per the 2021 SEC statement
1805508,2021-11-18,0001104659-21-141147,tm2133428d1_8k.htm,spac_share_reclassification,Class A shares reclassified to temporary equity
1809353,2021-11-18,0001104659-21-141257,tm2132914d1_8k.htm,spac_warrant_reclassification,warrant reclassification per the 2021 SEC statement
1819253,2021-11-18,0001193125-21-334007,d184338d8k.htm,keep,"provided pursuant to Section 13(a) of the Exchange Act. &#9744; &#160; &#160; &#160; Item&#160;4.02 Non-Reliance on Previously Issued Financial Statements or a Related Audit Report or Completed Interim Review. On November&#160;15, 2021, the audit committee of the board of directors of Haymaker Acqui"
1822835,2021-11-18,0001104659-21-141194,tm2133427-1_8k.htm,keep,t to Section 13(a) of the Exchange Act. &#168; &#160; &#160; &#160; &#160; &#160; &#160; Item 4.02. Non-Reliance on Previously Issued Financial Statements or a Related Audit Report or Completed Interim Review. &#160; Pine Island Acquisition Corp. (the &#8220;Company&#8221;) historically classified a
1823143,2021-11-18,0001104659-21-140795,tm2133324d1_8k.htm,spac_warrant_reclassification,warrant reclassification per the 2021 SEC statement
1827328,2021-11-18,0001213900-21-060602,ea150603-8k_brightlights.htm,spac_warrant_reclassification,warrant reclassification per the 2021 SEC statement
1830547,2021-11-18,0001104659-21-141077,tm2133344d1_8k.htm,spac_share_reclassification,Class A shares reclassified to temporary equity
1831270,2021-11-18,0001104659-21-141185,tm2133426d1_8k.htm,spac_warrant_reclassification,warrant reclassification per the 2021 SEC statement
1831978,2021-11-18,0001104659-21-141271,tm2133408d1_8k.htm,spac_share_reclassification,Class A shares reclassified to temporary equity
1833213,2021-11-18,0001213900-21-060581,ea151006-8k_progressacq.htm,keep,"13(a) of the Exchange Act.&#160;&#160; &#9744; &#160; &#160; &#160; &#160; &#160; &#160; Item 4.02. Non-Reliance on Previously Issued Financial Statements or a Related Audit Report or Completed Interim Review. &#160;&#160; On November 13, 2021, the audit committee of the board of directors of Progre"
1833769,2021-11-18,0001104659-21-141253,tm2121883d31_8k.htm,spac_share_reclassification,Class A shares reclassified to temporary equity
1838238,2021-11-18,0001213900-21-060606,ea150966-8k_pinetech.htm,spac_warrant_reclassification,warrant reclassification per the 2021 SEC statement
1839127,2021-11-18,0001104659-21-141010,tm2133294d1_8k.htm,spac_warrant_reclassification,warrant reclassification per the 2021 SEC statement
1839412,2021-11-18,0001104659-21-141266,tm2132963d1_8k.htm,keep,nt to Section 13(a) of the Exchange Act. &#168; &#160; &#160; &#160; &#160; &#160; &#160; Item 4.02 Non-Reliance on Previously Issued Financial Statements or a Related Audit Report or Completed Interim Review &#160; In connection with the preparation of the financial statements of Roth CH Acquisitio
1839434,2021-11-18,0001193125-21-333694,d261439d8k.htm,spac_warrant_reclassification,warrant reclassification per the 2021 SEC statement
1840199,2021-11-18,0001213900-21-060625,ea150943-8k_waldencast.htm,keep,"on 13(a) of the Exchange Act. &#9744; &#160; &#160; &#160; &#160; &#160; &#160; Item&#160;4.02&#160;Non-Reliance on Previously Issued Financial Statements or Related Audit Report or Completed Interim Report. &#160; On November 18, 2021, after consultation with Marcum LLP, the independent registered "
1841383,2021-11-18,0001193125-21-333795,d264638d8k.htm,spac_warrant_reclassification,warrant reclassification per the 2021 SEC statement
1841420,2021-11-18,0001193125-21-333927,d263178d8k.htm,keep,provided pursuant to Section 13(a) of the Exchange Act. &#9744; &#160; &#160; &#160; Item&#160;4.02 Non-Reliance on Previously Issued Financial Statements or Related Audit Report or Completed Interim Report. In preparation of ESM Acquisition Corporation's (the &#8220;Company&#8221;) unaudited conden
1841734,2021-11-18,0001213900-21-060640,ea150856-8k_glasshouses.htm,spac_warrant_reclassification,warrant reclassification per the 2021 SEC statement
1842566,2021-11-18,0001213900-21-060542,ea150620-8k_byteacqu.htm,spac_share_reclassification,Class A shares reclassified to temporary equity
1844363,2021-11-18,0001193125-21-333898,d437194d8k.htm,spac_warrant_reclassification,warrant reclassification per the 2021 SEC statement
1785592,2021-11-19,0001213900-21-060891,ea151053-8k_merida.htm,keep,a) of the Exchange Act.&#160; &#9744; &#160; &#160; &#160; &#160; &#160; &#160; Item&#160;4.02&#160;Non-Reliance&#160;on Previously Issued Financial Statements or a Related Audit Report or Completed Interim Review.&#160; &#160; In connection with the preparation of the financial statements as of Sep
1787518,2021-11-19,0001213900-21-060664,ea150984-8k_brillacq.htm,spac_warrant_reclassification,warrant reclassification per the 2021 SEC statement
1812234,2021-11-19,0001104659-21-141477,tm2133366d1_8k.htm,spac_share_reclassification,Class A shares reclassified to temporary equity
1815737,2021-11-19,0001213900-21-060705,ea150825-8k_fastacquis.htm,spac_share_reclassification,Class A shares reclassified to temporary equity
1821606,2021-11-19,0001193125-21-335378,d254930d8k.htm,keep,"provided pursuant to Section 13(a) of the Exchange Act. &#9744; &#160; &#160; &#160; Item&#160;4.02 Non-Reliance on Previously Issued Financial Statements or a Related Audit Report or Completed Interim Review. On November&#160;15, 2021, the audit committee of the board of directors of Tastemaker Acq"
1821742,2021-11-19,0001193125-21-334433,d261405d8k.htm,keep,"rovided pursuant to Section 13(a) of the Exchange Act. &#9744; &#160; &#160; &#160; Item&#160;4.02. Non-Reliance on Previously Issued Financial Statements or a Related Audit Report or Completed Interim Review. In connection with the preparation of the financial statements of DPCM Capital, Inc. (the "
1822862,2021-11-19,0001140361-21-038669,brhc10031018_8ka.htm,spac_warrant_reclassification,warrant reclassification per the 2021 SEC statement
1822929,2021-11-19,0001104659-21-141999,tm2133283d1_8k.htm,spac_warrant_reclassification,warrant reclassification per the 2021 SEC statement
1824119,2021-11-19,0000950103-21-018148,dp161998_8k.htm,spac_share_reclassification,Class A shares reclassified to temporary equity
1824149,2021-11-19,0001213900-21-060858,ea151082-8k_jofffintech.htm,keep,"Section 13(a) of the Exchange Act.&#160;&#160; &#9744; &#160; &#160; &#160; &#160; &#160; Item 4.02 Non-Reliance on Previously Issued Financial Statements or a Related Audit Report or Completed Interim Review. &#160;&#160; On November 17, 2021, the audit committee of the board of directors of JOFF F"
1828248,2021-11-19,0001104659-21-141483,tm2133411d1_8k.htm,spac_share_reclassification,Class A shares reclassified to temporary equity
1828250,2021-11-19,0001104659-21-141485,tm2133370d1_8k.htm,spac_share_reclassification,Class A shares reclassified to temporary equity
1828852,2021-11-19,0001104659-21-141976,tm2132998d1_8k.htm,spac_share_reclassification,Class A shares reclassified to temporary equity
1829953,2021-11-19,0001193125-21-335323,d263059d8k.htm,spac_share_reclassification,Class A shares reclassified to temporary equity
1837344,2021-11-19,0001213900-21-060857,ea151087-8k_nocturne.htm,keep,"pursuant to Section 13(a) of the Exchange Act.&#160;&#160; &#9744; &#160; &#160; &#160; Item 4.02. Non-Reliance on Previously Issued Financial Statements or a Related Audit Report or Completed Interim Review. &#160;&#160; On November 15, 2021, the audit committee of the board of directors of Nocturn"
1837739,2021-11-19,0001193125-21-335335,d222436d8k.htm,spac_share_reclassification,Class A shares reclassified to temporary equity
1838000,2021-11-19,0001213900-21-060889,ea151111-8k_springwater.htm,keep,"cial accounting standards provided pursuant to Section 13(a) of the Exchange Act. &#9744; Item 4.02 Non-Reliance on Previously Issued Financial Statements or a Related Audit Report or Completed Interim Review. In connection with the preparation of the financial statements as of September 30, 2021 fo"
1838219,2021-11-19,0001213900-21-060679,ea150829-8k_tcwspecial.htm,spac_warrant_reclassification,warrant reclassification per the 2021 SEC statement
1838831,2021-11-19,0000950103-21-018149,dp161733_8k.htm,spac_warrant_reclassification,warrant reclassification per the 2021 SEC statement
1838987,2021-11-19,0001213900-21-060920,ea150669-8k_freedomacq.htm,spac_warrant_reclassification,warrant reclassification per the 2021 SEC statement
1839569,2021-11-19,0001213900-21-060846,ea150942-8k_fintechevo.htm,keep,"pursuant to Section 13(a) of the Exchange Act. &#9744; &#160; &#160; &#160; &#160; &#160; Item 4.02 Non-Reliance on Previously Issued Financial Statements or a Related Audit Report or Completed Interim Review. &#160;&#160; On November 15, 2021, the audit committee of the board of directors of FinTec"
1841661,2021-11-19,0001213900-21-060908,ea151112-8k_afacquisit.htm,keep,nt to Section 13(a) of the Exchange Act.&#160;&#160; &#9744; &#160; 1 &#160; &#160;&#160; Item 4.02 Non-Reliance on Previously Issued Financial Statements or a Related Audit Report or Completed Interim Review. &#160; AF Acquisition Corporation (the &#8220;Company&#8221;) previously presented a porti
1841993,2021-11-19,0001104659-21-141758,tm2133052d1_8k.htm,spac_warrant_reclassification,warrant reclassification per the 2021 SEC statement
1842219,2021-11-19,0001213900-21-060922,ea151116-8k_agrico.htm,keep,"t to Section 13(a) of the Exchange Act. &#9744; &#160; &#160; &#160; &#160; &#160; &#160; Item 4.02-Non-Reliance on Previously Issued Financial Statements or Related Audit Report or Completed Interim Report. &#160; On November 15, 2021, the audit committee of the board of directors of Agrico Acquisi"
1842329,2021-11-19,0001104659-21-141915,tm2126133d3_8k.htm,spac_share_reclassification,Class A shares reclassified to temporary equity
1843249,2021-11-19,0001213900-21-060845,ea150661-8k_northerngns3.htm,spac_share_reclassification,Class A shares reclassified to temporary equity
1843351,2021-11-19,0001193125-21-334974,d229142d8k.htm,spac_warrant_reclassification,warrant reclassification per the 2021 SEC statement
1843388,2021-11-19,0001213900-21-060890,ea150946-8k_nextgenacq2.htm,spac_share_reclassification,Class A shares reclassified to temporary equity
1843608,2021-11-19,0001104659-21-141910,tm2133538d1_8k.htm,spac_warrant_reclassification,warrant reclassification per the 2021 SEC statement
1844642,2021-11-19,0001104659-21-141933,tm2133520d1_8k.htm,spac_share_reclassification,Class A shares reclassified to temporary equity
1846235,2021-11-19,0001104659-21-141919,tm2133416d1_8k.htm,keep,"rovided pursuant to Section 13(a) of the Exchange Act. &#168; &#160; &#160; &#160; &#160; Item 4.02 Non-Reliance on Previously Issued Financial Statements or a Related Audit Report or Completed Interim Review. &#160; On November 15, 2021, in connection with the preparation of the financial statement"
1847513,2021-11-19,0001104659-21-141987,tm2126345d2_8k.htm,spac_share_reclassification,Class A shares reclassified to temporary equity
1849380,2021-11-19,0001104659-21-141812,tm2133547d1_8k.htm,keep,"pursuant to Section 13(a) of the Exchange Act. &#168; &#160; &#160; &#160; &#160; &#160; Item 4.02. Non-Reliance on Previously Issued Financial Statements or a Related Audit Report or Completed Interim Review. &#160; On November 15, 2021, the audit committee of the board of directors (the &#8220;Aud"
1849580,2021-11-19,0001193125-21-335289,d266169d8k.htm,spac_share_reclassification,Class A shares reclassified to temporary equity
1851174,2021-11-19,0001564590-21-057781,cik1851174-8k_20211119.htm,spac_warrant_reclassification,warrant reclassification per the 2021 SEC statement
1853084,2021-11-19,0001104659-21-141833,tm2133055d1_8k.htm,spac_share_reclassification,Class A shares reclassified to temporary equity
1853580,2021-11-19,0001829126-21-014610,portagefintech_8k.htm,spac_share_reclassification,Class A shares reclassified to temporary equity
1854963,2021-11-19,0001493152-21-029352,form8-k.htm,keep,"to Section 13(a) of the Exchange Act. &#9744; &#160; &#160; &#160; &#160; &#160; &#160; Item 4.02. Non-Reliance on Previously Issued Financial Statements or a Related Audit Report or Completed Interim Review. &#160; On November 15, 2021, the audit committee of the board of directors (the &#8220;Audi"
837852,2021-11-22,0001104659-21-142567,tm2133674d1_8k.htm,keep,"m 8-K. Except as set forth in this Form 8-K/A, the Original Form 8-K is unchanged. &#160; Item 4.02 Non-Reliance on Previously Issued Financial Statements or a Related Audit Report or Completed Interim Review. &#160; (b) As previously reported, on November&#160;16, 2021, the Company filed the Origin"
1794717,2021-11-22,0001213900-21-061063,ea151122-8k_scvxcorp.htm,spac_warrant_reclassification,warrant reclassification per the 2021 SEC statement
1805795,2021-11-22,0001213900-21-061235,ea151189-8k_mallardacq.htm,spac_share_reclassification,Class A shares reclassified to temporary equity
1815805,2021-11-22,0001104659-21-142401,tm2133627d1_8k.htm,spac_share_reclassification,Class A shares reclassified to temporary equity
1818089,2021-11-22,0001104659-21-142035,tm2126158d3_8k.htm,keep,3(a)&#160;of the Exchange Act. &#168; &#160; &#160; &#160; &#160; &#160; &#160; Item&#160;4.02&#160;Non-Reliance on Previously Issued Financial Statements or Related Audit Report or Completed Interim Report. &#160; In connection with the preparation of Bluescape Opportunities Acquisition Corporation
1819157,2021-11-22,0001140361-21-038938,brhc10031119_8k.htm,spac_share_reclassification,Class A shares reclassified to temporary equity
1819438,2021-11-22,0001193125-21-337023,d263214d8k.htm,spac_warrant_reclassification,warrant reclassification per the 2021 SEC statement
1820302,2021-11-22,0001193125-21-335953,d248793d8k.htm,spac_warrant_reclassification,warrant reclassification per the 2021 SEC statement
1820566,2021-11-22,0001193125-21-336846,d241623d8k.htm,keep,"ed pursuant to Section 13(a) of the Exchange Act. &#9744; &#160; &#160; &#160; Item&#160;4.02.&#160;Non-Reliance&#160;on Previously Issued Financial Statements or a Related Audit Report or Completed Interim Review. In the unaudited interim financial statements for the quarter ended September 30, 202"
1821769,2021-11-22,0001193125-21-336022,d244276d8k.htm,keep,"ed pursuant to Section&#160;13(a) of the Exchange Act. &#9744; &#160; &#160; &#160; Item&#160;4.02. Non-Reliance on Previously Issued Financial Statements or a Related Audit Report or Completed Interim Review. On October&#160;19, 2021, Navitas Semiconductor Corporation (formerly known as Live Oak Ac"
1822219,2021-11-22,0001213900-21-061175,ea150605-8k_firstmark.htm,spac_warrant_reclassification,warrant reclassification per the 2021 SEC statement
1823323,2021-11-22,0001104659-21-142483,tm2133651d1_8k.htm,spac_share_reclassification,Class A shares reclassified to temporary equity
1825042,2021-11-22,0001193125-21-336742,d265261d8k.htm,spac_share_reclassification,Class A shares reclassified to temporary equity
1825962,2021-11-22,0001213900-21-061267,ea151193-8k_kismet2.htm,spac_share_reclassification,Class A shares reclassified to temporary equity
1826059,2021-11-22,0001213900-21-061270,ea151194-8k_kismet3.htm,spac_share_reclassification,Class A shares reclassified to temporary equity
1826435,2021-11-22,0000950103-21-018223,dp161996_8k.htm,spac_share_reclassification,Class A shares reclassified to temporary equity
1826669,2021-11-22,0001213900-21-061075,ea151077-8k_gxacquisit2.htm,spac_share_reclassification,Class A shares reclassified to temporary equity
1827899,2021-11-22,0001104659-21-142527,tm2133648d1_8k.htm,spac_warrant_reclassification,warrant reclassification per the 2021 SEC statement
1828608,2021-11-22,0001213900-21-060941,ea151079-8k_compute.htm,spac_warrant_reclassification,warrant reclassification per the 2021 SEC statement
1828735,2021-11-22,0001104659-21-142117,tm2133574d1_8k.htm,keep,"nt to Section 13(a) of the Exchange Act. &#168; &#160; &#160; &#160; &#160; &#160; &#160; Item 4.02 Non-Reliance on Previously Issued Financial Statements or a Related Audit Report or Completed Interim Review. &#160;&#160; On November 19, 2021, the audit committee of the board of directors of Beness"
1829328,2021-11-22,0001213900-21-061249,ea151217-8k_fintechacq5.htm,spac_share_reclassification,Class A shares reclassified to temporary equity
1830188,2021-11-22,0001104659-21-142060,tm2133111d1_8k.htm,keep,nt to Section 13(a) of the Exchange Act. &#168; &#160; &#160; &#160; &#160; &#160; &#160; Item 4.02 Non-Reliance on Previously Issued Financial Statements or a Related Audit Report or Completed Interim Review. &#160; The management of DiamondHead Holdings Corp. (the &#8220;Company&#8221;) has re-eva
1831874,2021-11-22,0001104659-21-142100,tm2132881d1_8k.htm,spac_warrant_reclassification,warrant reclassification per the 2021 SEC statement
1831964,2021-11-22,0001213900-21-060966,ea151088-8k_noble.htm,keep,"on 13(a) of the Exchange Act. &#9744; &#160; &#160; &#160; &#160; &#160; &#160; Item&#160;4.02&#160;Non-Reliance on Previously Issued Financial Statements or Related Audit Report or Completed Interim Report. &#160; On November 18, 2021, the Company's management and the Audit Committee of the Company"
1833214,2021-11-22,0001493152-21-029460,form8k.htm,keep,"ling, except as shall be expressly set forth by specific reference in such filing. &#160; Item 4.02 Non-Reliance on Previously Issued Financial Statements or a Related Audit Report or Completed Interim Review. &#160; On November 22, 2021, the audit committee of the board of directors of the Company "
1833498,2021-11-22,0001213900-21-061168,ea151146-8k_rosecliff1.htm,spac_warrant_reclassification,warrant reclassification per the 2021 SEC statement
1833909,2021-11-22,0001213900-21-061131,ea151197-8k_africangold.htm,keep,"13(a) of the Exchange Act.&#160;&#160; &#9744; &#160; &#160; &#160; &#160; &#160; &#160; Item 4.02. Non-Reliance on Previously Issued Financial Statements or a Related Audit Report or Completed Interim Review. &#160;&#160; On November 19, 2021, the audit committee of the board of directors of Africa"
1836100,2021-11-22,0001493152-21-029434,form8-k.htm,spac_warrant_reclassification,warrant reclassification per the 2021 SEC statement
1836154,2021-11-22,0001564590-21-057918,dcrnu-8k_20211122.htm,spac_warrant_reclassification,warrant reclassification per the 2021 SEC statement
1836707,2021-11-22,0001104659-21-142127,tm2131550d15_8k.htm,keep,"ion&#160;13(a)&#160;of the Exchange Act. &#168; &#160; &#160; &#160; &#160; &#160; &#160; Item 4.02 Non-Reliance on Previously Issued Financial Statements or a Related Audit Report or Completed Interim Review. &#160; On November 15, 2021, the management and the Audit Committee of SilverBox Engaged M"
1837393,2021-11-22,0001193125-21-335444,d209553d8k.htm,spac_warrant_reclassification,warrant reclassification per the 2021 SEC statement
1839185,2021-11-22,0001193125-21-335839,d403982d8k.htm,spac_warrant_reclassification,warrant reclassification per the 2021 SEC statement
1839360,2021-11-22,0001213900-21-061170,ea151059-8k_briley.htm,spac_share_reclassification,Class A shares reclassified to temporary equity
1839550,2021-11-22,0001140361-21-038948,brhc10031038_8k.htm,spac_share_reclassification,Class A shares reclassified to temporary equity
1839998,2021-11-22,0001104659-21-142036,tm2132786d1_8k.htm,keep,"on&#160;13(a)&#160;of the Exchange Act. &#168; &#160; &#160; &#160; &#160; &#160; &#160; Item 4.02. Non-Reliance on Previously Issued Financial Statements or a Related Audit Report or Completed Interim Review. &#160; On November 15, 2021, the management and the Audit Committee of Digital Transformat"
1840317,2021-11-22,0001193125-21-336871,d256190d8k.htm,spac_share_reclassification,Class A shares reclassified to temporary equity
1841867,2021-11-22,0001104659-21-142047,tm2133119d1_8k.htm,spac_share_reclassification,Class A shares reclassified to temporary equity
1842883,2021-11-22,0001564590-21-057912,frsg-8k_20211119.htm,spac_warrant_reclassification,warrant reclassification per the 2021 SEC statement
1843764,2021-11-22,0001193125-21-336918,d267195d8k.htm,spac_share_reclassification,Class A shares reclassified to temporary equity
1843862,2021-11-22,0001193125-21-337022,d238827d8k.htm,spac_share_reclassification,Class A shares reclassified to temporary equity
1843973,2021-11-22,0001193125-21-336958,d241213d8k.htm,spac_warrant_reclassification,warrant reclassification per the 2021 SEC statement
1844211,2021-11-22,0001213900-21-061173,ea151058-8k_briley.htm,spac_share_reclassification,Class A shares reclassified to temporary equity
1845550,2021-11-22,0001193125-21-337004,d264317d8k.htm,spac_share_reclassification,Class A shares reclassified to temporary equity
1852771,2021-11-22,0001104659-21-142566,tm2133677d1_8k.htm,spac_share_reclassification,Class A shares reclassified to temporary equity
1854863,2021-11-22,0001193125-21-337003,d229687d8k.htm,spac_warrant_reclassification,warrant reclassification per the 2021 SEC statement
1498233,2021-11-23,0001104659-21-142811,tm2133672d1_8k.htm,spac_share_reclassification,Class A shares reclassified to temporary equity
1773087,2021-11-23,0001213900-21-061638,ea151298-8k_tuscanhold2.htm,keep,a) of the Exchange Act.&#160; &#9744; &#160; &#160; &#160; &#160; &#160; &#160; Item&#160;4.02&#160;Non-Reliance&#160;on Previously Issued Financial Statements or a Related Audit Report or Completed Interim Review.&#160; &#160; In connection with the preparation of the financial statements as of Sep
1810491,2021-11-23,0001213900-21-061402,ea151205-8k_vistasmedia.htm,spac_share_reclassification,Class A shares reclassified to temporary equity
1815302,2021-11-23,0001193125-21-337288,d208056d8k.htm,spac_share_reclassification,Class A shares reclassified to temporary equity
1817232,2021-11-23,0001213900-21-061616,ea151277-8k_duneacq.htm,spac_share_reclassification,Class A shares reclassified to temporary equity
1818873,2021-11-23,0001104659-21-142703,tm2133233d1_8k.htm,spac_share_reclassification,Class A shares reclassified to temporary equity
1818876,2021-11-23,0001104659-21-142702,tm2133234d1_8k.htm,spac_share_reclassification,Class A shares reclassified to temporary equity
1822359,2021-11-23,0001213900-21-061353,ea151162-8k_docgoinc.htm,spac_warrant_reclassification,warrant reclassification per the 2021 SEC statement
1822711,2021-11-23,0001213900-21-061612,ea151242-8k_fsdeve2.htm,spac_share_reclassification,Class A shares reclassified to temporary equity
1824171,2021-11-23,0001104659-21-143039,tm2133799d1_8k.htm,spac_warrant_reclassification,warrant reclassification per the 2021 SEC statement
1825042,2021-11-23,0001193125-21-337198,d80388d8ka.htm,spac_share_reclassification,Class A shares reclassified to temporary equity
1826553,2021-11-23,0001104659-21-143055,tm2133769d1_8k.htm,keep,"ion&#160;13(a)&#160;of the Exchange Act. &#168; &#160; &#160; &#160; &#160; &#160; &#160; Item 4.02 Non-Reliance on Previously Issued Financial Statements or a Related Audit Report or Completed Interim Review &#160; On November&#160;22, 2021, management of Silver Crest Acquisition Corporation (the &"
1829455,2021-11-23,0001213900-21-061653,ea151315-8k_hennessy5.htm,spac_warrant_reclassification,warrant reclassification per the 2021 SEC statement
1830063,2021-11-23,0001104659-21-142656,tm2133595d1_8k.htm,keep,"of the Exchange Act.&#160; &#168; &#160; &#160; &#160; &#160; &#160; &#160; &#160; &#160; Item 4.02 Non-Reliance on Previously Issued Financial Statements or a Related Audit Report or Completed Interim Review. &#160;&#160; On November 19, 2021, the audit committee of the board of directors of North "
1831937,2021-11-23,0001213900-21-061647,ea151285-8k_clarim.htm,spac_warrant_reclassification,warrant reclassification per the 2021 SEC statement
1831979,2021-11-23,0001213900-21-061289,ea151216-8k_globalpart2.htm,spac_share_reclassification,Class A shares reclassified to temporary equity
1832415,2021-11-23,0001193125-21-337204,d192571d8k.htm,spac_share_reclassification,Class A shares reclassified to temporary equity
1835512,2021-11-23,0001104659-21-142819,tm2126139d3_8k.htm,spac_share_reclassification,Class A shares reclassified to temporary equity
1835972,2021-11-23,0001140361-21-039208,brhc10031160_8k.htm,spac_warrant_reclassification,warrant reclassification per the 2021 SEC statement
1836176,2021-11-23,0001193125-21-338436,d263548d8k.htm,keep,"tion 13(a) of the Exchange Act. &#9744; &#160; &#160; &#160; Item&#160;4.02.&#160;&#160;&#160;&#160;Non-Reliance on Previously Issued Financial Statements or a Related Audit Report or Completed Interim Review. (a)&#160;&#160;&#160;&#160;Altimar Acquisition Corp. II, a Cayman Islands exempted company"
1838163,2021-11-23,0001193125-21-338662,d279094d8k.htm,spac_warrant_reclassification,warrant reclassification per the 2021 SEC statement
1838433,2021-11-23,0001213900-21-061295,ea151177-8k_newvistaacq.htm,spac_warrant_reclassification,warrant reclassification per the 2021 SEC statement
1838527,2021-11-23,0001564590-21-058061,spaq-8k_20211123.htm,spac_warrant_reclassification,warrant reclassification per the 2021 SEC statement
1841258,2021-11-23,0000950103-21-018240,dp162170_8k.htm,spac_share_reclassification,Class A shares reclassified to temporary equity
1841408,2021-11-23,0001193125-21-338457,d241132d8k.htm,spac_share_reclassification,Class A shares reclassified to temporary equity
1843091,2021-11-23,0001193125-21-337078,d265605d8k.htm,spac_warrant_reclassification,warrant reclassification per the 2021 SEC statement
1843762,2021-11-23,0001213900-21-061582,ea151227-8k_cmlifesci3.htm,spac_share_reclassification,Class A shares reclassified to temporary equity
1844981,2021-11-23,0001104659-21-142713,tm2133686d1_8k.htm,spac_share_reclassification,Class A shares reclassified to temporary equity
1846136,2021-11-23,0001140361-21-039001,brhc10031098_8k.htm,spac_warrant_reclassification,warrant reclassification per the 2021 SEC statement
1846163,2021-11-23,0001193125-21-337716,d249025d8k.htm,spac_warrant_reclassification,warrant reclassification per the 2021 SEC statement
1760683,2021-11-24,0001213900-21-061735,ea151346-8k_eaststone.htm,keep,"13(a) of the Exchange Act.&#160;&#160; &#9744; &#160; &#160; &#160; &#160; &#160; &#160; Item 4.02 Non-Reliance on Previously Issued Financial Statements or a Related Audit Report or Completed Interim Review. &#160;&#160; On November 23, 2021, the audit committee of the board of directors of East St"
1790665,2021-11-24,0001213900-21-061955,ea151359-8k_greenrose.htm,spac_warrant_reclassification,warrant reclassification per the 2021 SEC statement
1814140,2021-11-24,0001193125-21-338955,d241091d8ka.htm,spac_warrant_reclassification,warrant reclassification per the 2021 SEC statement
1814140,2021-11-24,0001193125-21-338741,d267708d8k.htm,spac_warrant_reclassification,warrant reclassification per the 2021 SEC statement
1820852,2021-11-24,0001140361-21-039365,brhc10031189_8k.htm,spac_warrant_reclassification,warrant reclassification per the 2021 SEC statement
1820872,2021-11-24,0000950142-21-003793,eh210205325_8k-apsg.htm,spac_share_reclassification,Class A shares reclassified to temporary equity
1821146,2021-11-24,0001213900-21-061980,ea151375-8k_betterworld.htm,spac_share_reclassification,Class A shares reclassified to temporary equity
1822691,2021-11-24,0001213900-21-061942,ea151332-8k_environment.htm,keep,"Section 13(a) of the Exchange Act. &#9744; &#160; &#160; &#160; &#160; &#160; &#160; Item&#160;4.02 Non-Reliance on Previously Issued Financial Statements or a Related Audit Report or Completed Interim Review. &#160; On November 23, 2021, the audit committee of the board of directors (the &#8220; Au"
1823383,2021-11-24,0001493152-21-029756,form8-k.htm,spac_warrant_reclassification,warrant reclassification per the 2021 SEC statement
1823466,2021-11-24,0001104659-21-143255,tm2133395d1_8k.htm,spac_warrant_reclassification,warrant reclassification per the 2021 SEC statement
1826855,2021-11-24,0001213900-21-062010,ea151360-8k_classaccel.htm,keep,"13(a) of the Exchange Act.&#160;&#160; &#9744; &#160; &#160; &#160; &#160; &#160; &#160; Item 4.02. Non-Reliance on Previously Issued Financial Statements or a Related Audit Report or Completed Interim Review. &#160;&#160; On November 19, 2021, the audit committee of the board of directors of Class "
1827669,2021-11-24,0001213900-21-061887,ea151374-8k_omnichannel.htm,spac_share_reclassification,Class A shares reclassified to temporary equity
1827821,2021-11-24,0001104659-21-143598,tm2127561d8_8k.htm,spac_share_reclassification,Class A shares reclassified to temporary equity
1829042,2021-11-24,0001140361-21-039370,brhc10031226_8k.htm,spac_warrant_reclassification,warrant reclassification per the 2021 SEC statement
1829999,2021-11-24,0001493152-21-029836,form8-k.htm,spac_warrant_reclassification,warrant reclassification per the 2021 SEC statement
1832696,2021-11-24,0001213900-21-061989,ea151292-8k_ftacathena.htm,spac_share_reclassification,Class A shares reclassified to temporary equity
1837248,2021-11-24,0001140361-21-039367,brhc10031207_8k.htm,keep,"al accounting standards provided pursuant to Section 13(a) of the Exchange Act. &#x2610; Item 4.02. Non-Reliance on Previously Issued Financial Statements or a Related Audit Report or Completed Interim Review. On November 24, 2021, the management and the Audit Committee of Sustainable Development Ac"
1842916,2021-11-24,0001213900-21-061941,ea151232-8k_forum4.htm,spac_share_reclassification,Class A shares reclassified to temporary equity
1843091,2021-11-24,0001193125-21-340484,d274314d8ka.htm,spac_warrant_reclassification,warrant reclassification per the 2021 SEC statement
1819142,2021-11-26,0001104659-21-143958,tm2133910d1_8k.htm,spac_warrant_reclassification,warrant reclassification per the 2021 SEC statement
1822873,2021-11-26,0001140361-21-039448,brhc10031241_8k.htm,spac_warrant_reclassification,warrant reclassification per the 2021 SEC statement
1823826,2021-11-26,0001213900-21-062164,ea151420-8k_aequiacq.htm,spac_share_reclassification,Class A shares reclassified to temporary equity
1832505,2021-11-26,0001213900-21-062049,ea151054-8k_european.htm,spac_share_reclassification,Class A shares reclassified to temporary equity
1835378,2021-11-26,0001213900-21-062086,ea151306-8k_ionacq2.htm,keep,ction 13(a) of the Exchange Act.&#160; &#9744; &#160; &#160; &#160; &#160; &#160; &#160; Item 4.02. Non-Reliance on Previously Issued Financial Statements or a Related Audit Report or Completed Interim Review. &#160; The management of ION Acquisition Corp 2 Ltd. (the &#8220;Company&#8221;) has re-ev
1836833,2021-11-26,0001193125-21-340582,d250435d8k.htm,spac_share_reclassification,Class A shares reclassified to temporary equity
1837997,2021-11-26,0001193125-21-340516,d271478d8k.htm,spac_warrant_reclassification,warrant reclassification per the 2021 SEC statement
1838176,2021-11-26,0001104659-21-143984,tm2134015d1_8k.htm,keep,"nt to Section 13(a) of the Exchange Act. &#168; &#160; &#160; &#160; &#160; &#160; &#160; Item 4.02 Non-Reliance on Previously Issued Financial Statements or a Related Audit Report or Completed Interim Review. &#160;&#160; On November 23, 2021, the audit committee of the board of directors of DHB Ca"
1841024,2021-11-26,0001104659-21-143773,tm2133986d1_8k.htm,spac_warrant_reclassification,warrant reclassification per the 2021 SEC statement
1842279,2021-11-26,0001193125-21-340955,d267097d8k.htm,spac_warrant_reclassification,warrant reclassification per the 2021 SEC statement
1842729,2021-11-26,0001193125-21-340847,d192140d8k.htm,spac_warrant_reclassification,warrant reclassification per the 2021 SEC statement
1676852,2021-11-29,0001493152-21-030038,form8-k.htm,keep,"addition, the Second Warrant will become exercisable in accordance with its terms. &#160; Item 4.02 Non-Reliance on Previously Issued Financial Statements or a Related Audit Report or Completed Interim Review &#160; During the preparation of its financial statements for the fiscal quarter ended Sept"
1807594,2021-11-29,0001213900-21-062351,ea151464-8k_malaccastra.htm,spac_warrant_reclassification,warrant reclassification per the 2021 SEC statement
1819608,2021-11-29,0001193125-21-342137,d185704d8k.htm,spac_share_reclassification,Class A shares reclassified to temporary equity
1828914,2021-11-29,0001193125-21-342249,d231159d8k.htm,spac_share_reclassification,Class A shares reclassified to temporary equity
1836129,2021-11-29,0001213900-21-062350,ea151364-8k_orionacq.htm,spac_share_reclassification,Class A shares reclassified to temporary equity
1838614,2021-11-29,0001104659-21-144507,tm2126164d2_8k.htm,spac_warrant_reclassification,warrant reclassification per the 2021 SEC statement
1844862,2021-11-29,0001564590-21-058706,dcrc-8k_20211122.htm,spac_warrant_reclassification,warrant reclassification per the 2021 SEC statement
1847064,2021-11-29,0001104659-21-144423,tm2134078d1_8k.htm,spac_share_reclassification,Class A shares reclassified to temporary equity
1802450,2021-11-30,0001104659-21-145044,tm2134270d1_8k.htm,spac_share_reclassification,Class A shares reclassified to temporary equity
1821318,2021-11-30,0001104659-21-144984,tm2134214d1_8k.htm,spac_warrant_reclassification,warrant reclassification per the 2021 SEC statement
1826814,2021-11-30,0001104659-21-145022,tm2134181d1_8k.htm,spac_warrant_reclassification,warrant reclassification per the 2021 SEC statement
1828672,2021-11-30,0001104659-21-145041,tm2134251d1_8k.htm,spac_share_reclassification,Class A shares reclassified to temporary equity
1829426,2021-11-30,0001193125-21-343648,d259651d8k.htm,spac_warrant_reclassification,warrant reclassification per the 2021 SEC statement
1829615,2021-11-30,0001213900-21-062442,ea151496-8k_colicityinc.htm,spac_warrant_reclassification,warrant reclassification per the 2021 SEC statement
1831236,2021-11-30,0001213900-21-062558,ea151523-8k_bridgetown2.htm,spac_share_reclassification,Class A shares reclassified to temporary equity
1837240,2021-11-30,0001193125-21-343812,d173751d8k.htm,spac_share_reclassification,Class A shares reclassified to temporary equity
1839132,2021-11-30,0001213900-21-062454,ea151428-8k_pathfinder.htm,spac_warrant_reclassification,warrant reclassification per the 2021 SEC statement
1845459,2021-11-30,0001104659-21-144962,tm2134102d1_8k.htm,spac_share_reclassification,Class A shares reclassified to temporary equity
1810491,2021-12-01,0001213900-21-062682,ea151494-8ka1_vistas.htm,spac_share_reclassification,Class A shares reclassified to temporary equity
1813756,2021-12-01,0001193125-21-345312,d211477d8k.htm,keep,"t to Section&#160;13(a) of the Exchange Act.&#160;&#160;&#9744; &#160; &#160; &#160; Item&#160;4.02 Non-Reliance on Previously Issued Financial Statements or Related Audit Report or Completed Interim Report. In connection with the preparation of the financial statements as of September&#160;30, 2021"
1825720,2021-12-01,0001104659-21-145421,tm2134279d1_8k.htm,spac_warrant_reclassification,warrant reclassification per the 2021 SEC statement
1826058,2021-12-01,0001193125-21-345432,d236687d8k.htm,spac_share_reclassification,Class A shares reclassified to temporary equity
1831928,2021-12-01,0001140361-21-040007,brhc10031399_8k.htm,spac_share_reclassification,Class A shares reclassified to temporary equity
1846253,2021-12-01,0001104659-21-145478,tm2134273d1_8k.htm,spac_share_reclassification,Class A shares reclassified to temporary equity
1812667,2021-12-02,0001104659-21-145973,tm2134449d1_8k.htm,spac_share_reclassification,Class A shares reclassified to temporary equity
1822145,2021-12-02,0001213900-21-063134,ea151637-8k_ventouxccm.htm,spac_warrant_reclassification,warrant reclassification per the 2021 SEC statement
1823855,2021-12-02,0001193125-21-346716,d206262d8k.htm,spac_share_reclassification,Class A shares reclassified to temporary equity
1824185,2021-12-02,0001104659-21-145637,tm2134057d1_8k.htm,spac_share_reclassification,Class A shares reclassified to temporary equity
1824434,2021-12-02,0001193125-21-346728,d225142d8k.htm,spac_share_reclassification,Class A shares reclassified to temporary equity
1824888,2021-12-02,0001213900-21-062903,ea151571-8k_naturalorder.htm,spac_share_reclassification,Class A shares reclassified to temporary equity
1826671,2021-12-02,0001213900-21-063091,ea151613-8k_kludein1acq.htm,spac_share_reclassification,Class A shares reclassified to temporary equity
1839972,2021-12-02,0001213900-21-063107,ea151670-8k_ftacparn.htm,spac_share_reclassification,Class A shares reclassified to temporary equity
1844336,2021-12-02,0001213900-21-063109,ea151652-8k_fintechacq6.htm,spac_share_reclassification,Class A shares reclassified to temporary equity
1846809,2021-12-02,0001104659-21-145932,tm2133482d1_8k.htm,spac_warrant_reclassification,warrant reclassification per the 2021 SEC statement
1801602,2021-12-03,0000950103-21-019277,dp163165_8k.htm,spac_warrant_reclassification,warrant reclassification per the 2021 SEC statement
1821329,2021-12-03,0001104659-21-146006,tm2134445d1_8k.htm,spac_share_reclassification,Class A shares reclassified to temporary equity
1821586,2021-12-03,0001213900-21-063323,ea151633-8k_helixacq.htm,spac_share_reclassification,Class A shares reclassified to temporary equity
1822312,2021-12-03,0001193125-21-346911,d79986d8k.htm,spac_share_reclassification,Class A shares reclassified to temporary equity
1823575,2021-12-03,0001140361-21-040316,brhc10031498_8k.htm,spac_share_reclassification,Class A shares reclassified to temporary equity
1823854,2021-12-03,0001213900-21-063318,ea151612-8k_senior.htm,spac_share_reclassification,Class A shares reclassified to temporary equity
1824993,2021-12-03,0001193125-21-347912,d225156d8k.htm,spac_share_reclassification,Class A shares reclassified to temporary equity
1828325,2021-12-03,0001564590-21-059329,moncu-8k_20211203.htm,spac_share_reclassification,Class A shares reclassified to temporary equity
1828817,2021-12-03,0001104659-21-146439,tm2128362d12_8k.htm,spac_share_reclassification,Class A shares reclassified to temporary equity
1834336,2021-12-03,0001213900-21-063334,ea151727-8k_finservacq2.htm,spac_warrant_reclassification,warrant reclassification per the 2021 SEC statement
1838337,2021-12-03,0000950142-21-003881,eh210206934_8k-apsg2.htm,spac_share_reclassification,Class A shares reclassified to temporary equity
1838697,2021-12-03,0001213900-21-063333,ea151688-8k_broadscale.htm,spac_warrant_reclassification,warrant reclassification per the 2021 SEC statement
1838883,2021-12-03,0001213900-21-063155,ea151567-8k_accelerate.htm,spac_share_reclassification,Class A shares reclassified to temporary equity
1840225,2021-12-03,0001213900-21-063412,ea151659-8k_fusionacq2.htm,spac_share_reclassification,Class A shares reclassified to temporary equity
1840877,2021-12-03,0001104659-21-146397,tm2134563d1_8k.htm,spac_share_reclassification,Class A shares reclassified to temporary equity
1842912,2021-12-03,0001213900-21-063345,ea151668-8k_ftachera.htm,spac_share_reclassification,Class A shares reclassified to temporary equity
1847112,2021-12-03,0001213900-21-063373,ea151524-8k_tortoisee3.htm,spac_share_reclassification,Class A shares reclassified to temporary equity
1748621,2021-12-06,0001213900-21-063686,ea151617-8k_albertonacq.htm,spac_share_reclassification,Class A shares reclassified to temporary equity
1815184,2021-12-06,0001193125-21-349044,d241812d8k.htm,keep,ded pursuant to Section 13(a) of the Exchange Act. &#9744; &#160; &#160; &#160; Item&#160;4.02&#160;Non-Reliance&#160;on Previously Issued Financial Statements or Related Audit Report or Completed Interim Report. RedBall Acquisition Corp. (the &#8220;Company&#8221;) has re-evaluated the Company's ap
1820191,2021-12-06,0001193125-21-349119,d271228d8k.htm,spac_share_reclassification,Class A shares reclassified to temporary equity
1821075,2021-12-06,0001213900-21-063612,ea151815-8k_proptech2.htm,spac_warrant_reclassification,warrant reclassification per the 2021 SEC statement
1823733,2021-12-06,0001193125-21-349024,d243118d8k.htm,spac_share_reclassification,Class A shares reclassified to temporary equity
1828049,2021-12-06,0001213900-21-063670,ea151749-8k_cfacqui5.htm,keep,"13(a) of the Exchange Act.&#160;&#160; &#9744; &#160; &#160; &#160; &#160; &#160; &#160; Item 4.02. Non-Reliance on Previously Issued Financial Statements or a Related Audit Report or Completed Interim Review. &#160; CF Acquisition Corp. V, a Delaware corporation (the &#8220;Company&#8221;), was for"
1834032,2021-12-06,0001213900-21-063616,ea151705-8k_consteacq1.htm,spac_share_reclassification,Class A shares reclassified to temporary equity
1835636,2021-12-06,0001193125-21-349052,d263648d8k.htm,spac_share_reclassification,Class A shares reclassified to temporary equity
1836517,2021-12-06,0001104659-21-146778,tm2134560d1_8k.htm,spac_warrant_reclassification,warrant reclassification per the 2021 SEC statement
1813658,2021-12-07,0001104659-21-147029,tm2134701d1_8k.htm,spac_warrant_reclassification,warrant reclassification per the 2021 SEC statement
1820190,2021-12-07,0001213900-21-063722,ea151728-8k_vickersvan1.htm,keep,"a) of the Exchange Act.&#160; &#9744; &#160; &#160; &#160; &#160; &#160; &#160; Item&#160;4.02&#160;Non-Reliance&#160;on Previously Issued Financial Statements or a Related Audit Report or Completed Interim Review.&#160; &#160; Following the filing of the financial statements as of September 30, 202"
1823465,2021-12-07,0001104659-21-147226,tm2134819d1_8k.htm,spac_share_reclassification,Class A shares reclassified to temporary equity
1823884,2021-12-07,0001104659-21-147295,tm2134846d1_8k.htm,spac_warrant_reclassification,warrant reclassification per the 2021 SEC statement
1826574,2021-12-07,0001213900-21-063959,ea151888-8k_sportsven.htm,spac_warrant_reclassification,warrant reclassification per the 2021 SEC statement
1828478,2021-12-07,0001193125-21-349198,d627235d8k.htm,spac_share_reclassification,Class A shares reclassified to temporary equity
1837238,2021-12-07,0001193125-21-350047,d636386d8k.htm,spac_share_reclassification,Class A shares reclassified to temporary equity
1838821,2021-12-07,0001140361-21-040670,brhc10031423_8k.htm,spac_share_reclassification,Class A shares reclassified to temporary equity
1840780,2021-12-07,0001193125-21-350378,d245852d8k.htm,spac_warrant_reclassification,warrant reclassification per the 2021 SEC statement
1841761,2021-12-07,0001193125-21-350237,d204557d8k.htm,spac_warrant_reclassification,warrant reclassification per the 2021 SEC statement
1820931,2021-12-08,0001193125-21-351392,d254920d8k.htm,spac_share_reclassification,Class A shares reclassified to temporary equity
1834755,2021-12-08,0001213900-21-064241,ea151973-8k_socialleve1.htm,spac_warrant_reclassification,warrant reclassification per the 2021 SEC statement
1837160,2021-12-08,0001213900-21-064093,ea151770-8k_covaacq.htm,spac_share_reclassification,Class A shares reclassified to temporary equity
1841125,2021-12-08,0001213900-21-064192,ea151959-8k_goldenarrow.htm,spac_share_reclassification,Class A shares reclassified to temporary equity
1799191,2021-12-09,0001104659-21-147819,tm2134944d1_8k.htm,keep,"t to Section 13(a) of the Exchange Act. &#168; &#160; &#160; &#160; &#160; &#160; &#160; Item 4.02. Non-Reliance on Previously Issued Financial Statements or a Related Audit Report or Completed Interim Review. &#160; The management of The Oncology Institute, Inc. (the &#8220;Company&#8221;), formerl"
1822912,2021-12-09,0001213900-21-064444,ea152095-8k_26capital.htm,spac_share_reclassification,Class A shares reclassified to temporary equity
1828183,2021-12-09,0001193125-21-352811,d248755d8k.htm,spac_share_reclassification,Class A shares reclassified to temporary equity
1829797,2021-12-09,0001104659-21-147877,tm2116619d42_8k.htm,spac_share_reclassification,Class A shares reclassified to temporary equity
1842384,2021-12-09,0001213900-21-064413,ea152046-8k_belongacq.htm,spac_share_reclassification,Class A shares reclassified to temporary equity
1844579,2021-12-09,0001213900-21-064414,ea151763-8k_ionacq3.htm,keep,ction 13(a) of the Exchange Act.&#160; &#9744; &#160; &#160; &#160; &#160; &#160; &#160; Item 4.02. Non-Reliance on Previously Issued Financial Statements or a Related Audit Report or Completed Interim Review. &#160; The management of ION Acquisition Corp 3 Ltd. (the &#8220;Company&#8221;) has re-ev
1760689,2021-12-10,0001213900-21-064757,ea151833-8k_microvast.htm,keep,&#160; MVSTW &#160; The Nasdaq Stock Market LLC &#160; &#160; &#160; &#160; &#160; &#160; Item 4.02 Non-Reliance on Previously Issued Financial Statements or Related Audit Report or Completed Interim Review &#160; In connection with the preparation of the financial statements for the period ended Se
1822966,2021-12-10,0001104659-21-148703,tm2135192d1_8k.htm,keep,on&#160;13(a)&#160;of the Exchange Act &#168; . &#160; &#160; &#160; &#160; &#160; &#160; Item 4.02 Non-Reliance on Previously Issued Financial Statements or Related Audit Report or Completed Interim Report. &#160; Spring Valley Acquisition Corp. (the &#8220;Company&#8221;) has re-evaluated the Comp
1823200,2021-12-10,0001193125-21-354005,d208417d8k.htm,spac_share_reclassification,Class A shares reclassified to temporary equity
1823340,2021-12-10,0001193125-21-353931,d266035d8k.htm,spac_share_reclassification,Class A shares reclassified to temporary equity
1826667,2021-12-10,0001104659-21-148284,tm2135044d1_8k.htm,spac_warrant_reclassification,warrant reclassification per the 2021 SEC statement
1835236,2021-12-10,0001213900-21-064705,ea152118-8k_themusicacq.htm,spac_warrant_reclassification,warrant reclassification per the 2021 SEC statement
1845618,2021-12-10,0001213900-21-064695,ea152124-8k_bilanderacq.htm,spac_warrant_reclassification,warrant reclassification per the 2021 SEC statement
1854270,2021-12-10,0001193125-21-353973,d217761d8k.htm,spac_share_reclassification,Class A shares reclassified to temporary equity
1769624,2021-12-13,0001213900-21-064766,ea152002-8k_agbaacq.htm,spac_warrant_reclassification,warrant reclassification per the 2021 SEC statement
1794621,2021-12-13,0001193125-21-355140,d257628d8k.htm,spac_warrant_reclassification,warrant reclassification per the 2021 SEC statement
1818221,2021-12-13,0001193125-21-355423,d256939d8k.htm,spac_warrant_reclassification,warrant reclassification per the 2021 SEC statement
1820931,2021-12-13,0001193125-21-355370,d254920d8ka.htm,spac_share_reclassification,Class A shares reclassified to temporary equity
1824846,2021-12-13,0001140361-21-041383,brhc10031756_8k.htm,spac_warrant_reclassification,warrant reclassification per the 2021 SEC statement
1835713,2021-12-13,0001140361-21-041404,brhc10031468_8k.htm,spac_share_reclassification,Class A shares reclassified to temporary equity
1840792,2021-12-13,0001193125-21-354154,d272072d8k.htm,spac_share_reclassification,Class A shares reclassified to temporary equity
1841004,2021-12-13,0001193125-21-354198,d240632d8k.htm,keep,"ed pursuant to Section&#160;13(a) of the Exchange Act. &#9744; &#160; &#160; &#160; Item&#160;4.02. Non-Reliance on Previously Issued Financial Statements or a Related Audit Report or Completed Interim Review. (a) Altimar Acquisition Corp. III, a Cayman Islands exempted company (the &#8220; Company "
1841425,2021-12-13,0001213900-21-064825,ea152214-8k_cenaqenergy.htm,keep,"t to Section 13(a) of the Exchange Act. &#9746; &#160; &#160; &#160; &#160; &#160; &#160; Item 4.02 Non-Reliance on Previously Issued Financial Statements or Related Audit Report or Completed Interim &#160; In connection with the preparation of its financial statements as of September 30, 2021, CENA"
1820175,2021-12-14,0001213900-21-065226,ea152308-8k_ocaacquis.htm,spac_warrant_reclassification,warrant reclassification per the 2021 SEC statement
1820727,2021-12-14,0001193125-21-356928,d241377d8k.htm,spac_share_reclassification,Class A shares reclassified to temporary equity
1822219,2021-12-14,0001213900-21-065237,ea152263-8k_firstmark.htm,spac_warrant_reclassification,warrant reclassification per the 2021 SEC statement
1822928,2021-12-14,0001193125-21-356902,d263641d8k.htm,keep,"provided pursuant to Section 13(a) of the Exchange Act. &#9744; &#160; &#160; &#160; Item&#160;4.02 Non-Reliance on Previously Issued Financial Statements or a Related Audit Report or Completed Interim Review. The management of Holley Inc. (the &#8220;Company&#8221;), formerly known as Empower Ltd. "
1825473,2021-12-14,0001213900-21-065172,ea151910-8k_prospector.htm,spac_share_reclassification,Class A shares reclassified to temporary equity
1830180,2021-12-14,0001193125-21-356225,d247600d8k.htm,keep,"provided pursuant to Section 13(a) of the Exchange Act. &#9744; &#160; &#160; &#160; Item&#160;4.02 Non-Reliance on Previously Issued Financial Statements or a Related Audit Report or Completed Interim Review. In connection with the preparation of the financial statements of Enjoy Technology, Inc., "
1864448,2021-12-14,0001104659-21-149408,tm2135221d2_8k.htm,keep,"nt to Section 13(a) of the Exchange Act. &#168; &#160; &#160; &#160; &#160; &#160; &#160; Item 4.02 Non-Reliance on Previously Issued Financial Statements or a Related Audit Report or Completed Interim Review. &#160; On December 13, 2021, the Audit Committee of the Board of Directors of Wejo Group L"
1823776,2021-12-15,0001193125-21-357963,d33342d8k.htm,spac_share_reclassification,Class A shares reclassified to temporary equity
1830232,2021-12-15,0001193125-21-357892,d225140d8k.htm,spac_share_reclassification,Class A shares reclassified to temporary equity
720154,2021-12-16,0001558370-21-016882,notv-20211215x8k.htm,keep,"rnished as Exhibit 99.1 to this Form 8-K and is incorporated herein by reference. &#8203; Item 4.02 Non-reliance on Previously Issued Financial Statements or a Related Audit Report or Completed Interim Review &#8203; On December 15, 2021, the Company&#39;s management and the Audit Committee of the B"
1825739,2021-12-16,0001104659-21-150324,tm2135282d1_8k.htm,spac_share_reclassification,Class A shares reclassified to temporary equity
1830081,2021-12-16,0001213900-21-065748,ea152525-8k_cfacquisit6.htm,keep,"13(a) of the Exchange Act.&#160;&#160; &#9744; &#160; &#160; &#160; &#160; &#160; &#160; Item 4.02. Non-Reliance on Previously Issued Financial Statements or a Related Audit Report or Completed Interim Review. &#160; CF Acquisition Corp. VI, a Delaware corporation (the &#8220;Company&#8221;), was fo"
1831359,2021-12-16,0001104659-21-150586,tm2135436d1_8k.htm,spac_share_reclassification,Class A shares reclassified to temporary equity
1832737,2021-12-16,0001193125-21-359243,d204216d8k.htm,spac_warrant_reclassification,warrant reclassification per the 2021 SEC statement
1836337,2021-12-16,0001564590-21-060476,lgacu-8k_20211213.htm,spac_warrant_reclassification,warrant reclassification per the 2021 SEC statement
1840161,2021-12-16,0001213900-21-065726,ea152532-8k_forestroad2.htm,spac_warrant_reclassification,warrant reclassification per the 2021 SEC statement
1818212,2021-12-17,0001213900-21-066071,ea152550-8k_cohnrobb.htm,keep,"n 13(a) of the Exchange Act.&#160; &#9744; &#160; &#160; &#160; &#160; &#160; &#160; Item&#160;4.02 Non-Reliance on Previously Issued Financial Statements or Related Audit Report or Completed Interim Report. &#160; In connection with the preparation of the financial statements as of September 30, 20"
1826333,2021-12-17,0001104659-21-151107,tm2135384d1_8k.htm,spac_warrant_reclassification,warrant reclassification per the 2021 SEC statement
1839530,2021-12-17,0001213900-21-066021,ea152584-8k_cfacquisi8.htm,keep,"13(a) of the Exchange Act.&#160;&#160; &#9744; &#160; &#160; &#160; &#160; &#160; &#160; Item 4.02. Non-Reliance on Previously Issued Financial Statements or a Related Audit Report or Completed Interim Review. &#160; CF Acquisition Corp. VIII, a Delaware corporation (the &#8220;Company&#8221;), was "
1841610,2021-12-17,0001140361-21-042280,brhc10032011_8k.htm,spac_share_reclassification,Class A shares reclassified to temporary equity
1552189,2021-12-20,0001493152-21-031991,form8-k.htm,keep,"t to Section 13(a) of the Exchange Act. &#9744; &#160; &#160; &#160; &#160; &#160; &#160; Item 4.02 Non-Reliance on Previously Issued Financial Statements or a Related Audit Report or Completed Interim Review. &#160; On December 17, 2021, the Board of Directors (the &#8220;Board&#8221;) of Panacea L"
1807765,2021-12-20,0001213900-21-066357,ea152706-8k_pmvconsu.htm,spac_share_reclassification,Class A shares reclassified to temporary equity
1819113,2021-12-20,0001104659-21-151781,tm2135532d1_8k.htm,spac_share_reclassification,Class A shares reclassified to temporary equity
1834628,2021-12-20,0001213900-21-066319,ea152353-8k_leadedge.htm,spac_warrant_reclassification,warrant reclassification per the 2021 SEC statement
1840148,2021-12-20,0001213900-21-066330,ea152629-8k_mission.htm,spac_share_reclassification,Class A shares reclassified to temporary equity
1847416,2021-12-20,0001213900-21-066362,ea152569-8k425_orion.htm,spac_share_reclassification,Class A shares reclassified to temporary equity
1785041,2021-12-21,0001140361-21-042608,brhc10032144_8-k.htm,spac_warrant_reclassification,warrant reclassification per the 2021 SEC statement
1815086,2021-12-21,0001213900-21-066696,ea151522-8k_bridgetown.htm,spac_warrant_reclassification,warrant reclassification per the 2021 SEC statement
1823584,2021-12-21,0001104659-21-152260,tm2135394d1_8k.htm,keep,"uant to Section 13(a) of the Exchange Act. &#168; &#160; &#160; &#160; &#160; &#160; Item&#160;4.02 Non-Reliance on Previously Issued Financial Statements or a Related Audit Report or Completed Interim Review. &#160; On December 16, 2021, the Audit Committee of the Board of Directors (the &#8220;Aud"
1825249,2021-12-21,0001213900-21-066724,ea152840-8k_cfacq4.htm,keep,"13(a) of the Exchange Act.&#160;&#160; &#9744; &#160; &#160; &#160; &#160; &#160; &#160; Item 4.02. Non-Reliance on Previously Issued Financial Statements or a Related Audit Report or Completed Interim Review. &#160; CF Acquisition Corp. IV, a Delaware corporation (the &#8220;Company&#8221;), was fo"
1835814,2021-12-21,0001193125-21-363690,d216311d8k.htm,keep,"provided pursuant to Section 13(a) of the Exchange Act. &#9744; &#160; &#160; &#160; Item&#160;4.02 Non-Reliance on Previously Issued Financial Statements or a Related Audit Report or Completed Interim Review. In connection with the preparation of the financial statements as of September&#160;30, 20"
1835817,2021-12-21,0001193125-21-363685,d266377d8k.htm,keep,"provided pursuant to Section 13(a) of the Exchange Act. &#9744; &#160; &#160; &#160; Item&#160;4.02 Non-Reliance on Previously Issued Financial Statements or a Related Audit Report or Completed Interim Review. In connection with the preparation of the financial statements as of September&#160;30, 20"
1846996,2021-12-21,0001213900-21-066726,ea152568-8k_msdacq.htm,spac_share_reclassification,Class A shares reclassified to temporary equity
1822792,2021-12-22,0001213900-21-067025,ea152898-8k_goldenbrid.htm,spac_warrant_reclassification,warrant reclassification per the 2021 SEC statement
1825724,2021-12-22,0001193125-21-364981,d267895d8k.htm,spac_warrant_reclassification,warrant reclassification per the 2021 SEC statement
1828438,2021-12-22,0001213900-21-067083,ea152941-8k_zworkacq.htm,spac_share_reclassification,Class A shares reclassified to temporary equity
1832765,2021-12-22,0001104659-21-152307,tm2135986d1_8k.htm,keep,ction 13(a) of the Exchange Act. &#168; &#160; &#160; &#160; &#160; &#160; &#160;&#160; Item 4.02 - Non-Reliance on Previously Issued Financial Statements or Related Audit Report or Completed Interim Report. &#160; Following the filing of Edify Acquisition Corp.'s (the &#8220;Company&#8221;) financi
1844389,2021-12-22,0001213900-21-066828,ea152879-8k_aceglobal.htm,spac_warrant_reclassification,warrant reclassification per the 2021 SEC statement
1819510,2021-12-23,0001140361-21-042929,brhc10032234_8k.htm,spac_share_reclassification,Class A shares reclassified to temporary equity
1819989,2021-12-23,0001193125-21-366363,d280982d8k.htm,spac_warrant_reclassification,warrant reclassification per the 2021 SEC statement
1820144,2021-12-23,0001140361-21-042954,brhc10032217_8k.htm,spac_share_reclassification,Class A shares reclassified to temporary equity
1820875,2021-12-23,0001104659-21-153170,tm2136185d1_8k.htm,spac_warrant_reclassification,warrant reclassification per the 2021 SEC statement
1823481,2021-12-23,0001193125-21-365544,d278731d8k.htm,spac_share_reclassification,Class A shares reclassified to temporary equity
1830029,2021-12-23,0001193125-21-366298,d272531d8k.htm,spac_share_reclassification,Class A shares reclassified to temporary equity
1836547,2021-12-23,0001193125-21-365905,d244963d8k.htm,spac_share_reclassification,Class A shares reclassified to temporary equity
1838162,2021-12-23,0001193125-21-366282,d258419d8k.htm,spac_share_reclassification,Class A shares reclassified to temporary equity
1841948,2021-12-23,0001193125-21-366354,d280431d8k.htm,spac_share_reclassification,Class A shares reclassified to temporary equity
1764046,2021-12-27,0001764046-21-000192,clvt-20211222.htm,keep,"cial accounting standards provided pursuant to Section 13(a) of the Exchange Act. &#9744; Item 4.02 Non-Reliance on Previously Issued Financial Statements or a Related Audit Report or Completed Interim Review. On December 22, 2021, Clarivate Plc (the &#8220;Company&#8221;) concluded that the financi"
1816261,2021-12-27,0001193125-21-366645,d242356d8k.htm,spac_share_reclassification,Class A shares reclassified to temporary equity
1818787,2021-12-27,0000950103-21-020221,dp164166_8k.htm,spac_share_reclassification,Class A shares reclassified to temporary equity
1824211,2021-12-27,0001213900-21-067378,ea153025-8k_astreaacq.htm,keep,a) of the Exchange Act.&#160; &#9744; &#160; &#160; &#160; &#160; &#160; &#160; Item&#160;4.02&#160;Non-Reliance&#160;on Previously Issued Financial Statements or a Related Audit Report or Completed Interim Review.&#160; &#160; In connection with the preparation of the financial statements as of Sep
1814728,2021-12-28,0001193125-21-367943,d253687d8k.htm,spac_warrant_reclassification,warrant reclassification per the 2021 SEC statement
1823766,2021-12-28,0001213900-21-067744,ea153004-8k_archaeaenergy.htm,spac_warrant_reclassification,warrant reclassification per the 2021 SEC statement
1824013,2021-12-28,0001104659-21-153691,tm2136400d1_8k.htm,spac_warrant_reclassification,warrant reclassification per the 2021 SEC statement
1827248,2021-12-28,0001193125-21-367939,d281799d8k.htm,spac_warrant_reclassification,warrant reclassification per the 2021 SEC statement
1827392,2021-12-28,0001213900-21-067756,ea153115-8k_authenticeq.htm,spac_warrant_reclassification,warrant reclassification per the 2021 SEC statement
1829558,2021-12-28,0001193125-21-367929,d280607d8k.htm,spac_share_reclassification,Class A shares reclassified to temporary equity
1840856,2021-12-28,0001213900-21-067732,ea153112-8k_archimedes.htm,spac_warrant_reclassification,warrant reclassification per the 2021 SEC statement
1847075,2021-12-28,0001104659-21-153854,tm2136379d1_8k.htm,spac_share_reclassification,Class A shares reclassified to temporary equity
1848410,2021-12-28,0001104659-21-153914,tm2136397d1_8k.htm,spac_warrant_reclassification,warrant reclassification per the 2021 SEC statement
1829432,2021-12-29,0001628280-21-025656,aac-20211227.htm,spac_share_reclassification,Class A shares reclassified to temporary equity
1841389,2021-12-29,0001193125-21-369360,d279685d8k.htm,spac_warrant_reclassification,warrant reclassification per the 2021 SEC statement
1833764,2021-12-30,0001193125-21-370637,d284096d8k.htm,spac_share_reclassification,Class A shares reclassified to temporary equity
1842659,2021-12-30,0001140361-21-043409,brhc10032100_8k.htm,spac_warrant_reclassification,warrant reclassification per the 2021 SEC statement
1821682,2022-01-04,0001193125-22-001768,d264746d8k.htm,spac_share_reclassification,Class A shares reclassified to temporary equity
1841610,2022-01-04,0001140361-22-000227,brhc10032480_8ka.htm,spac_share_reclassification,Class A shares reclassified to temporary equity
1842386,2022-01-04,0001213900-22-000488,ea152877-8k_vectoracq2.htm,keep,"to Section 13(a) of the Exchange Act. &#9744; &#160; &#160; &#160; &#160; &#160; &#160; Item 4.02. Non-Reliance on Previously Issued Financial Statements or a Related Audit Report or Completed Interim Review. &#160; Vector Acquisition Corporation II, a Cayman Islands exempted company (the &#8220; Co"
1790121,2022-01-10,0001213900-22-001382,ea153771-8k_ackrell.htm,spac_warrant_reclassification,warrant reclassification per the 2021 SEC statement
1823634,2022-01-10,0001193125-22-005728,d241409d8k.htm,spac_warrant_reclassification,warrant reclassification per the 2021 SEC statement
1825254,2022-01-10,0001104659-22-002757,tm222488d1_8k.htm,keep,"nt to Section 13(a) of the Exchange Act.&#160; &#168; &#160; &#160; &#160; &#160; &#160; Item 4.02. Non-Reliance on Previously Issued Financial Statements or a Related Audit Report or Completed Interim Review. &#160;&#160; On January 8, 2022, the audit committee of the board of directors of Americas"
1838207,2022-01-10,0001193125-22-005802,d170207d8k.htm,spac_share_reclassification,Class A shares reclassified to temporary equity
1839191,2022-01-10,0001193125-22-005818,d170211d8k.htm,spac_share_reclassification,Class A shares reclassified to temporary equity
1840856,2022-01-10,0001213900-22-001164,ea153698-8k_archimedes.htm,spac_warrant_reclassification,warrant reclassification per the 2021 SEC statement
1605331,2022-01-12,0001663577-22-000022,abqq8k.htm,keep,"&#160; &#160; SECTION 4 - MATTERS RELATED TO ACCOUNTANTS AND FINANCIAL STATEMENTS &#160; Item 4.02 Non-Reliance on Previously Issued Financial Statements or a Related Audit Report or Completed Interim Review. &#160; On January 6, 2022, the board of directors of AB International Group Corp. (the &#82"
1664127,2022-01-12,0001493152-22-001070,form8-k.htm,keep,"to Section 13(a) of the Exchange Act. &#9744; &#160; &#160; &#160; &#160; &#160; &#160; Item 4.02. Non-Reliance on Previously Issued Financial Statements or a Related Audit Report or Completed Interim Review. &#160; On January 10, 2022, the Company's Chief Executive Officer and Principal Accounting "
1824884,2022-01-12,0001213900-22-001739,ea153880-8k_edocacq.htm,spac_warrant_reclassification,warrant reclassification per the 2021 SEC statement
1817640,2022-01-14,0001564590-22-001388,brez-8k_20210930.htm,spac_share_reclassification,Class A shares reclassified to temporary equity
1836074,2022-01-14,0001193125-22-009872,d287265d8k.htm,spac_share_reclassification,Class A shares reclassified to temporary equity
1836075,2022-01-14,0001193125-22-009875,d289342d8k.htm,spac_share_reclassification,Class A shares reclassified to temporary equity
1838544,2022-01-14,0001104659-22-004107,tm222897d1_8k.htm,spac_share_reclassification,Class A shares reclassified to temporary equity
1842609,2022-01-14,0001213900-22-002183,ea153972-8k425_jawsjug.htm,spac_warrant_reclassification,warrant reclassification per the 2021 SEC statement
1843988,2022-01-14,0001193125-22-009927,d296506d8k.htm,spac_share_reclassification,Class A shares reclassified to temporary equity
1800392,2022-01-18,0001829126-22-000980,venusacq_8k.htm,spac_warrant_reclassification,warrant reclassification per the 2021 SEC statement
1832010,2022-01-19,0001104659-22-005486,tm222790d1_8k.htm,spac_share_reclassification,Class A shares reclassified to temporary equity
1823000,2022-01-20,0001104659-22-006026,tm223953d1_8k.htm,spac_warrant_reclassification,warrant reclassification per the 2021 SEC statement
1823707,2022-01-20,0001213900-22-002824,ea154154-8k_globalsyn.htm,spac_warrant_reclassification,warrant reclassification per the 2021 SEC statement
1841209,2022-01-20,0001829126-22-001209,goldenpathacq_8k.htm,spac_warrant_reclassification,warrant reclassification per the 2021 SEC statement
1818880,2022-01-21,0001213900-22-002971,ea154307-8k_glenfarne.htm,spac_share_reclassification,Class A shares reclassified to temporary equity
1826011,2022-01-21,0001213900-22-002984,ea154296-8k_7gcandcohold.htm,spac_warrant_reclassification,warrant reclassification per the 2021 SEC statement
1205181,2022-01-24,0001493152-22-002016,form8-k.htm,not_this_filer,
1819175,2022-01-25,0001193125-22-017046,d272770d8k.htm,spac_warrant_reclassification,warrant reclassification per the 2021 SEC statement
1826991,2022-01-25,0001193125-22-017090,d209001d8k.htm,spac_share_reclassification,Class A shares reclassified to temporary equity
93556,2022-01-26,0001193125-22-018393,d303104d8k.htm,keep,information included in Item 4.02 below is incorporated herein by reference. &#160; Item&#160;4.02 Non-Reliance on Previously Issued Financial Statements or a Related Audit Report or Completed Interim Review. (a) In connection with comments received from the Securities and Exchange Commission (the &
1825497,2022-01-26,0001193125-22-018309,d296013d8k.htm,spac_warrant_reclassification,warrant reclassification per the 2021 SEC statement
1828326,2022-01-26,0001193125-22-018368,d490224d8k.htm,spac_warrant_reclassification,warrant reclassification per the 2021 SEC statement
1846804,2022-01-27,0001193125-22-019759,d288827d8k.htm,spac_warrant_reclassification,warrant reclassification per the 2021 SEC statement
1814215,2022-01-28,0001104659-22-008617,tm224543d1_8k.htm,spac_share_reclassification,Class A shares reclassified to temporary equity
1835881,2022-01-28,0001104659-22-008619,tm224545d1_8k.htm,spac_share_reclassification,Class A shares reclassified to temporary equity
1848898,2022-01-28,0001193125-22-021598,d294076d8k.htm,spac_share_reclassification,Class A shares reclassified to temporary equity
1865537,2022-01-28,0001193125-22-021724,d303126d8k.htm,spac_share_reclassification,Class A shares reclassified to temporary equity
1044378,2022-01-31,0001564590-22-003120,bioc-8k_20220125.htm,keep,"ded pursuant to Section 13(a) of the Exchange Act.&#160;&#160; &#9744; &#160; &#160; Item&#160;4.02 Non-Reliance on Previously Issued Financial Statements or a Related Audit Report or Completed Interim Review. (a) On January 25, 2022, after consultation with its independent registered public account"
1821812,2022-01-31,0001213900-22-004297,ea154601-8k_stratim.htm,spac_warrant_reclassification,warrant reclassification per the 2021 SEC statement
1824677,2022-01-31,0001104659-22-009285,tm224606d1_8k.htm,spac_share_reclassification,Class A shares reclassified to temporary equity
1740742,2022-02-01,0001829126-22-002268,transparentbusiness_8k.htm,keep,"04(a)(1)(iv) or a reportable event as described in Item 304(a)(1)(v) of Regulation S-K. 1 Item 4.02 Non-Reliance on Previously Issued Financial Statements or a Related Audit Report or Completed Interim Review. On April 30, 2021, the Company filed with the SEC its General Form for Registration of Sec"
1784168,2022-02-01,0001213900-22-004833,ea154782-8k_electriclast.htm,keep,"ommittee composition requirements set forth in Nasdaq Listing Rule 5605(c)(2)(A). &#160; Item 4.02. Non-Reliance on Previously Issued Financial Statements or a Related Audit Report or Completed Interim Review. &#160; On January 26, 2022, on the basis of the Special Committee investigation discussed "
1822877,2022-02-02,0001104659-22-010941,tm224885d1_8k.htm,spac_warrant_reclassification,warrant reclassification per the 2021 SEC statement
1827871,2022-02-02,0001193125-22-025944,d270882d8k.htm,spac_warrant_reclassification,warrant reclassification per the 2021 SEC statement
1304492,2022-02-03,0001304492-22-000005,atex-20220201x8k.htm,keep,"standards provided pursuant to Section 13(a) of the Exchange Act. &#160; &#168; &#160; Item 4.02(a) Non-Reliance on Previously Issued Financial Statements or a Related Audit Report or Completed Interim Review. &#8204; &#8204; On February 1, 2022, the Audit Committee of the Board of Directors (the &#"
1790121,2022-02-03,0001213900-22-005280,ea154933-8k_ackrellspac1.htm,spac_warrant_reclassification,warrant reclassification per the 2021 SEC statement
1556179,2022-02-04,0001558370-22-000822,rmri-20220204x8k.htm,keep,"Section&#160;13(a)&#160;of the Exchange Act.&#160; &#9744; &#8203; &#8203; &#8203; Item 4.02.&#160;Non-Reliance on Previously Issued Financial Statements or a Related Audit Report or Completed Interim Review. In the process of preparing its unaudited Form 10-Q for the quarter ended December 31, 2021"
1832136,2022-02-04,0000950142-22-000508,eh220221200_8k.htm,spac_share_reclassification,Class A shares reclassified to temporary equity
1828989,2022-02-07,0001213900-22-005702,ea155048-8k_panacea2.htm,spac_share_reclassification,Class A shares reclassified to temporary equity
1842373,2022-02-07,0001140361-22-003947,brhc10033516_8k.htm,spac_share_reclassification,Class A shares reclassified to temporary equity
1823033,2022-02-09,0001193125-22-032810,d255883d8k.htm,spac_warrant_reclassification,warrant reclassification per the 2021 SEC statement
1823034,2022-02-09,0001193125-22-032816,d280549d8k.htm,spac_warrant_reclassification,warrant reclassification per the 2021 SEC statement
1847090,2022-02-09,0001104659-22-017084,tm225878d1_8k.htm,spac_warrant_reclassification,warrant reclassification per the 2021 SEC statement
1814114,2022-02-10,0001213900-22-006431,ea155233-8k_healthsci2.htm,spac_share_reclassification,Class A shares reclassified to temporary equity
1841137,2022-02-10,0001213900-22-006472,ea155068-8ka1_conyers3.htm,keep,"&ldquo; SEC &rdquo;) on August 18, 2021 (the &ldquo; Original Form 8-K &rdquo;). Item 4.02 &ndash; Non-Reliance on Previously Issued Financial Statements or a Related Audit Report or Completed Interim Review The Company has re-evaluated the Company's application of ASC 480, paragraph 10-S99, to its "
1843205,2022-02-11,0001213900-22-006747,ea155296-8k_jawshurri.htm,spac_warrant_reclassification,warrant reclassification per the 2021 SEC statement
1844817,2022-02-11,0000950159-22-000060,aaciu8k.htm,spac_warrant_reclassification,warrant reclassification per the 2021 SEC statement
1735707,2022-02-14,0001735707-22-000026,gtx-20220208.htm,keep,"rds provided pursuant to Section&#160;13(a) of the Exchange Act.&#160;&#160; &#9744; Item&#160;4.02 Non-Reliance on Previously Issued Financial Statements or a Related Audit Report or Completed Interim Review On February 8, 2022, the Company concluded that an error was made in the computation of bas"
1817153,2022-02-14,0001213900-22-007544,ea155619-8k_edtechxhold2.htm,keep,ds provided pursuant to Section 13(a) of the Exchange Act.&#160; &#9744; &#160; Item&#160;4.02&#160;Non-Reliance&#160;on Previously Issued Financial Statements or a Related Audit Report or Completed Interim Review.&#160; &#160; Management of EdtechX Holdings Acquisition Corp. II (the &#8220;Company&
1824153,2022-02-14,0001193125-22-041904,d289741d8k.htm,spac_share_reclassification,Class A shares reclassified to temporary equity
1841800,2022-02-14,0001193125-22-041941,d319254d8k.htm,spac_share_reclassification,Class A shares reclassified to temporary equity
1841845,2022-02-14,0001193125-22-041747,d305682d8k.htm,keep,"rovided pursuant to Section 13(a) of the Exchange Act. &#9744; &#160; &#160; &#160; Item&#160;4.02. Non-Reliance on Previously Issued Financial Statements or a Related Audit Report or Completed Interim Review. Peridot Acquisition Corp. II, a Cayman Islands exempted company (the &#8220;Company&#8221;"
1844908,2022-02-14,0001213900-22-007477,ea155507-8k_shelteracq1.htm,spac_share_reclassification,Class A shares reclassified to temporary equity
899629,2022-02-15,0000950170-22-001290,akr-20220214.htm,keep,"g standards provided pursuant to Section 13(a) of the Exchange Act. &#9744; &#160; &#160; Item 4.02 Non-Reliance on Previously Issued Financial Statements or a Related Audit Report or Completed Interim Review. (a) On February 14, 2022, the management and the audit committee of the board of trustees "
1806156,2022-02-16,0001193125-22-044349,d295000d8k.htm,spac_warrant_reclassification,warrant reclassification per the 2021 SEC statement
1818346,2022-02-16,0001104659-22-024334,tm225486d1_8k.htm,spac_warrant_reclassification,warrant reclassification per the 2021 SEC statement
1820160,2022-02-16,0001564590-22-005380,shacu-8k_20220211.htm,spac_warrant_reclassification,warrant reclassification per the 2021 SEC statement
1860514,2022-02-16,0001829126-22-003831,tkbcriticaltech1_8k.htm,spac_share_reclassification,Class A shares reclassified to temporary equity
811222,2022-02-17,0001683168-22-001093,cardiff_8k.htm,keep,ction 13(a) of the Exchange Act. &#9744; &#160; &#160; &#160; &#160; &#160; &#160; &#160; Item 4.02 Non-Reliance on Previously Issued Financial Statements or a Related Audit Report or Completed Interim Review. &#160; Reference is made to the Forms 12b-25 (or amendments thereto) filed by Cardiff Lexi
1823086,2022-02-17,0001104659-22-024725,tm225363-1_8k.htm,spac_share_reclassification,Class A shares reclassified to temporary equity
1832371,2022-02-18,0001213900-22-008431,ea155923-8k_velocityacq.htm,spac_warrant_reclassification,warrant reclassification per the 2021 SEC statement
1770236,2022-02-22,0001104659-22-025739,tm225225d3_8k.htm,keep,"hange Act.&#160;&#160;&#160;&#160;&#160; &#168; &#160; &#160; &#160; &#160; &#160; &#160; Item 4.02 Non-Reliance on Previously Issued Financial Statements or a Related Audit Report or Completed Interim Review. &#160; On February 15, 2022, the Chief Financial Officer of Moving iMage Technologies, Inc"
1819724,2022-02-22,0001104659-22-025300,tm227221d1_8k.htm,spac_share_reclassification,Class A shares reclassified to temporary equity
1841585,2022-02-22,0001193125-22-048592,d314350d8k.htm,spac_warrant_reclassification,warrant reclassification per the 2021 SEC statement
1854795,2022-02-22,0001193125-22-046766,d304498d8ka.htm,keep,"to Section 13(a) of the Exchange Act. &#9744; &#160; &#160; &#160; Item&#160;4.02. Non- Reliance on Previously Issued Financial Statements or a Related Audit Report or Completed Interim Review. Integrated Rail and Resources Acquisition Corp. (the &#8220; Company ,&#8221; &#8220; we &#8221;, &#8220; "
1821788,2022-02-23,0001104659-22-026071,tm227020d1_8k.htm,spac_warrant_reclassification,warrant reclassification per the 2021 SEC statement
1824013,2022-02-23,0001104659-22-026070,tm227204d1_8k.htm,keep,"rovided pursuant to Section 13(a) of the Exchange Act. &#168; &#160; &#160; &#160; &#160; Item 4.02 Non-Reliance on Previously Issued Financial Statements or a Related Audit Report or Completed Interim Review. &#160; On February&#160;16, 2022, the audit committee of the board of directors (the &#822"
1839824,2022-02-23,0001213900-22-008853,ea156059-8k_fastacq2.htm,spac_warrant_reclassification,warrant reclassification per the 2021 SEC statement
1847874,2022-02-23,0001104659-22-025974,tm225892d3_8k.htm,spac_share_reclassification,Class A shares reclassified to temporary equity
1845437,2022-02-24,0001213900-22-009248,ea156049-8k_riceacq2.htm,spac_warrant_reclassification,warrant reclassification per the 2021 SEC statement
1822366,2022-02-25,0001193125-22-054378,d302006d8k.htm,spac_share_reclassification,Class A shares reclassified to temporary equity
1832950,2022-02-25,0001140361-22-006809,brhc10034444_8k.htm,spac_share_reclassification,Class A shares reclassified to temporary equity
1837607,2022-02-25,0001104659-22-027292,tm226319d1_8k.htm,spac_warrant_reclassification,warrant reclassification per the 2021 SEC statement
1713863,2022-02-28,0001213900-22-009825,ea156256-8k_rafaelhold.htm,keep,"hare &#160; RFL &#160; New York Stock Exchange &#160; &#160; &#160; &#160; &#160; &#160; Item 4.02. Non-Reliance on Previously Issued Financial Statements or a Related Audit Report or Completed Interim Review. &#160; (a) On February 28, 2022, the management and Audit Committee of the Board of Direct"
1770236,2022-02-28,0001104659-22-028148,tm227904d1_8ka.htm,keep,"orrected accounting treatment for the transaction as disclosed in Item 4.02 below. &#160; Item 4.02 Non-Reliance on Previously Issued Financial Statements or a Related Audit Report or Completed Interim Review. &#160; On February 17, 2022, CohnReznick informed the Company of a material misstatement i"
1819584,2022-02-28,0001628280-22-004039,vlta-20220225.htm,keep,"ards provided pursuant to Section 13(a) of the Exchange Act. &#9744; &#160; &#160; &#160; Item 4.02 Non-Reliance on Previously Issued Financial Statements or a Related Audit &#160;&#160;&#160;&#160; Report or Completed Interim Review. (a) On February 24, 2022, the Audit Committee of the Board of Dir"
899629,2022-03-01,0000950170-22-002572,akr-20220214.htm,keep,"attached to this amendment to the Original 8-K (the &#x201c;Amended 8-K&#x201d;). &#160; Item 4.02 Non-Reliance on Previously Issued Financial Statements or a Related Audit Report or Completed Interim Review. (a) On February 14, 2022, the management and the audit committee of the board of trustees ("
1341766,2022-03-01,0001829126-22-004840,celsiusholdings_8k.htm,keep,"221; and &#8220; our &#8221; refer to Celsius Holdings, Inc. and its subsidiaries. &#160; Item 4.02 Non-Reliance on Previously Issued Financial Statements or a Related Audit Report or Completed Interim Review. &#160; Corrections to Previously Issued Financial Statements &#160; In connection with the"
1823524,2022-03-01,0001193125-22-059874,d325644d8k.htm,spac_share_reclassification,Class A shares reclassified to temporary equity
1836259,2022-03-01,0001140361-22-007335,brhc10034405_8k.htm,spac_share_reclassification,Class A shares reclassified to temporary equity
811830,2022-03-03,0000811830-22-000008,sov-20220303.htm,keep,"ncial accounting standards provided pursuant to Section 13(a) of the Exchange Act &#9744; Item 4.02 Non-Reliance on Previously Issued Financial Statements or a Related Audit Report or Completed Interim Review Santander Consumer USA Holdings Inc. (&#8220;SC&#8221;), a wholly owned subsidiary of Santa"
1819584,2022-03-03,0001628280-22-004747,vlta-20220225.htm,keep,"lected below. The remainder of the Original Form 8-K is unchanged. Item 4.02&#160;&#160;&#160;&#160;Non-Reliance on Previously Issued Financial Statements or a Related Audit Report or Completed Interim Review. (a) On February 24, 2022, the Audit Committee of the Board of Directors (the &#8220;Audit "
1095130,2022-03-04,0001654954-22-002534,iotc_8k.htm,keep,"ovided pursuant to Section 13(a) of the Exchange Act. &#9744; &#160; &#160; &#160; &#160; Item 4.02 Non-Reliance on Previously Issued Financial Statements or a Related Audit Report or Completed Interim Review. &#160; Management of Iota Communications, Inc., a Delaware corporation (the &#8220; Compan"
1829427,2022-03-04,0001104659-22-030148,tm227536d1_8k.htm,spac_warrant_reclassification,warrant reclassification per the 2021 SEC statement
1862463,2022-03-04,0001193125-22-066254,d323657d8k.htm,spac_warrant_reclassification,warrant reclassification per the 2021 SEC statement
1813914,2022-03-08,0000950170-22-003058,cmax-20220307.htm,keep,"n any such filing, regardless of any general incorporation language in the filing. &#160; Item 4.02 Non-Reliance on Previously Issued Financial Statements or a Related Audit Report or Completed Interim Review &#160; In connection with the preparation of the Company&#x2019;s Annual Report on Form 10-"
1102432,2022-03-09,0001477932-22-001272,vkin_8k.htm,keep,"vided pursuant to Section 13(a) of the Exchange Act. &#9744; &#160; &#160; &#160; &#160; Item 4.02. Non-Reliance on Previously Issued Financial Statements or a Related Audit Report or Completed Interim Review. &#160; On August 31, 2020, Viking Energy Group, Inc. (&#8220; Viking &#8221; or the &#8220"
1816176,2022-03-09,0001213900-22-011307,ea156610-8k_goacq.htm,spac_warrant_reclassification,warrant reclassification per the 2021 SEC statement
1843656,2022-03-09,0001654954-22-002806,amao_8k.htm,spac_share_reclassification,Class A shares reclassified to temporary equity
1807846,2022-03-10,0001213900-22-011422,ea156626-8k_moneylioninc.htm,keep,to Section 13(a) of the Exchange Act. &#9744; &#160; &#160; &#160; &#160; &#160; &#160; Item 4.02. Non-Reliance on Previously Issued Financial Statements or a Related Audit Report or Completed Interim Review. &#160; (a) In connection with the audit of the annual consolidated financial statements as 
1817640,2022-03-10,0001213900-22-011596,ea156692-8k_breezehold.htm,keep,"o Section 13(a) of the Exchange Act. &#9744; &#160; &#160; &#160; &#160; &#160; Item&#160;4.02&#160;Non-Reliance on Previously Issued Financial Statements or Related Audit Report or Completed Interim Report. The Company has re-evaluated its application of ASC 718, Compensation &#8211; Stock Compensa"
1819498,2022-03-10,0001213900-22-011609,ea156666-8k_twelvesea2.htm,spac_share_reclassification,Class A shares reclassified to temporary equity
1821169,2022-03-10,0001213900-22-011592,ea156633-8k_globalspac.htm,spac_warrant_reclassification,warrant reclassification per the 2021 SEC statement
1741231,2022-03-11,0001213900-22-011886,ea156764-8k_tattooed.htm,keep,"t to Section 13(a) of the Exchange Act. &#9744; &#160; &#160; &#160; &#160; &#160; &#160; Item 4.02 Non-Reliance on Previously Issued Financial Statements or a Related Audit Report or Completed Interim Review. &#160; On March 7, 2022, the Board of Directors (the &#8220;Board&#8221;) of Tattooed Chef"
1833908,2022-03-11,0001104659-22-032975,tm229102-1_8k.htm,keep,"ection 13(a) of the Exchange Act. &#168; &#160; &#160; &#160; &#160; &#160; &#160; &#160; Item 4.02 Non-Reliance on Previously Issued Financial Statements or a Related Audit Report or Completed Interim Review. &#160; On March 11, 2022, the Audit Committee (the &#8220;Audit Committee&#8221;) of the B"
1091883,2022-03-14,0001091883-22-000012,cir-20220313.htm,keep,rds provided pursuant to Section&#160;13(a)&#160;of the Exchange Act.&#160;&#160; &#9744; Item 4.02 Non-Reliance on Previously Issued Financial Statements or a Related Audit Report or Completed Interim Review. In the course of completing the audit of the consolidated financial statements to be filed
1718939,2022-03-14,0001104659-22-033282,tm228731d1_8k.htm,keep,"ncial accounting standards provided pursuant to Section 13(a) of the Exchange Act. &#168; Item 4.02 Non-Reliance on Previously Issued Financial Statements or a Related Audit Report or Completed Interim Review. On March 8, 2022, in connection with preparing its financial statements for the quarter en"
1800682,2022-03-14,0001193125-22-074606,d221275d8k.htm,keep,"rovided pursuant to Section 13(a) of the Exchange Act. &#9744; &#160; &#160; &#160; Item&#160;4.02. Non-Reliance on Previously Issued Financial Statements or a Related Audit Report or Completed Interim Review. (a) On March&#160;10, 2022, the Audit Committee (the &#8220;Audit Committee&#8221;) of the"
1818331,2022-03-14,0001818331-22-000035,smfr-20220310.htm,keep,c reference in such a filing. Item 4.02&#160;&#160;&#160;&#160;&#160;&#160;&#160;&#160;&#160;&#160; Non-Reliance on Previously Issued Financial Statements or a Related Audit Report or Completed Interim Review. In connection with the preparation of the Company's Annual Report on Form 10-K for the yea
1818331,2022-03-14,0001818331-22-000034,smfr-20220310.htm,keep,c reference in such a filing. Item 4.02&#160;&#160;&#160;&#160;&#160;&#160;&#160;&#160;&#160;&#160; Non-Reliance on Previously Issued Financial Statements or a Related Audit Report or Completed Interim Review. In connection with the preparation of the Company's Annual Report on Form 10-K for the yea
1834226,2022-03-14,0001104659-22-033402,tm229023d1_8k.htm,spac_warrant_reclassification,warrant reclassification per the 2021 SEC statement
1841867,2022-03-14,0001104659-22-033421,tm229107d1_8k.htm,keep,"t to Section 13(a) of the Exchange Act. &#168; &#160; &#160; &#160; &#160; &#160; &#160; Item 4.02. Non-Reliance on Previously Issued Financial Statements or a Related Audit Report or Completed Interim Review. &#160; On March 10, 2022, the management and Audit Committee of Aries I Acquisition Corpor"
1367408,2022-03-15,0001393905-22-000064,oily-20220314.htm,keep,"Exchange Act (17 CFR &#160;240.13e-4(c)) &#160; Emerging growth company &#9744; 1 &#160; Item 4.02 Non-Reliance on Previously Issued Financial Statements or a Related Audit Report or Completed Interim Review. &#160; &#160; On March 10, 2022 the Board of Directors of Sino American Oil Company, Inc. ("
1839839,2022-03-15,0001193125-22-075327,d290026d8k.htm,keep,"rovided pursuant to Section 13(a) of the Exchange Act. &#9744; &#160; &#160; &#160; Item&#160;4.02. Non-Reliance on Previously Issued Financial Statement or Related Audit Report or Completed Interim Review. On March&#160;10, 2022, the Audit Committee of the Board of Directors (the &#8220;Audit Commi"
1852432,2022-03-15,0001140361-22-009606,brhc10034531_8k.htm,spac_share_reclassification,Class A shares reclassified to temporary equity
1831006,2022-03-16,0001104659-22-034428,tm228211d1_8k.htm,spac_warrant_reclassification,warrant reclassification per the 2021 SEC statement
1823857,2022-03-17,0001213900-22-013244,ea157014-8k_viveon.htm,spac_warrant_reclassification,warrant reclassification per the 2021 SEC statement
1865377,2022-03-22,0001193125-22-081135,d335657d8k.htm,keep,"rovided pursuant to Section 13(a) of the Exchange Act. &#9744; &#160; &#160; &#160; Item&#160;4.02. Non-Reliance on Previously Issued Financial Statements or a Related Audit Report or Completed Interim Review. On March 21, 2022, the audit committee of the board of directors (the &#8220;Audit Committ"
95574,2022-03-23,0001437749-22-006959,sgc20220322_8k.htm,keep,"pursuant to Section 13(a) of the Exchange Act. &#9744;&#xa0; &#xa0; &#xa0; &#xa0; &#xa0; Item 4.02 Non-reliance on Previously Issued Financial Statements or a Related Audit Report or Completed Interim Review &#xa0; On March 21, 2022, the management and the Audit Committee of the Board of Directors o"
1495231,2022-03-23,0001495231-22-000053,izea-20220317.htm,keep,"em 4.02 is incorporated into this Item 2.02 by reference. Item 4.02. &#160; &#160;&#160;&#160;&#160;Non-Reliance on Previously Issued Financial Statements or Related Audit Report or Completed Interim Review. On March 17, 2022, the Audit Committee of the Board of Directors (the &#8220;Audit Committee"
1842223,2022-03-23,0001104659-22-037058,tm224870d1_8k.htm,spac_share_reclassification,Class A shares reclassified to temporary equity
1604738,2022-03-24,0001104659-22-037184,tm2210272d1_8k.htm,keep,on Stock &#160; AINC &#160; NYSE American LLC &#160; &#160; &#160; &#160; &#160; &#160; ITEM 4.02 - NON-RELIANCE ON PREVIOUSLY ISSUED FINANCIAL STATEMENTS OR A RELATED AUDIT REPORT OR COMPLETED INTERIM REVIEW &#160; (a) &#160; Correction of Errors in Previously Issued Financial Statements &#160; As 
1723517,2022-03-25,0001213900-22-015204,ea157435-8k_ucasset.htm,keep,"ovided pursuant to Section 13(a) of the Exchange Act &#9744; &#160; &#160; &#160; &#160; Item 4.02. Non-Reliance on Previously Issued Financial Statements or a Related Audit Report or Completed Interim Review. &#160; On March 22, 2022, the management of UC Asset LP (the &#8220;Company&#8221;) was no"
319458,2022-03-28,0001437749-22-007280,ensv20220327_8k.htm,keep,"#xa0; &#xa0; &#xa0; &#xa0; &#xa0; Item 4.02. &#xa0;&#xa0;&#xa0;&#xa0;&#xa0;&#xa0;&#xa0;&#xa0;&#xa0; Non-Reliance on Previously Issued Financial Statements or a Related Audit Report or Completed Interim Review. &#xa0; &#xa0; On March 22, 2022, Enservco Corporation (the &#8220;Company&#8221;), in cons"
1309082,2022-03-28,0001477932-22-001651,cei_8k.htm,keep,"ovided pursuant to Section 13(a) of the Exchange Act. &#9744; &#160; &#160; &#160; &#160; Item 4.02 Non-Reliance on Previously Issued Financial Statements or Related Audit Report or Completed Interim Report. &#160; On March 25, 2022, the audit committee of the board of directors (the &#8220;Audit Co"
1586495,2022-03-28,0001683168-22-001952,leet_i8k.htm,keep,"ction 13(a) of the Exchange Act. &#9744; &#160; &#160; &#160; &#160; &#160; &#160; &#160; Item 4.02 Non-Reliance on Previously Issued Financial Statements or a Related Audit Report or Completed Interim Review &#160; On March 25, 2022, Leet Technology, Inc. (&#8220;Leet&#8221; or the &#8220;Company&#"
1799332,2022-03-29,0001493152-22-008030,form8-k.htm,keep,"to Section 13(a) of the Exchange Act. &#9746; &#160; &#160; &#160; &#160; &#160; &#160; Item 4.02. Non-Reliance on Previously Issued Financial Statements or a Related Audit Report or Completed Interim Review. &#160; On March 23, 2022, the Audit Committee of the Board of Directors (the &#8220; Audit "
1820721,2022-03-29,0001820721-22-000023,arry-20220323.htm,keep,"ided pursuant to Section&#160;13(a) of the Exchange Act.&#160;&#9744; &#160; &#160;&#160; Item 4.02 Non-Reliance on Previously Issued Financial Statements or a Related Audit Report or Completed Interim Review. On March 23, 2022, the Audit Committee of the Board of Directors (the &#8220;Audit Committ"
1831992,2022-03-29,0001558370-22-004625,lmac-20220323x8k.htm,keep,standards provided pursuant to Section 13(a) of the Exchange Act. &#9744; &#8203; &#8203; Item 4.02 Non-Reliance on Previously Issued Financial Statements or a Related Audit Report or Completed Interim Review. In connection with the preparation of its Annual Report on Form 10-K for the year ended De
1837412,2022-03-29,0001628280-22-007699,slgc-20220328.htm,spac_warrant_reclassification,warrant reclassification per the 2021 SEC statement
1849820,2022-03-29,0001213900-22-015813,ea156789-8k_cleantech.htm,keep,"vided pursuant to Section 13(a) of the Exchange Act. &#9744; &#160; &#160; &#160; &#160; Item 4.02. Non-Reliance on Previously Issued Financial Statements or a Related Audit Report or Completed Interim Review. &#160; On November 12, 2021, CleanTech Acquisition Corp. (the &#8220; Company &#8221;) fil"
1864448,2022-03-29,0001864448-22-000005,wejo-20220329.htm,spac_warrant_reclassification,warrant reclassification per the 2021 SEC statement
1770141,2022-03-30,0001628280-22-007787,uph-20220325.htm,keep,"Act regardless of any general incorporation language in such filings. Item 4.02 - Non -Reliance on Previously Issued Financial Statements or a Related Audit Report or Completed Interim Review. (a) On March 25, 2022, the Audit Committee of the Board of Directors of UpHealth, after considering the rec"
1725872,2022-03-31,0001213900-22-016763,ea157627-8k_bmtech.htm,keep,purchase Common Stock &#160; BMTX.W &#160; NYSE American LLC &#160; &#160; &#160; &#160; Item 4.02. Non-Reliance on Previously Issued Financial Statements or a Related Auditor Report or Completed Interim Review. &#160; (a) Corrections to Previously Issued Financial Statements &#160; In connection wi
1768910,2022-03-31,0001104659-22-040991,tm229953d1_8k.htm,spac_share_reclassification,Class A shares reclassified to temporary equity
1819142,2022-03-31,0001193125-22-091953,d342080d8k.htm,keep,"to Section&#160;13(a) of the Exchange Act.&#160;&#160; &#9744; &#160; &#160; &#160; Item&#160;4.02 Non-Reliance on Previously Issued Financial Statements or a Related Audit Report or Completed Interim Review. (a) On March&#160;28, 2022, the Audit Committee of the Board of Directors of SES AI Corpora"
1860657,2022-03-31,0001213900-22-016934,ea157687-8k_allarity.htm,spac_warrant_reclassification,warrant reclassification per the 2021 SEC statement
1860657,2022-04-01,0001213900-22-017488,ea157884-8ka1_allarity.htm,keep,"te any disclosure made in the Form 8-K unless otherwise amended in this Amendment. &#160; Item 4.02 Non-Reliance on Previously Issued Financial Statements or a Related Audit Report or Completed Interim Review. &#160; (a) As previously reported, on March 25, 2022, the Company's Board, including its a"
1802450,2022-04-06,0001104659-22-043202,tm2211521d1_8k.htm,keep,"ection 13(a) of the Exchange Act. &#168; &#160; &#160; &#160; &#160; &#160; &#160;&#160; Item 4.02. Non-Reliance on Previously Issued Financial Statements or a Related Audit Report or Completed Interim Review. &#160; (a)&#160;&#160;&#160;&#160;&#160;&#160;&#160;On March 31, 2022, the Board of Direct"
1800347,2022-04-08,0000950170-22-005510,etwo-20220406.htm,spac_share_reclassification,Class A shares reclassified to temporary equity
1830795,2022-04-08,0001213900-22-018962,ea158263-8k_quantum.htm,keep,xchange Act.&#160;&#8239; &#9744; &#160; &#160; &#160; &#160; &#160; &#160;&#160; Item 4.02.&#8239; Non-Reliance on Previously Issued Financial Statements or a Related Audit Report or Completed Interim Review. &#9; &#160; Subsequent to the filing of the Annual Report on Form 10-K for the fiscal year
1855644,2022-04-08,0001104659-22-044042,tm2212231d1_8k.htm,keep,"ursuant to Section 13(a) of the Exchange Act. &#168; &#160; &#160; &#160; &#160; &#160; Item 4.02 - Non-Reliance on Previously Issued Financial Statements or Related Audit Report or Completed Interim Report. &#160; On April 7, 2022, the audit committee of the board of directors of JATT Acquisition C"
1826671,2022-04-11,0001213900-22-019192,ea158292-8k_kludein1.htm,spac_warrant_reclassification,warrant reclassification per the 2021 SEC statement
1843249,2022-04-12,0001213900-22-019430,ea158305-8k_northerngen3.htm,keep,t to Section 13(a) of the Exchange Act. &#9744; &#160; &#160; &#160; &#160; &#160; &#160; Item 4.02 Non-Reliance on Previously Issued Financial Statement and Related Audit Report or Completed Interim Review. &#160; In light of information discovered by Northern Genesis Acquisition Corp. III (the &#8
1421636,2022-04-13,0001213900-22-019617,ea158339-8k_cbondsystems.htm,keep,160; Not applicable &#160; Not applicable &#160;&#160; &#160; &#160; &#160; &#160; &#160; Item 4.02 Non-Reliance on Previously Issued Financial Statements or a Related Audit Report or Completed Interim Review &#160; As previously disclosed by the Company in its Current Report on Form 8-K filed with 
1725872,2022-04-14,0001213900-22-019830,ea158448-8ka_bmtech.htm,keep,"nts to purchase Common Stock &#160; BMTX.W &#160; NYSE American LLC &#160; &#160; &#160; Item 4.02. Non-Reliance on Previously Issued Financial Statements or a Related Auditor Report or Completed Interim Review. &#160; Reference is made to the Current Report on Form 8-K filed by BM Technologies, Inc"
1844981,2022-04-14,0001104659-22-045616,tm2212630d1_8k.htm,keep,"pursuant to Section 13(a) of the Exchange Act. &#168; &#160; &#160; &#160; &#160; &#160; Item 4.02. Non-Reliance on Previously Issued Financial Statements or a Related Audit Report or Completed Interim Review. &#160; StoneBridge Acquisition Corporation (the &#8220;Company,&#8221; &#8220;we&#8221;, &"
1101026,2022-04-15,0001654954-22-005068,zivo_8k.htm,keep,"n 13(a) of the Exchange Act. &#9744; &#160; &#160; &#160; &#160; Item 4.02.&#160;&#160;&#160;&#160; Non-Reliance on Previously Issued Financial Statements or a Related Audit Report or Completed Interim Review. &#160; (a) On April 13, 2022, the management and the audit committee of the board of direc"
1824211,2022-04-15,0001193125-22-106934,d675521d8k.htm,keep,ded pursuant to Section 13(a) of the Exchange Act. &#9744; &#160; &#160; &#160; Item&#160;4.02&#160;Non-Reliance&#160;on Previously Issued Financial Statements or a Related Audit Report or Completed Interim Review. In connection with the preparation of the financial statements as of December&#160;31
1839175,2022-04-15,0001213900-22-019940,ea158485-8k_m3brigade2.htm,spac_warrant_reclassification,warrant reclassification per the 2021 SEC statement
319458,2022-04-18,0001437749-22-009097,ensv20220416_8k.htm,keep,"ursuant to Section 13(a) of the Exchange Act. &#9744; &#xa0; &#xa0; &#xa0; &#xa0; Item 4.02. &#xa0; Non-Reliance on Previously Issued Financial Statements or a Related Audit Report or Completed Interim Review. &#xa0; On April 14, 2022, Enservco Corporation (&#8220;we&#8221; or the &#8220;Company&#82"
1860657,2022-04-18,0001213900-22-020426,ea158533-8k_allarity.htm,keep,this Current Report on Form 8-K is incorporated by reference into this Item 2.03. &#160; Item 4.02 Non-Reliance on Previously Issued Financial Statements or a Related Audit Report or Completed Interim Review. &#160; The information disclosed in Item 1.01 of this Current Report on Form 8-K is incorpo
1843764,2022-04-19,0001193125-22-108640,d333329d8k.htm,spac_share_reclassification,Class A shares reclassified to temporary equity
1863719,2022-04-19,0001193125-22-108296,d337341d8k.htm,keep,cial accounting standards provided pursuant to Section 13(a) of the Exchange Act. &#9744; Item 4.02 Non-Reliance on Previously Issued Financial Statements or a Related Audit Report or Completed Interim Review. In connection with the audit of the annual financial statements of Everest Consolidator Ac
1784567,2022-04-21,0001493152-22-010602,form8-k.htm,keep,"e (&#8220;Diluted EPS&#8221;) for the Restated Periods. As a result, the Company concluded that its previously issued financial statements contained errors specific to the Diluted EPS such that investors should no longer rely upon the diluted weighted average shares outstanding and Diluted EPS in th"
1840317,2022-04-21,0001193125-22-111720,d330929d8k.htm,keep,"to Section&#160;13(a) of the Exchange Act.&#160;&#160; &#9744; &#160; &#160; &#160; Item&#160;4.02 Non-Reliance on Previously Issued Financial Statement and Related Audit Report. On April&#160;20, 2022, management of Plum Acquisition Corp. I (the &#8220;Company&#8221;) and the audit committee of the"
1777946,2022-04-25,0001193125-22-116500,d574482d8k.htm,keep,"provided pursuant to Section 13(a) of the Exchange Act. &#9744; &#160; &#160; &#160; Item&#160;4.02 Non-Reliance on Previously Issued Financial Statements or a Related Audit Report or Completed Interim Review. On April&#160;8, 2022, IronNet Inc. (the &#8220;Company&#8221; or &#8220;IronNet&#8221;) d"
1832511,2022-04-25,0001104659-22-049298,tm2213422d1_8k.htm,keep,ion&#160;13(a)&#160;of the Exchange Act. &#168; &#160; &#160; &#160; &#160; &#160; &#160; Item 4.02 Non-Reliance on Previously Issued Financial Statements or a Related Audit Report or Completed Interim Review. &#160; In connection with the audit of the annual financial statements of P3 Health Partne
1597846,2022-04-28,0001493152-22-011376,form8-k.htm,keep,"value &#160; GRNQ &#160; NASDAQ Capital Market &#160; &#160; &#160; &#160; &#160; &#160; Item 4.02. NON-RELIANCE ON PREVIOUSLY ISSUED FINANCIAL STATEMENTS OR A RELATED AUDIT REPORT OR COMPLETED INTERIM REVIEW. &#160; On March 25, 2022, the Company's management, together with the Audit Committee of t"
1759509,2022-04-29,0001759509-22-000030,lyft-20220428.htm,keep,"Section 13(a) of the Exchange Act.&#160;&#160;&#160; &#9744; Item&#160;4.02&#160;&#160;&#160;&#160;Non-Reliance on Previously Issued Financial Statements or a Related Audit Report or Completed Interim Review. As part of preparing the Q1'22 consolidated financial statements of Lyft, Inc. (the &#8220;"
1829328,2022-05-02,0001213900-22-023224,ea159260-8k_fintech5.htm,keep,ursuant to Section 13(a) of the Exchange Act. &#9744; &#160; &#160; &#160; &#160; &#160; Item 4.02. Non-Reliance&#160;on Previously Issued Financial Statements or a Related Audit Report or Completed Interim Review. &#160; (a) In connection with the preparation of&#160;FinTech Acquisition Corp. V's (
1597846,2022-05-06,0001493152-22-012309,form8-k.htm,keep,"value &#160; GRNQ &#160; NASDAQ Capital Market &#160; &#160; &#160; &#160; &#160; &#160; Item 4.02. NON-RELIANCE ON PREVIOUSLY ISSUED FINANCIAL STATEMENTS OR A RELATED AUDIT REPORT OR COMPLETED INTERIM REVIEW. &#160; On March 25, 2022, the Company's management, together with the Audit Committee of t"
1582249,2022-05-09,0001213900-22-024602,ea159550-8k_rasnathera.htm,keep,"h registered &#160; &#160; &#160; &#160; &#160; &#160; &#160; &#160; &#160; &#160; &#160; Item 4.02 Non-Reliance on Previously Issued Financial Statements or a Related Audit Report or Completed Interim Review. &#160; On April 22, 2022, Rasna Therapeutics, Inc. (the &#8220;Company&#8221;) after discu"
1282224,2022-05-10,0001553350-22-000424,dlpn_8k.htm,keep,"Exchange Act. &#9744; &#160; &#160; &#160; &#160; &#160; &#160; &#160; Item 4.02 &#160;&#160;&#160; Non-Reliance on Previously Issued Financial Statements or a Related Audit Report or Completed Interim Review. &#160; (a) On May 4, 2022, the Audit Committee of the Board of Directors (the &#8220;Audit"
1740742,2022-05-10,0001829126-22-010187,transparent_8k.htm,keep,"cial accounting standards provided pursuant to Section 13(a) of the Exchange Act. &#9744; Item 4.02 Non-Reliance on Previously Issued Financial Statements or a Related Audit Report or Completed Interim Review. On February 2, 2022, the Company filed a Form 8-K (&ldquo;Initial Report&rdquo;) stating t"
898770,2022-05-11,0000898770-22-000032,smed-20220505.htm,keep,s provided pursuant to Section 13(a) of the Exchange Act. &#9744;&#160; TABLE OF CONTENTS Item 4.02 Non-Reliance on Previously Issued Financial Statements or a Related Audit Report or Completed Interim Review. Item 9.01 Financial Statement and Exhibits. SIGNATURES &#160;&#160;&#160;&#160; INDEX EXHI
1082324,2022-05-13,0001140361-22-019117,brhc10037620_8k.htm,keep,"cial accounting standards provided pursuant to Section 13(a) of the Exchange Act. &#9744; Item 4.02 Non-Reliance on Previously Issued Financial Statements or a Related Audit Report of Completed Interim Review. On May 9, 2022, after discussing with the management of VirnetX Holding Corporation (the &"
1262104,2022-05-13,0001193125-22-150171,d368018d8k.htm,keep,available options to regain compliance with the Bid Price Requirement. Item&#160;4.02 &#8211;&#160;Non-Reliance&#160;on Previously Issued Financial Statements or a Related Audit Report or Completed Interim Review The Company has determined that it made certain errors in the manner in which it recogn
1844507,2022-05-13,0001193125-22-150275,d350220d8k.htm,keep,"rovided pursuant to Section 13(a) of the Exchange Act. &#9744; &#160; &#160; &#160; Item&#160;4.02. Non-Reliance on Previously Issued Financial Statements or a Related Audit Report or Completed Interim Review. Achari Ventures Holdings Corp. I (the &#8220;Company,&#8221; &#8220;we&#8221;, &#8220;our&"
69633,2022-05-17,0001558370-22-009097,nssc-20220516x8k.htm,keep,"&#160;of the Exchange Act &#9744; &#8203; &#8203; &#8203; &#8203; Item&#160;4.02. &#160;&#160;&#160;Non-Reliance on Previously Issued Financial Statements or a Related Audit Report or Completed Interim Review. &#160; On May 16, 2022, the audit committee of the Company's board of directors, after con"
317788,2022-05-17,0001628280-22-014669,form8-kitem402.htm,keep,"of 1933, as amended, except as expressly set forth by specific reference in such filing. Item 4.02. Non-Reliance on Previously Issued Financial Statements or a Related Audit Report or Completed Interim Review. Accordingly, May 11, 2022, the management and the Audit Committee of the Board of Director"
1737372,2022-05-17,0001213900-22-027689,ea160186-8k_sysorex.htm,keep,"ursuant to Section 13(a) of the Exchange Act. &#9744; &#160; &#160; &#160; &#160; &#160; Item 4.02. Non-Reliance on Previously Issued Financial Statements or a Related Audit Report or Completed Interim Review &#160; On May 17, 2022, management of Sysorex, Inc. (the &#8220;Company&#8221;) determined "
1840292,2022-05-17,0001213900-22-027357,ea160044-8k_heliogen.htm,keep,"t to Section 13(a) of the Exchange Act. &#9746; &#160; &#160; &#160; &#160; &#160; &#160; Item 4.02 Non-Reliance on Previously Issued Financial Statements or a Related Audit Report or Completed Interim Review. &#160; On May 16, 2022, the audit committee (the &#8220;Audit Committee&#8221;) of Helioge"
1731727,2022-05-19,0001213900-22-028337,ea160236-8k_lmpauto.htm,keep,"share &#160; LMPX &#160; NASDAQ Capital Market &#160; &#160; &#160; &#160; &#160; &#160; Item 4.02 Non-Reliance on Previously Issued Financial Statements or Related Audit Report or Completed Interim Review. &#160; On May 16, 2022, management of LMP Automotive Holdings, Inc., a Delaware corporation ("
1040896,2022-05-20,0001493152-22-014655,form8-k.htm,keep,"t to Section 13(a) of the Exchange Act. &#9744; &#160; &#160; &#160; &#160; &#160; &#160; Item 4.02 Non-Reliance on Previously Issued Financial Statements or a Related Audit Report or Completed Interim Review &#160; On May 16, 2022, the Board of Directors (the &#8220;Board&#8221;) of Intellicheck, I"
1372514,2022-05-23,0001104659-22-063871,tm2216631d1_8k.htm,keep,"60;13(a)&#160;of the Exchange Act. &#168; &#160; &#160; &#160; &#160; &#160; &#160;&#160; Item 4.02 Non-Reliance on Previously Issued Financial Statements or a Related Audit Report or Completed Interim Review. &#160; On May 20, 2022, the Audit Committee of the Board of Directors (the &#8220;Audit Co"
1829322,2022-05-23,0001213900-22-029006,ea160484-8k_sizzle.htm,keep,"t to Section 13(a) of the Exchange Act.&#160; &#9744; &#160; &#160; &#160; &#160; &#160; Item 4.02. Non-Reliance on Previously Issued Financial Statements or a Related Audit Report or Completed Interim Review. &#160;&#160; On May 23, 2022, the management of Sizzle Acquisition Corp., a Delaware corpo"
1848097,2022-05-25,0001575705-22-000386,spk_8k.htm,keep,"ards provided pursuant to Section 13(a) of the Exchange Act. &#9744; &#160; &#160; &#160; Item 4.02 Non-Reliance on Previously Issued Financial Statements or a Related Audit Report or Completed Interim Review. &#160; On February 24, 2022, SPK Acquisition Corp. (&#8220; SPK &#8221; or the &#8220; Com"
1703073,2022-06-01,0001549727-22-000052,vivcform8knonreliance.htm,keep,"8-K 1 vivcform8knonreliance.htm UNITED STATES SECURITIES AND EXCHANGE COMMISSION Washington, D.C. 20549 ______________ FORM 8-K ______________ CURRENT REPORT Pursuant to Section 13 or 15(d) of the Securities Exchange Act of 193"
1836274,2022-06-01,0001104659-22-066946,tm2217434d1_8k.htm,keep,nt to Section 13(a) of the Exchange Act. &#168; &#160; &#160; &#160; &#160; &#160; &#160; Item 4.02 Non-Reliance on Previously Issued Financial Statements or a Related Audit Report or Completed Interim Review &#160; Atlantic Coastal Acquisition Corp. (the &#8220;Company&#8221;) previously filed a Fo
1089815,2022-06-02,0001140361-22-021510,brhc10038394_8k.htm,keep,"ial accounting standards provided pursuant to Section 13(a) of the Exchange Act. &#9744; Item 4.02. Non-Reliance on Previously Issued Financial Statements or a Related Audit Report or Completed Interim Review. On May 27, 2022, management of U.S. NeuroSurgical Holdings, Inc. (the &#8220;Company&#8221"
1774675,2022-06-03,0001104659-22-068169,tm2217696d1_8k.htm,spac_warrant_reclassification,warrant reclassification per the 2021 SEC statement
1605331,2022-06-06,0001663577-22-000349,abqq8k.htm,keep,"&#160; &#160; SECTION 4 - MATTERS RELATED TO ACCOUNTANTS AND FINANCIAL STATEMENTS &#160; Item 4.02 Non-Reliance on Previously Issued Financial Statements or a Related Audit Report or Completed Interim Review. &#160; On June 1, 2022, the board of directors of AB International Group Corp. (the &#8220;"
1848097,2022-06-07,0001575705-22-000404,spk_8ka.htm,keep,"ion (&#8220; SEC &#8221;) on May 24, 2022 (the &#8220; Original Form 8-K &#8221;). &#160; Item 4.02 Non-Reliance on Previously Issued Financial Statements or a Related Audit Report or Completed Interim Review. &#160; On February 24, 2022, SPK filed its Form 10-K for the annual period ending December"
748592,2022-06-17,0001140361-22-023519,brhc10038915_8k.htm,keep,"compliance with the minimum bid price requirement under the Nasdaq Listing Rules. &#160; Item 4.02. Non-Reliance on Previously Issued Financial Statements or a Related Audit Report or Completed Interim Review. &#160; On June 16, 2022, the Audit Committee of the Company's Board of Directors (the &#82"
1848097,2022-06-17,0001575705-22-000441,spk_8ka.htm,keep,"n connection with the Company's initial public offering (the &#8220; IPO &#8221;). &#160; Item 4.02 Non-Reliance on Previously Issued Financial Statements or a Related Audit Report or Completed Interim Review. &#160; On February 24, 2022, SPK filed its Form 10-K for the annual period ending December"
1634117,2022-06-27,0001193125-22-182953,d357812d8k.htm,keep,"to Section&#160;13(a) of the Exchange Act.&#160;&#160;&#9744; &#160; &#160; &#160; Item&#160;4.02. Non-Reliance on Previously Issued Financial Statements or a Related Audit Report or Completed Interim Review. (a) In connection with the preparation of Barnes&#160;& Noble Education, Inc.'s (the &#8220"
1553404,2022-07-11,0001213900-22-038605,ea162707-8k_pacificgreen.htm,keep,"standards provided pursuant to Section 13(a) of the Exchange Act. &#9744; &#160; &#160; Item 4.02. Non-Reliance on Previously Issued Financial Statements or a Related Audit Report or Completed Interim Review &#160; On July 8, 2022, the Audit Committee of the Board of Directors (the &#8220;Audit Comm"
1865248,2022-07-14,0001104659-22-079863,tm2221027d2_8k.htm,keep,ction 13(a) of the Exchange Act. &#168; &#160; &#160; &#160; &#160; &#160; &#160; &#160; Item 4.02. Non-Reliance on Previously Issued Financial Statements or a Related Audit Report or Completed Interim Review. &#160; In connection with the preparation of the financial statements of Capitalworks Emer
1673481,2022-07-22,0001213900-22-041017,ea163230-8k_lottery.htm,keep,"to Section 13 (a) of the Exchange Act. &#9744; &#160; &#160; &#160; &#160; &#160; &#160; Item 4.02 Non-Reliance on Previously Issued Financial Statements or a Related Audit Report or Completed Interim Review. &#160; (b) On July 20, 2022, Lottery.com Inc. (the &#8220;Company&#8221;) was advised by Ar"
1673481,2022-07-26,0001213900-22-041442,ea163324-8ka1_lottery.htm,keep,to Section 13 (a) of the Exchange Act. &#9744; &#160; &#160; &#160; &#160; &#160; &#160; Item 4.02 Non-Reliance on Previously Issued Financial Statements or a Related Audit Report or Completed Interim Review. &#160; (c) Lottery.com Inc. (the &#8220;Company&#8221;) is filing this Current Report on Fo
1848416,2022-07-27,0001493152-22-020413,form8-k.htm,keep,"cial accounting standards provided pursuant to Section 13(a) of the Exchange Act. &#9746; Item 4.02 Non-Reliance on Previously Issued Financial Statements or a Related Audit Report or Completed Interim Review. On July 26, 2022, as a result of internal compensation and tax reviews, certain accounting"
1579214,2022-07-28,0001564590-22-026873,eex-8k_20220722.htm,keep,"60;&#160;&#160;&#160;&#160;&#160;&#160;&#160;&#160;&#160;&#160; &#9746; &#160; &#160; Item 4.02(a). Non-Reliance on Previously Issued Financial Statements or a Related Audit Report or Completed Interim Review On July 22, 2022, management and the Audit Committee (the &#8220;Audit Committee&#8221;) of"
1089815,2022-08-04,0001140361-22-028102,brhc10040400_8k.htm,keep,"g standards provided pursuant to Section 13(a) of the Exchange Act.&#160;&#160; &#9744; Item 4. 02. Non-Reliance on Previously Issued Financial Statements or a Related Audit Report or Completed Interim Review. On August 3, 2022, management of the U.S. NeuroSurgical Holdings, Inc. (the &#8220;Company"
1324948,2022-08-04,0001213900-22-044595,ea163804-8k_rbcbearings.htm,keep,"date hereof and irrespective of any general incorporation language in any filings. &#160; Item 4.02 Non-Reliance on Previously Issued Financial Statements or a Related Audit Report or Completed Interim Review. &#160; On August 2, 2022, the Audit Committee of the Board of Directors of the Company, in"
1467761,2022-08-04,0001493152-22-021340,form8-k.htm,keep,"; The information included in Item 4.02 below is incorporated herein by reference. &#160; Item 4.02 Non-Reliance on Previously Issued Financial Statements or a Related Audit Report or Completed Interim Review. &#160; On August 3, 2022, the Audit Committee, of Minim, Inc. (the &#8220;Company&#8221;),"
1716583,2022-08-04,0001716583-22-000067,hyzn-20220804.htm,keep,"orm 10-Q will not have an impact on the listing or trading of the Company's common stock. Item 4.02 Non-Reliance on Previously Issued Financial Statements or a Related Audit Report or Completed Interim Review. The Audit Committee of the Board of Directors of the Company, based on the recommendation "
1175680,2022-08-05,0001558370-22-012454,cydy-20220804x8k.htm,keep,"tandards provided pursuant to Section 13(a) of the Exchange Act. &#9744; &#8203; &#8203; Item 4.02. Non-Reliance on Previously Issued Financial Statements or a Related Audit Report or Completed Interim Review. (a) For the reasons discussed below, on August 4, 2022, the Audit Committee of the Board o"
1705338,2022-08-09,0001628280-22-021750,lov-20220805.htm,keep,"r the Exchange Act, except as expressly set forth by specific reference in such a filing. Item 4.02 Non-Reliance on Previously Issued Financial Statements or a Related Audit Report or Completed Interim Review On August 5, 2022, the Audit Committee of the Company's Board of Directors (the &#8220;Audi"
1787518,2022-08-09,0001213900-22-045917,ea164049-8k_brilliant.htm,spac_warrant_reclassification,warrant reclassification per the 2021 SEC statement
1807846,2022-08-11,0001213900-22-046588,ea164107-8k_moneylion.htm,keep,vided pursuant to Section 13(a) of the Exchange Act. &#9744; &#160; &#160; &#160; &#160; Item 4.02. Non-Reliance on Previously Issued Financial Statements or a Related Audit Report or Completed Interim Review. &#160; (a) &#160;&#160;&#160;&#160;&#160;&#160;&#160;In connection with the preparation of
771999,2022-08-12,0001493152-22-022398,form8-k.htm,keep,"t to Section 13(a) of the Exchange Act. &#9744; &#160; &#160; &#160; &#160; &#160; &#160; Item 4.02 Non-Reliance on Previously Issued Financial Statements or a Related Audit Report or Completed Interim Review. &#160; On August 9, 2022, the Audit Committee of DSS, Inc. (the &#8220;Company&#8221;) res"
1719406,2022-08-12,0000950142-22-002500,eh220278114_8k.htm,spac_warrant_reclassification,warrant reclassification per the 2021 SEC statement
1841408,2022-08-12,0001193125-22-218761,d375988d8k.htm,keep,"provided pursuant to Section 13(a) of the Exchange Act. &#9744; &#160; &#160; &#160; Item&#160;4.02 Non-Reliance on Previously Issued Financial Statements or a Related Audit Report or Completed Interim Review. (a) On August&#160;9, 2022, the Audit Committee of the Board of Directors (the &#8220;Audi"
1841867,2022-08-12,0001104659-22-089529,tm2223246d1_8k.htm,spac_share_reclassification,Class A shares reclassified to temporary equity
1615165,2022-08-15,0001564590-22-029355,veri-8k_20220809.htm,keep,"pursuant to Section13(a) of the Exchange Act. &#9744; &#160; &#160; &#160; &#160; &#160; Item 4.02. Non-Reliance on Previously Issued Financial Statements or a Related Audit Report or Completed Interim Review As previously reported, on August 9, 2022, the management and the audit committee (the &#82"
1817760,2022-08-15,0001104659-22-091420,tm2223484-1_8k.htm,keep,"; The information included in Item 4.02 below is incorporated herein by reference. &#160; Item 4.02 Non-Reliance on Previously Issued Financial Statements or a Related Audit Report or Completed Interim Review. &#160; SmartKem, Inc. (the &#8220;Company&#8221;) has determined that it made certain erro"
1857855,2022-08-15,0001493152-22-022921,form8-k.htm,keep,"t to Section 13(a) of the Exchange Act. &#9744; &#160; &#160; &#160; &#160; &#160; &#160; Item 4.02 Non-Reliance on Previously Issued Financial Statements or a Related Audit Report or Completed Interim Review. &#160; On August 11, 2022, the Audit Committee of the Board of Directors of the Company co"
1823857,2022-08-16,0001213900-22-048633,ea164536-8k_viveon.htm,spac_warrant_reclassification,warrant reclassification per the 2021 SEC statement
724742,2022-08-17,0001104659-22-092238,tm2223747d1_8k.htm,keep,") of the Exchange Act.&#160;&#160; &#168; &#160;&#160; &#160; &#160; &#160; &#160; &#160; Item 4.02 Non-Reliance on Previously Issued Financial Statements or a Related Audit Report or Completed Interim Review. (a) On August 11, 2022, the management and the audit committee of the board of directors ("
1716583,2022-08-18,0001716583-22-000074,hyzn-20220818.htm,keep,"working diligently to complete the Form 10-Q and intends to file as soon as practicable. Item 4.02 Non-Reliance on Previously Issued Financial Statements or a Related Audit Report or Completed Interim Review. On August 4, 2022, the Audit Committee of the Board of Directors of the Company (the &#8220"
1851908,2022-08-18,0001193125-22-223625,d315761d8k.htm,spac_warrant_reclassification,warrant reclassification per the 2021 SEC statement
1868573,2022-08-18,0001193125-22-223437,d396795d8k.htm,keep,rovided pursuant to Section 13(a) of the Exchange Act. &#9744; &#160; &#160; &#160; Item&#160;4.02. Non-Reliance on Previously Issued Financial Statements or a Related Audit Report or Completed Interim Review. APx Acquisition Corp. I (the &#8220; Company &#8221;) previously presented that the Class 
1852736,2022-08-19,0001193125-22-225405,d61681d8k.htm,keep,"pursuant to Section&#160;13(a) of the Exchange Act. &#9744; &#160; &#160; &#160; Item&#160;4.02(a) Non-Reliance on Previously Issued Financial Statements or a Related Audit Report or Completed Interim Review. On August&#160;15, 2022, the audit committee of the board of directors (the &#8220;Audit Co"
1868573,2022-08-19,0001193125-22-224606,d291587d8ka.htm,keep,rovided pursuant to Section 13(a) of the Exchange Act. &#9744; &#160; &#160; &#160; Item&#160;4.02. Non-Reliance on Previously Issued Financial Statements or a Related Audit Report or Completed Interim Review. APx Acquisition Corp. I (the &#8220; Company &#8221;) previously presented that the Class 
1415684,2022-08-22,0001493152-22-023755,form8-k.htm,keep,"t to Section 13(a) of the Exchange Act. &#9744; &#160; &#160; &#160; &#160; &#160; &#160; Item 4.02 Non-Reliance on Previously Issued Financial Statements or a Related Audit Report or Completed Interim Review. &#160; On August 22, 2022, the Board of Directors of MusclePharm Corporation (the &#8220;C"
1652958,2022-08-22,0001683168-22-005976,edgemode_8k-081922.htm,keep,"3(a) of the Exchange Act. &#9744; &#160; &#160; &#160; &#160; &#160; &#160; &#160; &#160; Item 4.02 Non-Reliance On Previously Issued Financial Statements Or A Related Audit Report Or Completed Interim Review. &#160; On August 17, 2022, the Chief Executive Officer and Chief Financial Officer of Edge"
1841761,2022-08-22,0001841761-22-000017,grov-20220819.htm,keep,"ded pursuant to Section&#160;13(a) of the Exchange Act.&#160;&#160; &#9744; &#160; &#160; Item 4.02 Non-Reliance on Previously Issued Financial Statements or a Related Audit Report or Completed Interim Review. Subsequent to the issuance of the unaudited condensed consolidated financial statements ("""
1853044,2022-08-22,0001193125-22-225805,d377332d8k.htm,keep,to Section&#160;13(a) of the Exchange Act.&#160;&#160; &#9744; &#160; &#160; &#160; Item&#160;4.02 Non-Reliance&#160;on Previously Issued Financial Statements or Related Audit Report or Completed Interim Report. In preparation of Worldwide Webb Acquisition Corp.'s (the &#8220;Company&#8221;) unaudit
1853397,2022-08-22,0001104659-22-093114,tm2224164d1_8k.htm,spac_warrant_reclassification,warrant reclassification per the 2021 SEC statement
1828735,2022-08-24,0001193125-22-228516,d384424d8k.htm,keep,"to Section&#160;13(a) of the Exchange Act.&#160;&#160; &#9744; &#160; &#160; &#160; Item&#160;4.02 Non-Reliance on Previously Issued Financial Statements or a Related Audit Report or Completed Interim Review. On August&#160;22, 2022, Benessere Capital Acquisition Corp.'s (the &#8220;Company&#8221;) "
1826000,2022-08-25,0001826000-22-000108,lat-20220819.htm,keep,"pursuant to Section&#160;13(a)&#160;of the Exchange Act. &#9744; Item 4.02.&#160;&#160;&#160;&#160;Non-Reliance on Previously Issued Financial Statements or a Related Audit Report or Completed Interim Review. As previously disclosed by Latch, Inc. (the &#8220;Company&#8221;) on August 10, 2022, the "
1833909,2022-08-26,0001213900-22-051534,ea165031-8k_africangold.htm,keep,mstances warrant. The Company is working diligently to complete its June 2022 Form 10-Q. Item 4.02. Non-Reliance on Previously Issued Financial Statements or a Related Audit Report or Completed Interim Review. &#160; The Board of Directors (the &#8220;Board&#8221;) of the Company has determined that
1841425,2022-08-26,0001213900-22-051162,ea164985-8k_cenaq.htm,spac_warrant_reclassification,warrant reclassification per the 2021 SEC statement
1909747,2022-08-29,0001171843-22-005839,f8k_082922.htm,keep,"ge in such a filing, except as expressly set forth by specific reference in that filing. Item 4.02. Non-Reliance on Previously Issued Financial Statements. In connection with the preparation of the Company's unaudited condensed consolidated financial statements for the three and six months ended Jun"
1845942,2022-08-31,0001575705-22-000639,bnix_8k.htm,spac_warrant_reclassification,warrant reclassification per the 2021 SEC statement
819050,2022-09-01,0000819050-22-000140,bbi-20220830.htm,keep,"ial accounting standards provided pursuant to Section 13(a) of the Exchange Act. &#9744; Item 4.02. Non-Reliance on Previously Issued Financial Statements or a Related Audit Report or Completed Interim Review. On August 30, 2022, the Audit Committee of the Board of Directors (the &#8220;Audit Commit"
1833909,2022-09-01,0001213900-22-052730,ea165252-8k_africangold.htm,keep,"pursuant to Section 13(a) of the Exchange Act.&#160; &#9744; &#160; &#160; &#160; &#160; Item 4.02. Non-Reliance on Previously Issued Financial Statements or a Related Audit Report or Completed Interim Review. &#160; For the reasons discussed below, the Audit Committee of the Board of Directors of A"
1852749,2022-09-01,0001104659-22-096672,tm2224810d1_8k.htm,keep,&#160;13(a)&#160;of the Exchange Act.&#160;&#160; &#168; &#160; &#160; &#160; &#160; Item&#160;4.02 Non-Reliance&#160;on&#160;Previously Issued Financial Statements or Related Audit Report or Completed Interim Report. &#160; Following the filing of ExcelFin Acquisition Corp.'s (the &#8220;Company&#8
1499785,2022-09-02,0001213900-22-053833,ea165314-8k_tengjunbio.htm,keep,"ant to Section 13(a) of the Exchange Act. &#9744; &#160; &#160; &#160; &#160; &#160; Item 4.02&#160;Non-Reliance on Previously Issued Financial Statements or a Related Audit Report or Completed Interim Review. &#160; On September 2, 2022, the Board of Directors (the &#8220;Board&#8221;) of Tengjun B"
1842939,2022-09-09,0001193125-22-241993,d403631d8k.htm,spac_warrant_reclassification,warrant reclassification per the 2021 SEC statement
1834045,2022-09-13,0000950170-22-018410,vwe-20220912.htm,keep,"rsuant to Section 13(a) of the Exchange Act. &#9744; &#160; &#160; &#160; &#160; Item 4.02 &#x2014; Non-Reliance on Previously Issued Financial Statements or a Related Audit Report or Completed Interim Review On September 12, 2022, the Audit Committee of the Board of Directors (the &#x201c;Audit Com"
1005286,2022-09-14,0001005286-22-000049,lndc-20220913.htm,keep,"counting standards provided pursuant to Section 13(a) of the Exchange Act. &#160; &#9744; Item 4.02 Non-Reliance on Previously Issued Financial Statements or a Related Audit Report or Completed Interim Review. On September 13, 2022, the Audit Committee (the &#8220;Audit Committee&#8221;) of the Boar"
1592782,2022-09-14,0001213900-22-055960,ea165793-8k_nukkleus.htm,keep,"pursuant to Section 13(a) of the Exchange Act.&#160;&#160; &#9744; &#160; &#160; &#160; Item 4.02. Non-Reliance on Previously Issued Financial Statements or a Related Audit Report or Completed Interim Review Based upon comment letters received from the Securities and Exchange Commission, dated July "
1458631,2022-09-19,0001477932-22-007028,halb_8k.htm,keep,"&#160;&#9744; &#160; &#160; &#160; &#160; INFORMATION TO BE INCLUDED IN THE REPORT &#160; Item 4.02 Non-Reliance On Previously Issued Financial Statements Or A Related Audit Report Or Completed Interim Review. &#160; (b) On September 14, 2022, Halberd Corporation (&#8220;Halberd&#8221; or &#8220;the"
922612,2022-09-20,0001193805-22-001291,e621933_8k-smit.htm,keep,with the other continued listing requirements of the Nasdaq Capital Market. &#160; Item&#160;4.02. Non-Reliance on Previously Issued Financial Statements or a Related Audit Report or Completed Interim Review. &#160; The Company has determined that it made certain errors due to the ineffective applic
1374328,2022-09-21,0001851734-22-000560,ftlf20220919_8k.htm,keep,"ation set forth under Item 4.02 is incorporated into this Item 2.02 by reference. &#xa0; Item 4.02. Non-Reliance on Previously Issued Financial Statements or Related Audit Report or Completed Interim Review. &#xa0; On August 24, 2022, the Audit Committee of the Board of Directors (the &#8220; Audit "
1815632,2022-09-27,0001654954-22-013000,tgcb_8k.htm,keep,"pursuant to Section 13(a) of the Exchange Act. &#9744; &#160; &#160; &#160; &#160;&#160; Item 4.02. Non-Reliance on Previously Issued Financial Statements or a Related Audit Report or Completed Interim Review. &#160; Amended and Restated Form 10-Q for the Three and Nine Months Ended March 31, 2022 &"
1823652,2022-09-29,0001554855-22-000542,evex-20220923.htm,keep,"0; &#9744; ITEM 4.02 &#160;&#160;&#160;&#160;&#160;&#160;&#160;&#160;&#160;&#160;&#160;&#160;&#160; Non-Reliance on Previously Issued Financial Statements or a Related Audit Report or Completed Interim Review &#160; In September 2022, in connection with the prepar ation o f an amendment to a registr"
1833909,2022-09-30,0001213900-22-060722,ea166535-8k_african.htm,spac_warrant_reclassification,warrant reclassification per the 2021 SEC statement
1845601,2022-09-30,0001104659-22-104663,tm2227175d1_8k.htm,keep,"nt to Section 13(a) of the Exchange Act. &#168; &#160; &#160; &#160; &#160; &#160; &#160; Item 4.02-Non-Reliance on Previously Issued Financial Statements or Related Audit Report or Completed Interim Report. &#160; In connection with a review of its public filings, Iron Spark I Inc., a Delaware corp"
1171155,2022-10-04,0000950170-22-019267,rlgt-20220928.htm,keep,dline set forth in the Form 12b-25 is due to the determination that certain of the Company&#x2019;s previously issued financial statements should be restated to correct historical errors related principally to the timing of the recognition of the Company&#x2019;s estimated accrual of in-transit reve
1845601,2022-10-05,0001104659-22-106104,tm2227550d1_8ka.htm,keep,"nt to Section 13(a) of the Exchange Act. &#168; &#160; &#160; &#160; &#160; &#160; &#160; Item 4.02-Non-Reliance on Previously Issued Financial Statements or Related Audit Report or Completed Interim Report. &#160; In connection with a review of its public filings, Iron Spark I Inc., a Delaware corp"
1580490,2022-10-07,0001140361-22-036662,brhc10042791_8k.htm,keep,"ial accounting standards provided pursuant to Section 13(a) of the Exchange Act. &#9744; Item 4.02. Non-reliance on Previously Issued Financial Statements or a Related Audit Report or Interim Audit Report Management of I-ON Digital Corp. (the &#8220;Company&#8221;), has concluded that our Quarterly "
1741231,2022-10-12,0001628280-22-026304,ttcf-20221006.htm,keep,"financial accounting standards provided pursuant to Section 13(a) of the Exchange Act. o Item 4.02. Non-Reliance on Previously Issued Financial Statements or a Related Audit Report or Completed Interim Review. On October 6, 2022, Tattooed Chef, Inc. (the &#8220;Company&#8221;) received a written not"
1815632,2022-10-19,0001654954-22-013871,tgcb_8ka.htm,keep,"nc. (the &#8220;Company&#8221;) that the financial statements for the period sending March 31, 2022 should no longer be relied upon. This Amendment restates the Company's position regarding the effect of the share-based compensation expense included in Original Filing. This Amendment does not amend "
1512228,2022-10-21,0001539497-22-001688,n2574_x56-8k.htm,keep,"ards provided pursuant to Section 13(a) of the Exchange Act. &#9744; &#160; &#160; &#160; Item 4.02 Non-Reliance on Previously Issued Financial Statements or a Related Audit Report or Completed Interim Review. &#160; On October 18, 2022, the Audit Committee of the Board of Directors (the &#8220;Audi"
1794669,2022-10-21,0001794669-22-000048,four-20221017.htm,keep,"s provided pursuant to Section 13(a) of the Exchange Act. &#9744; Item 4.02.&#160;&#160;&#160;&#160;Non-Reliance on Previously Issued Financial Statements or a Related Audit Report or Completed Interim Review. On October 17, 2022, the Audit Committee (&#8220;Audit Committee&#8221;) of the Board of D"
1172222,2022-10-24,0001172222-22-000081,ha-20221021.htm,keep,"ds provided pursuant to Section 13(a) of the Exchange Act.&#160;&#160;&#160;&#160;&#9744; Item 4.02 Non-Reliance on Previously Issued Financial Statements or a Related Audit Report or Completed Interim Review. On October 21, 2022, the Audit and Finance Committee (the &#8220;Audit Committee&#8221;) o"
1816017,2022-10-25,0000950170-22-020029,spir-20221020.htm,keep,the completed fiscal periods noted below is incorporated by reference in this Item 2.02. Item 4.02 Non-Reliance on Previously Issued Financial Statements or a Related Audit Report or Completed Interim Review. In connection with the preparation of the third quarter 2022 condensed consolidated financi
1327273,2022-10-26,0000950170-22-020211,lyra-20221026.htm,keep,"standards provided pursuant to Section 13(a) of the Exchange Act. &#9744; &#160; &#160; Item 4.02. Non-Reliance on Previously Issued Financial Statements or a Related Audit Report or Completed Interim Review. On October 26, 2022, the Audit Committee of the Board of Directors of Lyra Therapeutics, In"
1753931,2022-10-27,0001493152-22-029693,form8-k.htm,keep,"t to Section 13(a) of the Exchange Act. &#9744; &#160; &#160; &#160; &#160; &#160; &#160; Item 4.02 Non-Reliance on Previously Issued Financial Statements or a Related Audit Report or Completed Review. &#160; On September 29, 2022, during the audit for the fiscal year ended June 30, 2022, Shengda Ne"
818479,2022-11-01,0001140361-22-039283,brhc10043485_8k.htm,keep,"ntangible assets impairment charge will be between $1.0 billion and $1.3 billion. &#160; Item 4.02. Non-Reliance on Previously Issued Financial Statements or a Related Audit Report or Completed Interim Review. &#160; Restatements of Three and Nine Months Ended September 30, 2021 and Fiscal Year Ende"
1528930,2022-11-03,0001171843-22-007084,f8k_110322.htm,keep,"Act, except as shall be expressly set forth by specific reference in such filing. &#160; Item 4.02 Non-Reliance on Previously Issued Financial Statements or a Related Audit Report or Completed Interim Report. &#160; The Company has determined that amendments to its previously filed Quarterly Reports"
1598308,2022-11-07,0001829126-22-018941,globalwholehealth_8k.htm,keep,"t to Section 13(a) of the Exchange Act. &#9744; &#160; &#160; &#160; &#160; &#160; &#160; Item 4.02 Non-Reliance on Previously Issued Financial Statements or a Related Audit Report or Completed Interim Review. &#160; On October 17, 2022, Global WholeHealth Partners Corporation (the &#8220;Company&#8"
1353538,2022-11-08,0001628280-22-028963,apgt-20221108.htm,keep,"l accounting standards provided pursuant to Section 13(a) of the Exchange Act. &#9744; 1 Item 4.02. Non-Reliance on Previously Issued Financial Statements or a Related Audit Report or Completed Interim Review. (a) On November&#160;8, 2022 , the board of directors (the &#8220;Board&#8221;) of Appgate"
1820721,2022-11-08,0001820721-22-000143,arry-20221108.htm,keep,"e disclosure in Exhibit 99.1 allows investors to reconcile the non-GAAP measures to GAAP. Item 4.02 Non-Reliance on Previously Issued Financial Statements or a Related Audit Report or Completed Interim Review. On November 7, 2022, management and the Audit Committee of the Board of Directors (the &#8"
1786205,2022-11-09,0001193125-22-281337,d421011d8k.htm,keep,"ed pursuant to Section&#160;13(a) of the Exchange Act. &#9744; &#160; &#160; &#160; Item&#160;4.02. Non-Reliance on Previously Issued Financial Statements or a Related Audit Report or Completed Interim Review. In preparing its Quarterly Report on Form 10-Q for the period ended September&#160;30, 202"
811641,2022-11-10,0001213900-22-071209,ea168440-8k_immucell.htm,keep,"ge Act, except as expressly set forth by specific reference in such filing. &#160; Item 4.02.&#160; Non-Reliance on Previously Issued Financial Statements or a Related Audit Report or Completed Interim Review &#160; Based on discussions with the Audit Committee of the Board of Directors of the Compa"
1856774,2022-11-10,0001104659-22-117177,tm2230182d1_8k.htm,spac_share_reclassification,Class A shares reclassified to temporary equity
1069308,2022-11-14,0001564590-22-037660,acer-8k_20221110.htm,keep,"mation set forth under Item 4.02 is incorporated into this Item 2.02 by reference. &#160; Item 4.02 Non-Reliance on Previously Issued Financial Statements or a Related Audit Report or Completed Interim Review. On November 10, 2022, Acer Therapeutics Inc. (the &#8220;Company&#8221;), after discussion"
1274737,2022-11-14,0001274737-22-000070,exdx-20221114.htm,keep,"g, except as shall be expressly set forth by specific reference in such a filing. Item 4.02 &#8211; Non-Reliance on Previously Issued Financial Statements or a Related Audit Report or Completed Interim Review. (a) On November 13, 2022, the Audit Committee (the &#8220;Audit Committee&#8221;) of the B"
1595527,2022-11-14,0001104659-22-118737,tm2230393d1_8k.htm,keep,"3(a) of the Exchange Act. &#168; &#160; &#160; Common Stock [Member] &#160; &#160; &#160; Item 4.02 Non-Reliance on Previously Issued Financial Statements or a Related Audit Report or Completed Interim Review &#160; On November 11, 2022, management and the Audit Committee (the &#8220;Audit Committee"
1620179,2022-11-14,0001104659-22-118697,tm2230425d1_8k.htm,keep,pursuant to Section 13(a) of the Exchange Act. &#160; &#160; &#160; &#160;&#160; Item 4.02.&#8239; Non-Reliance on Previously Issued Financial Statements or a Related Audit Report or Completed Interim Review. &#160; Subsequent to the filing of its Annual Report on Form&#160;10-K for the fiscal year 
1820566,2022-11-14,0001104659-22-117405,tm2230284d2_8k.htm,keep,"pursuant to Section 13(a) of the Exchange Act. &#168; &#160; &#160; &#160; &#160; &#160; Item 4.02 Non-Reliance on Previously Issued Financial Statements or a Related Audit Report or Completed Interim Review. &#160; On November 8, 2022, the Audit Committee (the &#8220;Audit Committee&#8221;) of the "
1823652,2022-11-14,0001554855-22-000612,evex-20220923.htm,keep,". Except as set forth in this Amendment No. 1, the Original Form 8-K is unchanged. &#160; Item 4.02 Non-Reliance on Previously Issued Financial Statements or a Related Audit Report or Completed Interim Review.&#160; As previously reported in the Original Form 8-K, on September 23, 2022, the Company'"
1838359,2022-11-14,0001193125-22-284732,d373900d8k.htm,spac_warrant_reclassification,warrant reclassification per the 2021 SEC statement
1856774,2022-11-14,0001104659-22-118712,tm2230477d1_8ka.htm,spac_share_reclassification,Class A shares reclassified to temporary equity
1861449,2022-11-14,0001861449-22-000214,brds-20221111.htm,keep,"cial accounting standards provided pursuant to Section 13(a) of the Exchange Act. &#9744; Item 4.02 Non-Reliance on Previously Issued Financial Statements or a Related Audit Report or Completed Interim Review. On November 11, 2022, the Audit Committee of the Board of Directors (the &#8220;Audit Comm"
924805,2022-11-15,0000924805-22-000074,frhc-20221114.htm,keep,"cial accounting standards provided pursuant to Section 13(a) of the Exchange Act. &#9744; Item 4.02 Non-Reliance on Previously Issued Financial Statements or a Related Audit Report or Completed Interim Review. On November 14, 2022, the Audit Committee (&#8220;Audit Committee&#8221;) of the Board of "
1807893,2022-11-15,0001553350-22-000910,spfx_8k.htm,keep,"table event&#8221; (as defined in Item 304(a)(1)(v) of Regulation S-K). &#160; Item 4.02&#160;&#160;Non-Reliance on Previously Issued Financial Statements or a Related Audit Report or Completed Interim Review. &#160; (a)&#160;&#160;On November 14, 2022, the Audit Committee of the Board of Directors "
867028,2022-11-16,0001493152-22-032612,form8-k.htm,keep,"220;FOMO&#8221;, the &#8220;Company&#8221;, &#8220;we&#8221;, or &#8220;us&#8221;. &#160; Item 4.02 Non-Reliance on Previously Issued Financial Statements or a Related Audit Report or Completed Interim Review. &#160; FOMO's Board of Directors has concluded that previously issued financial statements"
867028,2022-11-18,0001493152-22-032847,form8-ka.htm,keep,"220;FOMO&#8221;, the &#8220;Company&#8221;, &#8220;we&#8221;, or &#8220;us&#8221;. &#160; Item 4.02 Non-Reliance on Previously Issued Financial Statements or a Related Audit Report or Completed Interim Review. &#160; FOMO's Board of Directors has concluded that previously issued financial statements"
1606698,2022-11-18,0001628280-22-030385,alpp-20221114.htm,keep,"cial accounting standards provided pursuant to Section 13(a) of the Exchange Act. &#9746; Item 4.02 Non-Reliance on Previously Issued Financial Statements or a Related Audit Report or Completed Interim Review. On November 14, 2022, the Board of Directors of Alpine 4 Holdings, Inc., a Delaware corpor"
1850502,2022-11-18,0001140361-22-042341,brhc10044401_8k.htm,keep,"ounting standards provided pursuant to Section 13(a) of the Exchange Act.&#160; &#x2610; Item 4.02. Non-Reliance on Previously Issued Financial Statements or a Related Audit Report or Completed Interim Review. &#160; On November 15, 2022, the audit committee of Enphys Acquisition Corp. (the ""Company"
1870258,2022-11-21,0001562762-22-000470,meka-20221121x8k.htm,keep,"ounting standards provided pursuant to Section 13(a) of the Exchange Act. &#168; &#8206; Item 4.02. Non-Reliance on Previously Issued Financial Statements or a Related Audit Report or Completed Interim Review. On November 21, 2022, MELI Kaszek Pioneer Corp (the &#8220;Company&#8221; or &#8220;MEKA&#"
1716166,2022-11-22,0001493152-22-033237,form8-k.htm,keep,".02 below. A copy of the press release is filed as Exhibit 99.1 to this Form 8-K. &#160; Item 4.02. Non-Reliance on Previously Issued Financial Statements or a Related Audit Report or Completed Interim Review. &#160; On November 18, 2022, the management and the Audit Committee of the Board of Direct"
1084267,2022-11-30,0001683168-22-008110,mobiquity_8k.htm,keep,". &#160; Section 4 &#8211; Matters Related to Accountants and Financial Statements &#160; Item 4.02 Non-Reliance on Previously Issued Financial Statements or a Related Audit Report or Completed Interim Review &#160; (a)(1) and (2)&#9;On November 28, 2022, the Audit Committee of Mobiquity Technologie"
1450335,2022-11-30,0001654954-22-015872,cigf7_8k.htm,keep,"; &#160; Section 4 &#8211; Matters Related to Accountants and Financial Statements &#160; Item 4.02 Non-Reliance on Previously Issued Financial Statements or a Related Audit Report or Completed Interim Review. &#160; On November 22, 2022, the General Partner of Commonwealth Income & Growth Fund VII,"
1013706,2022-12-06,0001171843-22-007863,f8k_120522.htm,keep,"ards provided pursuant to Section 13(a) of the Exchange Act. &#9744; &#160; &#160; &#160; Item 4.02 Non-Reliance on Previously Issued Financial Statements or a Related Audit Report or Completed Interim Review &#160; Wilhelmina International, Inc. (&#8220;Wilhelmina&#8221; or the &#8220;Company&#8221"
1853314,2022-12-08,0001213900-22-078469,ea169751-8k_gesheracq1.htm,keep,o Section 13(a) of the Exchange Act. &#9744; &#160; &#160; &#160; &#160; &#160; Item&#160;4.02&#160;Non-Reliance&#160;on Previously Issued Financial Statements or a Related Audit Report or Completed Interim Review.&#160; &#160; In connection with the preparation of the financial statements as of Sep
1818502,2022-12-09,0001818502-22-000020,opfi-20221206.htm,keep,"ndition. The information included in Item 4.02 below is incorporated herein by reference. Item 4.02 Non-Reliance on Previously Issued Financial Statements or a Related Audit Report or Completed Interim Review. On December 6, 2022, the Audit Committee (the &#8220;Audit Committee&#8221;) of the Board "
3545,2022-12-13,0000950170-22-026457,alco-20221212.htm,keep,"ed, except as shall be expressly set forth by specific reference in such a filing. &#160; Item 4.02 Non-Reliance on Previously Issued Financial Statements or a Related Audit Report or Completed Interim Review. &#160; (a) On December 12, 2022, the audit committee (the &#x201c;Audit Committee&#x201d;)"
1703956,2022-12-13,0001437749-22-028985,bbpp20221209_8k.htm,keep,"ovided pursuant to Section 13(a) of the Exchange Act. &#9744; &#xa0; &#xa0; &#xa0; &#xa0; Item 4.02 Non-Reliance on Previously Issued Financial Statements or a Related Audit Report or Completed Interim Review. &#xa0; (a)&#xa0; On December 8, 2022, the Audit Committee of the Board of Directors of Con"
39020,2022-12-16,0001185185-22-001426,freqelec20221216_8k.htm,keep,"n such filing or document. &#160; Item 4.02. &#160;&#160;&#160;&#160;&#160;&#160;&#160;&#160;&#160; Non-Reliance on Previously Issued Financial Statements or a Related Audit Report or Completed Interim Review. &#160; On December 14, 2022, management of Frequency Electronics, Inc. (the &#8220;Company"
793171,2022-12-16,0001493152-22-035733,form8-k.htm,keep,"to Section 13(a) of the Exchange Act. &#9744; &#160; &#160; &#160; &#160; &#160; &#160; Item 4.02. Non-Reliance on Previously Issued Financial Statements or a Related Audit Report or Completed Interim Review. &#160; On December 12, 2022, the management and the Board of Directors of Vitro Biopharma, "
1903392,2022-12-21,0001213900-22-081850,ea170535-8k_climaterock.htm,spac_warrant_reclassification,warrant reclassification per the 2021 SEC statement
1888734,2022-12-22,0001493152-22-036320,form8-k.htm,spac_warrant_reclassification,warrant reclassification per the 2021 SEC statement
1810140,2022-12-27,0001213900-22-082892,ea170694-8k_polished.htm,keep,ow in Item 8.01 is hereby incorporated by reference in this Item 4.01. &#160; Item 4.02.&#160;&#160;Non-Reliance on Previously Issued Financial Statements or a Related Audit Report or Completed Interim Review. &#160; The information set forth above in Item 4.01 and below in Item 8.01 is hereby incor
1419275,2023-01-20,0001185185-23-000056,ryvyl20230120_8k.htm,keep,pursuant to Section 13(a) of the Exchange Act. &#9744;&#160; &#160; &#160; &#160; &#160; Item 4.02. Non-Reliance on Previously Issued Financial Statements or a Related Audit Report or Completed Interim Review. &#160; Based on discussions between the audit committee (the &#8220;Audit Committee&#8221;
1580490,2023-01-20,0001140361-23-002319,brhc10046868_8k.htm,keep,"ial accounting standards provided pursuant to Section 13(a) of the Exchange Act. &#9744; Item 4.02. Non-reliance on Previously Issued Financial Statements or a Related Audit Report or Interim Audit Report Management of I-ON Digital Corp. (the &#8220;Company&#8221;), has concluded that our Quarterly "
1680873,2023-01-20,0001680873-23-000003,hffg-20230116.htm,keep,"Annual Meeting as soon as is practicable following the filing of the Delinquent Reports. Item 4.02 Non-Reliance on Previously Issued Financial Statements or a Related Audit Report or Completed Interim Review On January 16, 2023, the Audit Committee of the Board of Directors (the &#8220;Audit Committ"
1826000,2023-01-23,0001826000-23-000013,lat-20230117.htm,keep,"pursuant to Section&#160;13(a)&#160;of the Exchange Act. &#9744; Item 4.02.&#160;&#160;&#160;&#160;Non-Reliance on Previously Issued Financial Statements or a Related Audit Report or Completed Interim Review. As disclosed on August 10, 2022, external counsel, operating at the direction of the Audit "
1007019,2023-01-25,0001493152-23-002481,form8-k.htm,keep,"The information included in Item 4.02 below is incorporated herein by reference. &#160; Item 4.02. Non-Reliance on Previously Issued Financial Statements or a Related Audit Report or Completed Interim Review. &#160; Coffee Holding Co., Inc., a Nevada corporation (the &#8220;Company&#8221;), has dete"
1853070,2023-01-26,0001140361-23-002872,brhc10047058_8k.htm,keep,al accounting standards provided pursuant to Section 13(a) of the Exchange Act. &#x2610; Item 4.02. Non-Reliance on Previously Issued Financial Statements or a Related Audit Report or Completed Interim Review. In connection with the preparation of the financial statements of PROOF Acquisition Corp I
1178727,2023-01-27,0001213900-23-005707,ea172278-8k_comsove.htm,keep,"pursuant to Section 13(a) of the Exchange Act. &#9744; &#160; &#160; &#160; &#160; &#160; Item 4.02 Non-Reliance on Previously Issued Financial Statements or a Related Audit Report or Completed Interim Review. &#160; On January 25, 2023, management and the Audit Committee (the &#34;Committee&#34;) o"
1005286,2023-02-01,0001005286-23-000032,lndc-20230131.htm,keep,"unting standards provided pursuant to Section 13(a) of the Exchange Act. &#160; &#9744; 1 Item 4.02 Non-Reliance on Previously Issued Financial Statements or a Related Audit Report or Completed Interim Review. On January 31, 2023, the Audit Committee (the &#8220;Audit Committee&#8221;) of the Board "
1435508,2023-02-01,0001104659-23-009007,tm235096d1_8k.htm,keep,"nt to Section 13(a) of the Exchange Act. &#168; &#160; &#160; &#160; &#160; &#160; &#160; Item 4.02 Non-Reliance on Previously Issued Financial Statements or a Related Audit Report or Completed Interim Review. &#160; On January 27, 2023, the Audit Committee of the Board of Directors of First Savings"
1528849,2023-02-03,0001558370-23-000847,rh-20230201x8k.htm,keep,ted operating margin toward the higher end of the prior range of 21.5% to 22.0%. &#8203; Item 4.02. Non-Reliance on Previously Issued Financial Statements or a Related Audit Report or Completed Interim Review . During the preparation of our response to a comment letter (the &#8220;SEC Comment Letter
1878313,2023-02-06,0000950170-23-001812,maia-20230203.htm,keep,g standards provided pursuant to Section 13(a) of the Exchange Act. &#9744; &#160; &#160; Item 4.02 Non-Reliance on Previously Issued Financial Statements or Related Audit Report or Completed Interim Report. In connection with SEC pronouncements related to Financial Accounting Standards Board (&#x20
1834045,2023-02-08,0001193125-23-028579,d390305d8k.htm,keep,"#8221;), except as expressly set forth by specific reference in such filing. Item&#160;4.02 &#8212; Non-Reliance on Previously Issued Financial Statements or a Related Audit Report or Completed Interim Review On February&#160;5, 2023, the Audit Committee (the &#8220;Audit Committee&#8221;) of the Bo"
727207,2023-02-09,0001104659-23-017653,tm236096d1_8k.htm,keep,"ovided pursuant to Section 13(a) of the Exchange Act. &#168; &#160; &#160; &#160; &#160; Item 4.02. Non-Reliance on Previously Issued Financial Statements or a Related Audit Report or Completed Interim Review. &#160; On February&#160;6, 2023, the Audit Committee of the Board of Directors (the &#8220"
884219,2023-02-09,0000950170-23-002328,vvi-20230207.htm,keep,"t to Section 13(a) of the Exchange Act. &#9744; &#160; &#160; &#160; &#160; &#160; &#160; Item 4.02 Non-Reliance on Previously Issued Financial Statements or a Related Audit Report or Completed Interim Review. On February 7, 2023, pursuant to Item 4.02(a) of Form 8-K, the Audit Committee of the Boar"
1716583,2023-02-09,0001716583-23-000018,hyzn-20230209.htm,keep,"nied, the Company's securities will be subject to delisting on The Nasdaq Capital Market. Item 4.02 Non-Reliance on Previously Issued Financial Statements or a Related Audit Report or Completed Interim Review. On February 6, 2023, the Audit Committee of the Board of Directors (the &#8220;Board&#8221"
924805,2023-02-10,0000924805-23-000004,frhc-20230210.htm,keep,"cial accounting standards provided pursuant to Section 13(a) of the Exchange Act. &#9744; Item 4.02 Non-Reliance on Previously Issued Financial Statements or a Related Audit Report or Completed Interim Review. On February 10, 2023, the Audit Committee (&#8220;Audit Committee&#8221;) of the Board of "
1861622,2023-02-15,0001493152-23-005210,form8-k.htm,spac_warrant_reclassification,warrant reclassification per the 2021 SEC statement
861459,2023-02-16,0001437749-23-003566,gva20221104_8k.htm,keep,"y set forth by specific reference in such filing.&#xa0;&#xa0; &#xa0; Item 4 .02.&#xa0; &#xa0; &#xa0;Non-Reliance on Previously Issued Financial Statements or a Related Audit Report or Completed Interim Review . &#xa0; On February 15, 2023, the Audit/Compliance Committee (the ""Audit Committee"") of th"
1286139,2023-02-17,0001286139-23-000005,lz-20230216.htm,keep,"unting standards provided pursuant to Section&#160;13(a) of the Exchange Act. &#9744; Item 4.02(a). Non-Reliance on Previously Issued Financial Statements or a Related Audit Report or Completed Interim Review. LegalZoom.com, Inc. (the &#8220;Company&#8221;) identified an error within its income tax "
1385818,2023-02-21,0001104659-23-023779,tm237439d1_8k.htm,keep,"t to Section 13(a) of the Exchange Act. &#168; &#160; &#160; &#160; &#160; &#160; &#160; Item 4.02. Non-Reliance on Previously Issued Financial Statements or a Related Audit Report or Completed Interim Review. &#160; On February 21, 2023, the Audit Committee (the &#8220;Audit Committee&#8221;) of th"
1602078,2023-02-21,0001079973-23-000236,nmra_8k.htm,keep,"pursuant to Section 13(a) of the Exchange Act.&#160; &#9744; &#160; &#160; &#160; &#160; Item 4.02 Non-Reliance on Previously Issued Financial Statements or a Related Audit Report or Completed Interim Review. &#160; &#160; On February 17, 2023, the management and the Audit Committee of the Board of "
1602078,2023-02-22,0001079973-23-000239,nmra_8k.htm,keep,"iginal 8-K to correct certain immaterial errors that appeared in the Original 8-K. &#160; Item 4.02 Non-Reliance on Previously Issued Financial Statements or a Related Audit Report or Completed Interim Review. &#160; &#160; On February 17, 2023, the management and the Audit Committee of the Board of"
1866633,2023-02-22,0001866633-23-000004,ccs-20230222.htm,keep,22 and to file such annual report within 15 calendar days after its prescribed due date. Item 4.02. Non-Reliance on Previously Issued Financial Statements or a Related Audit Report or Completed Interim Review. During the preparation of its annual report on Form 10-K for the fiscal year ended Decembe
1501989,2023-02-24,0001193125-23-047460,d414055d8k.htm,keep,"to Section&#160;13(a) of the Exchange Act.&#160;&#160;&#9744; &#160; &#160; &#160; Item&#160;4.02. Non-Reliance on Previously Issued Financial Statements or a Related Audit Report or Completed Interim Review On February&#160;23, 2023, Company management and the Audit Committee of the Board of Direct"
1898795,2023-02-24,0001193125-23-048744,d335628d8k.htm,keep,"er Item 4.02 and Item 7.01 is incorporated into this Item 2.02 by reference. &#160; Item&#160;4.02. Non-reliance on Previously Issued Financial Statements or a Related Audit Report or Completed Interim Review. Prior to the completion of its business combination transaction, LiveWire Group, Inc.'s (t"
1261249,2023-02-27,0001558370-23-002116,agrx-20230223x8k.htm,keep,"unting standards provided pursuant to Section 13(a) of the Exchange Act. &#9744; &#8203; Item 4.02. Non-Reliance on Previously Issued Financial Statements or a Related Audit Report or Completed Interim Review. &#8203; Agile Therapeutics, Inc. (the &#8220;Company&#8221;) has determined that it incorr"
1286139,2023-02-27,0001286139-23-000019,lz-20230216.htm,keep,unting standards provided pursuant to Section&#160;13(a) of the Exchange Act. &#9744; Item 4.02(a). Non-Reliance on Previously Issued Financial Statements or a Related Audit Report or Completed Interim Review. As previously disclosed in a Current Report on Form 8-K filed with the Securities and Exch
1007019,2023-02-28,0001493152-23-006283,form8-ka.htm,keep,The information included in Item 4.02 below is incorporated herein by reference. &#160; Item 4.02. Non-Reliance on Previously Issued Financial Statements or a Related Audit Report or Completed Interim Review. &#160; As previously disclosed on a Current Report on Form 8-K furnished by Coffee Holding 
1475115,2023-02-28,0001475115-23-000036,eb-20230227.htm,keep,"Section 13(a) of the Exchange Act.&#160;&#160;&#160;&#160; &#9744; Item 4.02&#160;&#160;&#160;&#160;Non-Reliance on Previously Issued Financial Statements or a Related Audit Report or Completed Interim Review On February 27, 2023, the Audit Committee (the ""Audit Committee"") of the Board, after discu"
1507605,2023-02-28,0001493152-23-006169,form8-k.htm,keep,"ck &#160; MARA &#160; The Nasdaq Capital Market &#160; &#160; &#160; &#160; &#160; &#160; Item 4.02 Nonreliance on Previously Issued Financial Statements or a Related Audit Report or Completed Interim Review. &#160; On February 22, 2023, Marathon Digital Holdings, Inc. (the &#8220;Company&#8221;) re"
1880319,2023-02-28,0001880319-23-000023,prm-20230228.htm,keep,"cial accounting standards provided pursuant to Section 13(a) of the Exchange Act. &#9744; Item 4.02 Non-Reliance on Previously Issued Financial Statements or a Related Audit Report or Completed Interim Review. (a) On February 22, 2023, the audit committee of the Board of Directors (the &#8220;Audit "
1422892,2023-03-01,0001213900-23-015608,ea174443-8k_singular.htm,keep,"ursuant to Section 13(a) of the Exchange Act. &#9744; &#160; &#160; &#160; &#160; &#160; Item 4.02. Non-Reliance on Previously Issued Financial Statements or a Related Audit Report or Completed Interim Review. &#160; On February 28, 2023, the audit committee of Singularity Future Technology Ltd. (th"
1167419,2023-03-02,0001558370-23-002678,riot-20230227x8k.htm,keep,"ection&#160;13(a)&#160;of the Exchange Act.&#160; &#9744; &#8203; &#8203; &#8203; Item 4.02 &#8211; Non-Reliance on Previously Issued Financial Statements or a Related Audit Report or Completed Interim Review. &#8203; (a) On February 27, 2023 the Audit Committee (the &#8220;Audit Committee&#8221;) o"
1820721,2023-03-02,0001820721-23-000023,arry-20230301.htm,keep,"closure in Exhibit 99.1 allows investors to reconcile the non-GAAP measures to GAAP. Item&#160;4.02 Non-Reliance on Previously Issued Financial Statements or a Related Audit Report or Completed Interim Review. On March 1, 2023, the Audit Committee of the Board of Directors (the &#8220;Audit Committe"
1852707,2023-03-03,0001213900-23-017211,ea174585-8k_betterforyou.htm,keep,"t to Section 13(a) of the Exchange Act. &#9744; &#160; &#160; &#160; &#160; &#160; &#160; Item 4.02 Non-Reliance on Previously Issued Financial Statements or a Related Audit Report or Completed Interim Review. &#160; On February 5, 2023, the management and the Audit Committee of the Board of Directo"
754811,2023-03-06,0001437749-23-005543,usglobal20230306_8k.htm,keep,"e three and six months ended and as of December 31, 2022, as soon as practicable. &#xa0; Item 4.02. Non-Reliance on Previously Issued Financial Statements or a Related Audit Report or Completed Interim Review. &#xa0; On March 1, 2023, the Company's audit committee (the &#8220;Audit Committee&#8221;)"
1422892,2023-03-06,0001213900-23-017792,ea174698-8ka1_singul.htm,keep,"e the Form 8-K is hereby amended and restated in its entirety as set forth below. &#160; Item 4.02. Non-Reliance on Previously Issued Financial Statements or a Related Audit Report or Completed Interim Review. &#160; On February 28, 2023&#160;, the audit committee of Singularity Future Technology Lt"
1477845,2023-03-06,0001104659-23-029078,tm238624d1_8k.htm,keep,"13(a) of the Exchange Act. &#120; &#160; &#160; &#160; &#160; &#160; &#160; &#160; &#160; Item 4.02 Non-Reliance on Previously Issued Financial Statements or a Related Audit Report or Completed Interim Review &#160; During the course of its year-end close process, Annovis Bio, Inc. (the &#8220;Compa"
1568385,2023-03-06,0001493152-23-006802,form8-k.htm,keep,"t to Section 13(a) of the Exchange Act. &#9744; &#160; &#160; &#160; &#160; &#160; &#160; Item 4.02 Non-Reliance on Previously Issued Financial Statements or a Related Audit Report or Completed Interim Review. &#160; On March 6, 2023, the Board of Directors of Bright Mountain Media, Inc. (the &#8220"
1928446,2023-03-06,0001104659-23-028794,tm238552d1_8k.htm,keep,"rsuant to Section&#160;13(a)&#160;of the Exchange Act. &#168; &#160; &#160; &#160; &#160; Item 4.02 Non-Reliance on Previously Issued Financial Statements or a Related Audit Report or Completed Interim Review. &#160; On March&#160;3, 2023, the audit committee (the &#8220;Audit Committee&#8221;) of t"
1347652,2023-03-07,0001347652-23-000021,corr-20230303.htm,keep,"r the Exchange Act, except as expressly set forth by specific reference in such a filing. Item 4.02 Non-Reliance on Previously Issued Financial Statements or a Related Audit Report or Completed Interim Review. During the preparation of its audited financial statements for the fiscal year ended Decem"
1819493,2023-03-08,0001819493-23-000049,xos-20230308.htm,keep,"ial accounting standards provided pursuant to Section 13(a) of the Exchange Act. &#9744; Item 4.02. Non-Reliance on Previously Issued Financial Statements or a Related Audit Report or Completed Interim Review. On March 8,&#160;2023, the audit committee (the &#8220;Audit Committee&#8221;) of the Boar"
894158,2023-03-10,0001104659-23-031255,tm239041d1_8k.htm,keep,"Section 13(a) of the Exchange Act. &#168; &#160; &#160; &#160; &#160; &#160;&#160; Item&#160;4.02. Non-Reliance on Previously Issued Financial Statements or a Related Audit Report or Completed Interim Review. &#160; On March 8, 2023, the Audit Committee (the &#8220;Audit Committee&#8221;) of the Boa"
1391127,2023-03-13,0001193125-23-068486,d480494d8k.htm,keep,"nded, as of December&#160;31, 2022 nor as of the date of this Form&#160;8-K. &#160; Item&#160;4.02. Non-Reliance on Previously Issued Financial Statements or a Related Audit Report or Completed Interim Review On March&#160;8, 2023, management and the Audit Committee of the Board of Directors (the &#"
1784535,2023-03-14,0001558370-23-003732,prch-20230314x8k.htm,keep,"provided pursuant to Section 13(a) of the Exchange Act. &#9744; &#8203; &#8203; &#8203; Item 4.02. Non-Reliance on Previously Issued Financial Statements or a Related Audit Report or Completed Interim Review. &#8203; On March 14, 2023, Porch Group, Inc. (the &#8220;Company&#8221;) management and the"
1008654,2023-03-16,0001008654-23-000022,tup-20230312.htm,keep,cial accounting standards provided pursuant to Section 13(a) of the Exchange Act. &#9744; Item 4.02 Non-Reliance on Previously Issued Financial Statements or a Related Audit Report or Completed Interim Review During the financial year-end close process of Tupperware Brands Corporation (the &#8220;Co
1464790,2023-03-16,0001213900-23-020405,ea175261-8k_brileyfinan.htm,keep,"pursuant to Section 13(a) of the Exchange Act. &#9744; &#160; &#160; &#160; &#160; &#160; Item 4.02 Non-Reliance on Previously Issued Financial Statements or a Related Audit Report or Completed Interim Review &#160; On March 15, 2023, management and the Audit Committee of the Board of Directors of B"
924805,2023-03-17,0000924805-23-000034,frhc-20230314.htm,keep,"cial accounting standards provided pursuant to Section 13(a) of the Exchange Act. &#9744; Item 4.02 Non-Reliance on Previously Issued Financial Statements or a Related Audit Report or Completed Interim Review. On March 14, 2023, the Audit Committee (&#8220;Audit Committee&#8221;) of the Board of Dir"
1805833,2023-03-17,0001805833-23-000022,sst-20230315.htm,keep,"cial accounting standards provided pursuant to Section 13(a) of the Exchange Act. &#9744; Item 4.02 Non-Reliance On Previously Issued Financial Statements Or A Related Audit Report Or Completed Interim Review On March 15, 2023, in connection with the continuing assessment and preparation of System1,"
1813914,2023-03-17,0000950170-23-008561,cmax-20230315.htm,keep,g standards provided pursuant to Section 13(a) of the Exchange Act. &#9744; &#160; &#160; Item 4.02 Non-Reliance on Previously Issued Financial Statements or a Related Audit Report or Completed Interim Review. &#160; In connection with the preparation of its Annual Report on Form 10-K for the fiscal
1815632,2023-03-17,0001654954-23-003134,tgcb_8k.htm,keep,"ursuant to Section 13(a) of the Exchange Act. &#9744; &#160; &#160; &#160; &#160; &#160; Item 4.02. Non-Reliance on Previously Issued Financial Statements or a Related Audit Report or Completed Interim Review. &#160; Amended and Restated Form 10-Q for the Three Months Ended September 30, 2022 &#160;"
1124804,2023-03-22,0000950170-23-009164,mdrx-20230320.htm,keep,"ice received from Nasdaq. A copy of the press release is attached hereto as Exhibit 99.1. Item 4.02 Non-Reliance on Previously Issued Financial Statements or a Related Audit Report or Completed Interim Review. On March 22, 2023, the Company&#x2019;s Board of Directors (the &#x201c; Board &#x201d;), "
1476963,2023-03-23,0001558370-23-004449,nhwk-20230317x8k.htm,keep,"60;13(a)&#160;of the Exchange Act.&#160;&#160; &#9744; &#8203; &#8203; &#8203; Item&#160;4.02 &#160;Non-Reliance on Previously Issued Financial Statements or a Related Audit Report or Completed Interim Review. On March 17, 2023, the Audit Committee (the &#8220;Audit Committee&#8221;) of the Board of"
1829322,2023-03-23,0001213900-23-022496,ea175684-8k_sizzleacq.htm,keep,"to Section 13(a) of the Exchange Act. &#9744; &#160; &#160; &#160; &#160; &#160; &#160; Item 4.02. Non-Reliance on Previously Issued Financial Statements or a Related Audit Report or Completed Interim Review. &#160;&#160; On March 22, 2023, the management of Sizzle Acquisition Corp., a Delaware corp"
1347652,2023-03-24,0001347652-23-000029,corr-20230303.htm,keep,"cial accounting standards provided pursuant to Section 13(a) of the Exchange Act. &#9744; Item 4.02 Non-Reliance on Previously Issued Financial Statements or a Related Audit Report or Completed Interim Review. As previously disclosed, on March 3, 2023, the Audit Committee of the Board of Directors o"
1801661,2023-03-24,0001628280-23-009167,sklz-20230321.htm,keep,"ial accounting standards provided pursuant to Section 13(a) of the Exchange Act. &#9744; Item 4.02. Non-Reliance on Previously Issued Financial Statements or a Related Audit Report or Completed Interim Review. On March 21, 2023, the Audit Committee of the Board of Directors (the &#8220;Board&#8221;)"
1819253,2023-03-24,0001193125-23-079227,d475596d8k.htm,keep,"to Section&#160;13(a) of the Exchange Act.&#160;&#160; &#9744; &#160; &#160; &#160; Item&#160;4.02. Non-Reliance on Previously Issued Financial Statements or a Related Audit Report or Completed Interim Review. (a) On March&#160;24, 2023, the audit committee of the board of directors (the &#8220;Audi"
1858327,2023-03-24,0001193125-23-078834,d456314d8k.htm,keep,".50 per share &#160; DMYS WS &#160; The New York Stock Exchange &#160; &#160; &#160; Item&#160;4.02 Non-Reliance on Previously Issued Financial Statements or a Related Audit Report or Completed Interim Review. dMY Technology Group, Inc. VI (the &#8220;Company&#8221; or &#8220;dMY VI&#8221;) had prev"
59558,2023-03-27,0001193125-23-080586,d421416d8k.htm,keep,"Current Report on Form 8-K do not affect our previously communicated 2023 outlook. Item&#160;4.02. Non-Reliance on Previously Issued Financial Statements or a Related Audit Report or Completed Interim Review. As previously disclosed, The Lincoln National Life Insurance Company (&#8220;LNL&#8221;), a"
726865,2023-03-27,0001193125-23-080609,d463711d8k.htm,keep,"to Section&#160;13(a) of the Exchange Act.&#160;&#160;&#9744; &#160; &#160; &#160; Item&#160;4.02. Non-Reliance on Previously Issued Financial Statements or a Related Audit Report or Completed Interim Review. As previously disclosed, The Lincoln National Life Insurance Company (the &#8220;Company&#8"
1836875,2023-03-28,0001836875-23-000036,nvve-20230324.htm,keep,to Section 13(a) of the Exchange Act.&#160;&#160;&#160;&#160;&#160;&#160;&#160;&#160; o Item 4.02. Non-Reliance on Previously Issued Financial Statements or a Related Audit Report or Completed Interim Review. The management of Nuvve Holding Corp (the &#8220;Company&#8221;) has re-evaluated its accou
1083522,2023-03-29,0001437749-23-008379,jsda20230329_8k.htm,keep,"; None &#xa0; &#xa0; &#xa0; &#xa0; Item 4.02 &#xa0;&#xa0;&#xa0;&#xa0;&#xa0;&#xa0;&#xa0;&#xa0;&#xa0; Non-Reliance on Previously Issued Financial Statements or a Related Audit Report or Completed Interim Review. &#xa0; On March 28, 2023, the Audit Committee of the Board of Directors (the &#8220;Audit "
1835856,2023-03-29,0001104659-23-038338,tm2310811d1_8k.htm,keep,#160;13(a)&#160;of the Exchange Act. &#168; &#160; &#160; &#160; &#160; &#160; &#160; Item 4.02(a). Non-Reliance on Previously Issued Financial Statements or a Related Audit Report or Completed Interim Review. &#160; In connection with the preparation of the financial statements of Aurora Acquisitio
1839132,2023-03-29,0001193125-23-082953,d468076d8k.htm,keep,"ed pursuant to Section&#160;13(a) of the Exchange Act. &#9744; &#160; &#160; &#160; Item&#160;4.02. Non-Reliance on Previously Issued Financial Statements or a Related Audit Report or Completed Interim Review In connection with the consummation of the initial public offering of Movella Holdings, Inc"
1210708,2023-03-30,0001210708-23-000032,hson-20230330.htm,keep,rds provided pursuant to Section&#160;13(a)&#160;of the Exchange Act.&#160;&#160;&#9744; Item 4.02. Non-Reliance on Previously Issued Financial Statements or a Related Audit Report or Completed Interim Review. (a)&#160;&#160;&#160;&#160;Correction of Errors in Previously Issued Financial Statements 
1427925,2023-03-30,0001437749-23-008621,acrx20230330_8k.htm,keep,cept as shall be expressly set forth by specific reference in such filing. &#xa0; &#xa0; Item 4.02. Non-Reliance on Previously Issued Financial Statements or a Related Audit Report or Completed Interim Review. &#xa0; In connection with the Company's year-end financial statement close and preparation
1807765,2023-03-30,0001213900-23-024655,ea176101-8k_pmvcon.htm,keep,ards provided pursuant to Section 13(a) of the Exchange Act. &#9744; &#160; &#160; &#160; Item 4.02 Non-Reliance on Previously Issued Financial Statements or a Related Audit Report or Completed Interim Review. &#160; PMV Consumer Acquisition Corp (the &#8220;Company&#8221; or &#8220;PMV&#8221;) had 
1815632,2023-03-30,0001654954-23-003839,tgcb_8ka.htm,keep,"to amend and clarify that (i) the Company determined that the below referenced financial statements should no longer be relied upon on or about March 16, 2023; and (ii) that such determination was made by our Board of Directors, following consultation with the Company's auditor. &#160; Item 4.02. No"
1417663,2023-03-31,0001140361-23-015318,brhc10050692_8k.htm,keep,"cial accounting standards provided pursuant to Section 13(a) of the Exchange Act. &#9744; Item 4.02 Non-Reliance on Previously Issued Financial Statements or a Related Audit Report or Completed Interim Review. On March 28, 2023, the Audit Committee of the Board of Directors (the &#8220;Audit Committ"
1819516,2023-03-31,0001819516-23-000020,up-20221109.htm,keep,"hree months and nine months ended September 30, 2022 (the &#8220;Prior Financial Statements&#8221;) should no longer be relied upon and are expected to be imminently restated by the Company. Item 2.02 Results of Operations and Financial Condition. The Company is filing this Amendment No. 1 to the Or"
1825473,2023-03-31,0001213900-23-024903,ea176139-8k_prospector.htm,spac_warrant_reclassification,warrant reclassification per the 2021 SEC statement
1833214,2023-03-31,0001437749-23-008871,sabs20230330_8k.htm,keep,"ing, except as shall be expressly set forth by specific reference in such filing. &#xa0; Item 4.02. Non-Reliance on Previously Issued Financial Statements or a Related Audit Report or Completed Interim Review. &#xa0; On March 30, 2023, the&#xa0;audit committee (the &#8220;Audit Committee&#8221;) of "
1839990,2023-03-31,0001104659-23-039636,tm2311078d1_8k.htm,keep,pursuant to Section 13(a) of the Exchange Act. &#168; &#160; &#160; &#160; &#160; &#160; Item 4.02. Non-Reliance on Previously Issued Financial Statements or a Related Audit Report or Completed Interim Review. &#160; In connection with the preparation of its financial statements as of and for the ye
1845459,2023-03-31,0001104659-23-040171,tm2311107d1_8k.htm,keep,Section 13(a) of the Exchange Act.&#160;&#160; &#168; &#160; &#160; &#160; &#160; &#160; Item 4.02. Non-Reliance on Previously Issued Financial Statements or a Related Audit Report or Completed Interim Review. &#160; In connection with the preparation of its financial statements as of and for the ye
1847874,2023-03-31,0001193125-23-088143,d482842d8k.htm,spac_share_reclassification,Class A shares reclassified to temporary equity
1855474,2023-03-31,0001213900-23-025426,ea175943-8k_power2.htm,keep,"t to Section 13(a) of the Exchange Act. &#9744; &#160; &#160; &#160; &#160; &#160; &#160; Item 4.02 Non-Reliance on Previously Issued Financial Statements or a Related Audit Report or Completed Interim Review. &#160; On March 27, 2023, in connection with the preparation of year-end financial results"
1517006,2023-04-03,0000950103-23-005282,dp191799_8k.htm,keep,"to Section 13(a) of the Exchange Act. &#9746; &#160; &#160; &#160; &#160; &#160; &#160; Item 4.02. Non-Reliance on Previously Issued Financial Statements or a Related Audit Report or Completed Interim Review. &#160; On March 31, 2023, the Audit Committee of the Board of Directors of Gatos Silver, In"
1840877,2023-04-03,0001104659-23-040830,tm2311246d1_8k.htm,keep,"ection 13(a) of the Exchange Act.&#160; &#168; &#160; &#160; &#160; &#160; &#160; &#160; Item 4.02. Non-Reliance on Previously Issued Financial Statements or a Related Audit Report or Completed Interim Review. &#160; On March&#160;28, 2023, management and the audit committee (the &#8220;Audit Commit"
1837607,2023-04-05,0001104659-23-042255,tm2311853d1_8k.htm,keep,0; PMGMW &#160; The Nasdaq Stock Market LLC &#160; &#160; &#160; &#160; &#160; Item&#160;4.02 &#160;Non-Reliance on Previously Issued Financial Statements or a Related Audit Report or Completed Interim Review. &#160; Priveterra Acquisition Corp. (the &#8220;Company&#8221; or &#8220;Priveterra&#8221;
1838821,2023-04-05,0001140361-23-016524,brhc10050928_8k.htm,keep,"al accounting standards provided pursuant to Section 13(a) of the Exchange Act. &#x2610; Item 4.02. Non-Reliance on Previously Issued Financial Statements or a Related Audit Report or Completed Interim Review. On August 8, 2022, ARYA Sciences Acquisition Corp IV (the &#8220;Company&#8221;) received "
1041657,2023-04-07,0001558370-23-005612,uone-20230403x8k.htm,keep,eliminate the need for the Company to submit a formal plan to regain compliance. &#8203; Item 4.02. Non-Reliance on Previously Issued Financial Statements or a Related Audit Report or Completed Interim Review. In connection with the preparation of its financial statements for the year ended December
1817232,2023-04-07,0001213900-23-028326,ea176698-8k_duneacqui.htm,spac_warrant_reclassification,warrant reclassification per the 2021 SEC statement
1174940,2023-04-10,0001493152-23-011744,form8-k.htm,keep,"to Section 13(a) of the Exchange Act. &#9744; &#160; &#160; &#160; &#160; &#160; &#160; Item 4.02. Non-Reliance on Previously Issued Financial Statements or a Related Audit Report or Completed Interim Review. &#160; On April 4, 2023, the Audit Committee of the Board of Directors of Oragenics, Inc. ("
1852432,2023-04-11,0001140361-23-017819,brhc10051185_8k.htm,keep,"al accounting standards provided pursuant to Section 13(a) of the Exchange Act. &#x2610; Item 4.02. Non-Reliance on Previously Issued Financial Statements or a Related Audit Report or Completed Interim Review. On August 8, 2022, ARYA Sciences Acquisition Corp V (the &#8220;Company&#8221;) received a"
1825962,2023-04-12,0001213900-23-029155,ea176847-8k_quadroacq1.htm,spac_share_reclassification,Class A shares reclassified to temporary equity
1427570,2023-04-13,0001558370-23-005893,rsls-20230407x8k.htm,keep,"pursuant to Section&#160;13(a) of the Exchange Act.&#160; &#9744; &#8203; &#8203; &#8203; Item 4.02 Non-Reliance on Previously Issued Financial Statements or a Related Audit Report or Completed Interim Review. On April 7, 2023, the Board of Directors (the &#8220;Board&#8221;) of ReShape Lifesciences"
896493,2023-04-14,0001214659-23-005420,r4132328k.htm,keep,"ction 13(a) of the Exchange Act.&#160; o &#160; &#160; &#160; &#160; &#160; &#160; &#160; Item 4.02 Non-reliance on Previously Issued Financial Statements or a Related Audit Report or Completed Interim Review &#160; (a) On April 14, 2023, the management of Ault Alliance, Inc. (the &#8220;Company&#82"
1651992,2023-04-14,0001477932-23-002558,asft_8k.htm,keep,"13e-4(c) under the Exchange Act (17&#160; CFR 240.13e-4(c)). &#160; &#160; &#160; &#160; Item 4.02. Non-Reliance on Previously Issued Financial Statements or a Related Audit Report or Completed Interim Review &#160; On April 12, 2023, management of AppSoft Technologies, Inc. (the &#8220;Company&#822"
1802450,2023-04-14,0000950170-23-012923,mspr-20230414.htm,keep,"g standards provided pursuant to Section 13(a) of the Exchange Act. &#9744; &#160; &#160; Item 4.02 Non-reliance on Previously Issued Financial Statements or a Related Audit Report or Completed Interim Review. On April 14, 2023, the Audit Committee of the Board of Directors (the &#x201c;Audit Commit"
87802,2023-04-17,0001654954-23-004850,scnd_8k.htm,keep,"rmer address, if changed since last report) &#160; &#160; &#160; &#160;&#160; Item&#160;4.02 &#160; Non-Reliance on Previously Issued Financial Statements or a Related Audit Report or Completed Interim Review. &#160; &#160; On April 12, 2023, the management of Scientific Industries, Inc. (the ""Compa"
1044378,2023-04-17,0001193125-23-102909,d496456d8k.htm,keep,"t to Section&#160;13(a) of the Exchange Act.&#160;&#160;&#9744; &#160; &#160; &#160; Item&#160;4.02 Non-Reliance on Previously Issued Financial Statements or a Related Audit Report or Completed Interim Review. (a) On April&#160;14, 2023, after discussions with its independent registered public accou"
1800637,2023-04-17,0001213900-23-030258,ea177061-8k_agrify.htm,keep,"standards provided pursuant to Section 13(a) of the Exchange Act. o &#160; &#160; &#160; Item 4.02 Non-Reliance on Previously Issued Financial Statements or a Related Audit Report or Completed Interim Review. &#160; On April 12, 2023, the Audit Committee of the Board of Directors (the &#8220;Audit C"
1907982,2023-04-17,0001140361-23-018682,brhc20051500_8k.htm,keep,"e information set forth under Item 4.02 is incorporated into this Item 2.02 by reference. Item 4.02 Non-Reliance on Previously Issued Financial Statements or a Related Audit Report or Completed Interim Review. On November 10, 2022, D-Wave Quantum Inc. (the &#8220; Company &#8221; or &#8220; D-Wave &"
1820875,2023-04-19,0001104659-23-047256,tm2312921d1_8k.htm,keep,"&#8220;our company&#8221; are CXApp Inc., unless the context otherwise indicates. &#160; Item 4.02. Non-Reliance on Previously Issued Financial Statements or a Related Audit Report or Completed Interim Review. &#160; The Company had recognized a liability upon closing of their initial public offerin"
1907982,2023-04-19,0001140361-23-019191,brhc20051650_8ka.htm,keep,"idated financial statements as of and for the three and nine month periods ended September 30, 2022 should no longer be relied upon due to several errors and approved the filing of an amendment (the "" Amended 10-Q "") of the Company's Quarterly Report on Form 10-Q for the quarterly period ended Septe"
862861,2023-04-21,0000950170-23-013865,jan-20230417.htm,keep,"&#160; &#160; Section 4 &#x2013; Matters Related to Accountants and Financial Statements Item 4.02 Non-Reliance on Previously Issued Financial Statements or a Related Audit Report or Completed Interim Review. &#160; Restatement Background On April 17, 2023, JanOne Inc.&#x2019;s (the &#x201c;Company&"
1865200,2023-05-08,0001104659-23-057165,tm2313844d2_8k.htm,keep,ion&#160;13(a)&#160;of the Exchange Act. &#168; &#160; &#160; &#160; &#160; &#160; &#160; Item 4.02 Non-Reliance on Previously Issued Financial Statements or a Related Audit Report or Completed Interim Review. &#160; In connection with the preparation of Southport Acquisition Corporation's (the &#82
77281,2023-05-10,0001193125-23-139585,d423362d8k.htm,keep,"t to Section&#160;13(a) of the Exchange Act.&#160;&#160;&#9744; &#160; &#160; &#160; Item&#160;4.02 Non-Reliance on Previously Issued Financial Statements or a Related Audit Report or Completed Interim Review. On May&#160;4, 2023, management and the chair of the audit committee of the Board of Trust"
1737927,2023-05-10,0001193125-23-140783,d481837d8k.htm,keep,t to Section&#160;13(a) of the Exchange Act.&#160;&#160;&#9744; &#160; &#160; &#160; Item&#160;4.02 Non-Reliance on Previously Issued Financial Statements or a Related Audit Report or Completed Interim Review. In connection with the preparation of Canopy Growth Corporation's (the &#8220; Company &#8
897723,2023-05-11,0001104659-23-059130,tm2315406d1_8k.htm,keep,"the Exchange Act, regardless of any general incorporation language in such filing. &#160; Item 4.02 NON-RELIANCE ON PREVIOUSLY ISSUED FINANCIAL STATEMENTS OR A RELATED AUDIT REPORT OR COMPLETED INTERIM REVIEW &#160; One of the Company's divisions, which accounts for approximately 3% of the Company's"
1534133,2023-05-12,0001193125-23-143456,d491121d8k.htm,keep,"ed pursuant to Section&#160;13(a) of the Exchange Act. &#9744; &#160; &#160; &#160; Item&#160;4.02. Non-Reliance on Previously Issued Financial Statements or a Related Audit Report or Completed Interim Review. (a)&#160;On May&#160;8, 2023, the Board of Directors (the &#8220;Board&#8221;) of CalciMed"
1832136,2023-05-12,0001104659-23-059793,tm2315487d1_8k.htm,keep,"ion&#160;13(a)&#160;of the Exchange Act. &#168; &#160; &#160; &#160; &#160; &#160; &#160; Item 4.02 Non-Reliance on Previously Issued Financial Statements or a Related Audit Report or Completed Interim Review. &#160; On May 12, 2023, the Osiris Acquisition Corp.'s (the &#8220;Company&#8221;) managem"
1357971,2023-05-15,0000943374-23-000191,form8k_051523.htm,keep,"ccounting standards provided pursuant to Section 13(a) of the Exchange Act. &#9744; Item 4.02&#160; Non-Reliance on Previously Issued Financial Statements or a Related Audit Report or Completed Interim Review &#160; On May 12, 2023, the audit committee of the Board of Directors of Energy Services of"
1635077,2023-05-16,0001683168-23-003477,acon_8k.htm,keep,"information included in Item 4.02 below is incorporated herein by reference. &#160;&#160; Item 4.02 Non-Reliance on Previously Issued Financial Statements or a Related Audit Report or Completed Interim Review. &#160; On May 15, 2023, the Audit Committee, of Aclarion, Inc. (the &#8220;Company&#8221;)"
1852016,2023-05-17,0001193125-23-146770,d824973d8k.htm,keep,"to Section&#160;13(a) of the Exchange Act.&#160;&#160; &#9744; &#160; &#160; &#160; Item&#160;4.02 Non-Reliance on Previously Issued Financial Statements or a Related Audit Report or Completed Interim Review. On May&#160;11, 2023, management of AltEnergy Acquisition Corp. (the &#8220;Company&#8221;)"
1812727,2023-05-18,0001493152-23-018100,form8-k.htm,keep,"t, except as shall be expressly set forth by specific reference in such a filing. &#160; Item 4.02. Non-Reliance on Previously Issued Financial Statements or a Related Audit Report or Completed Interim Review. &#160; On May 12, 2023, the Company determined that the following financial statements sho"
1295514,2023-05-19,0001493152-23-018318,form8-k.htm,keep,"to Section 13(a) of the Exchange Act. &#9744; &#160; &#160; &#160; &#160; &#160; &#160; Item 4.02. Non-Reliance on Previously Issued Financial Statements or a Related Audit Report or Completed Interim Review. &#160; On May 15, 2023, M&K CPAS, PLLC, the Company's independent registered public account"
1512228,2023-05-19,0001539497-23-000974,n2574_x138-8k.htm,keep,"ovided pursuant to Section 13(a) of the Exchange Act. &#9744; &#160; &#160; &#160; &#160; Item 4.02 Non-Reliance on Previously Issued Financial Statements or a Related Audit Report or Completed Interim Review. &#160; On May 19, 2023, the Audit Committee of the Board of Directors (the &#8220;Audit Co"
896493,2023-05-22,0001214659-23-007658,p5192308k.htm,spac_share_reclassification,Class A shares reclassified to temporary equity
1425355,2023-05-22,0001654954-23-006965,mcvt_8k.htm,keep,"ovided pursuant to Section 13(a) of the Exchange Act. &#9744; &#160; &#160; &#160; &#160; Item 4.02 Non-Reliance on Previously Issued Financial Statements or a Related Audit Report or Completed Interim Review. &#160; On May 19, 2023, representatives of Boulay PLLP, the independent registered public "
1848948,2023-05-22,0001213900-23-041707,ea179007-8k_10xcap3.htm,spac_warrant_reclassification,warrant reclassification per the 2021 SEC statement
1861657,2023-05-22,0001493152-23-018422,form8-k.htm,keep,"t to Section 13(a) of the Exchange Act. &#9744; &#160; &#160; &#160; &#160; &#160; &#160; Item 4.02 Non-Reliance on Previously Issued Financial Statements or a Related Audit Report or Completed Interim Review. &#160; On May 17, 2023, Hillstream BioPharma, Inc. (the &#8220;Company&#8221;) after discu"
1864032,2023-05-22,0001214659-23-007662,e5212328k.htm,spac_share_reclassification,Class A shares reclassified to temporary equity
74925,2023-05-23,0000074925-23-000008,relianceonstatements.txt,keep,"8-K 1 relianceonstatements.txt NON-RELIANCE ON 2020-2022 FINANCIAL STATEMENTS UNITED STATES SECURITIES AND EXCHANGE COMMISSION Washington, D.C. 20549 FORM 8-K CURRENT REPORT Pursuant to Section 13 or 15(d) of the Securities and Exchange Act of"
1865697,2023-05-23,0001213900-23-042239,ea179118-8ka1_genesis.htm,keep,"hibit 99.1, which was inadvertently omitted from the prior filing. &#160; 1 &#160; &#160; Item 4.02 Non-Reliance on Previously Issued Financial Statements or a Related Audit Report or Completed Interim Review. &#160; In the course of the audit of Genesis Growth Tech Acquisition Corp.'s (the &#8220; "
1865697,2023-05-23,0001213900-23-042129,ea179092-8k_genesis.htm,keep,pursuant to Section 13(a) of the Exchange Act. &#9744; &#160; &#160; &#160; &#160; &#160; Item 4.02 Non-Reliance on Previously Issued Financial Statements or a Related Audit Report or Completed Interim Review. &#160; In the course of the audit of Genesis Growth Tech Acquisition Corp.'s (the &#8220; 
1865697,2023-05-24,0001213900-23-042752,ea179222-8ka1_genesis.htm,keep,"eceipt of and include Exhibit 16.1, as more fully described below. &#160; 1 &#160; &#160; Item 4.02 Non-Reliance on Previously Issued Financial Statements or a Related Audit Report or Completed Interim Review. &#160; (b) By letter dated May 15, 2023, Citrin Cooperman & Company, LLP (&#8220; Citrin &"
1865697,2023-05-24,0001213900-23-042731,ea179205-8ka1_genesis.htm,keep,"t of and include Exhibit 16.1, as more fully described below. &#160; &#160; &#160; &#160; Item 4.02 Non-Reliance on Previously Issued Financial Statements or a Related Audit Report or Completed Interim Review. &#160; In the course of the audit of Genesis Growth Tech Acquisition Corp.'s (the &#8220; "
1865697,2023-05-24,0001213900-23-042522,ea179158-8k_genesis.htm,keep,"t to Section 13(a) of the Exchange Act. &#9744; &#160; &#160; &#160; &#160; &#160; &#160; Item 4.02 Non-Reliance on Previously Issued Financial Statements or a Related Audit Report or Completed Interim Review. &#160; (b) By letter dated May 15, 2023, Citrin Cooperman & Company, LLP (&#8220; Citrin &"
1408057,2023-05-25,0001477932-23-003977,icct_8k.htm,keep,"ovided pursuant to Section 13(a) of the Exchange Act. &#9744; &#160; &#160; &#160; &#160; Item 4.02 Non-Reliance on Previously Issued Financial Statements or Related Audit Report or Completed Interim Report. &#160; On May 18, 2023, iCoreConnect, Inc.'s (the &#8220;Company&#8221;) &#160;management an"
1849635,2023-05-25,0001193125-23-153219,d513101d8k.htm,keep,"nalize and file the Form 10-Q as soon as possible before July&#160;24, 2023. &#160; Item&#160;4.02. Non-Reliance on Previously Issued Financial Statements. The management of the Company, in consultation with its advisors, identified an error related to the accounting for certain expenses in the prev"
1852707,2023-05-31,0001575872-23-000877,bfyw-20230530.htm,keep,"standards provided pursuant to Section 13(a) of the Exchange Act. &#9744; &#160; Item 4.02 &#8211; Non-Reliance on Previously Issued Financial Statements or a Related Audit Report or Completed Interim Review. &#160; On May 30, 2023, the Board of Directors (the &#8220; Board &#8221;) of Better For Yo"
1101680,2023-06-01,0001101680-23-000048,dzsi-20230531.htm,keep,"financial accounting standards provided pursuant to Section 13(a) of the Exchange Act. o Item 4.02 Non-Reliance on Previously Issued Financial Statements or a Related Audit Report or Completed Interim Review On May 31, 2023, the Audit Committee (the &#8220;Audit Committee&#8221;) of the Board of Dir"
1510518,2023-06-01,0001213900-23-045073,ea179655-8k_genufood.htm,keep,"Section 13(a) of the Exchange Act. &#9744; &#160; &#160; &#160; &#160; &#160; &#160; Item 4.02&#160;Non-Reliance on Previously Issued Financial Statements or a Related Audit Report or Completed Interim Review. &#160; On May 31, 2023, the Board of Directors (the &#8220;Board&#8221;) of Genufood Energ"
1725516,2023-06-01,0001493152-23-019799,form8-k.htm,keep,"controls in an effort to prevent such misstatements from occurring in the future. &#160; Item 4.02 Non-Reliance on Previously Issued Financial Statements or a Related Audit Report or Completed Interim Review. &#160; On March 3, 2023, we filed a Current Report on a First Amended Form 8-K/A, including"
768216,2023-06-02,0001213900-23-045375,ea179577-8k_logicquest.htm,keep,"ection 13(a) of the Exchange Act.&#160; &#9746; &#160; &#160; &#160; &#160; &#160; &#160; Item 4.02 Non-Reliance on Previously Issued Financial Statements or a Related Audit Report or Completed Interim Review. &#160; On May 22, 2023, Logicquest Technology, Inc. (the &#8220;Company&#8221;) filed its "
1842566,2023-06-02,0001213900-23-045725,ea179537-8k_byteacq.htm,spac_warrant_reclassification,warrant reclassification per the 2021 SEC statement
1425355,2023-06-07,0001654954-23-007704,mcvt_8ka.htm,keep,"d pursuant to Section 13(a) of the Exchange Act. &#9744; &#160; &#160; &#160; &#160; Item 4.02&#160;Non-Reliance on Previously Issued Financial Statements or a Related Audit Report or Completed Interim Review. &#160; This Amendment to Current Report on Form 8-K is filed solely to add, as an exhibit,"
50292,2023-06-09,0001174947-23-000850,form8k-30353_ieh.htm,keep,"ards provided pursuant to Section 13(a) of the Exchange Act. &#9744; &#160; &#160; &#160; Item 4.02 Non-Reliance on Previously Issued Financial Statements or a Related Audit Report or Completed Interim Review. &#160; On October 6, 2020, IEH Corporation's (the &#8220;Company&#8221;) management, the A"
1592058,2023-06-09,0000950142-23-001658,eh230368153_8k.htm,keep,to the SEC is filed as Exhibit 16.1 to this Form 8-K. &#160; &#160; &#160; &#160; &#160; Item 4.02 Non-Reliance on Previously Issued Financial Statements or a Related Audit Report or Completed Interim Review &#160; In connection with the Company's assessment of the effectiveness of internal control 
1593549,2023-06-28,0001493152-23-022722,form8-k.htm,keep,"Section 13(a) of the Exchange Act.&#160;&#9744; &#160; &#160; &#160; &#160; &#160; &#160; Item 4.02 Non-Reliance on Previously Issued Financial Statements or a Related Audit Report or Completed Interim Review. &#160; On June 22, 2023, the Board of Directors of Livento Group, Inc., a Nevada corporati"
1788717,2023-07-07,0001788717-23-000039,f45-20230630.htm,keep,"re attached hereto as Exhibit 10.1 and Exhibit 10.2 and incorporated herein by reference. Item 4.02 Non-Reliance on Previously Issued Financial Statements or a Related Audit Report or Completed Interim Review. On July 5, 2023, the Audit Committee of the Board of Directors (the &#8220;Audit Committee"
1703056,2023-07-10,0001703056-23-000140,adt-20230703.htm,keep,"t&#8221; and &#8220;Controls and Procedures,&#8221; are incorporated herein by reference. Item 4.02 Non-Reliance on Previously Issued Financial Statements or a Related Audit Report or Completed Interim Review. (a) In connection with the preparation of our second quarter 2023 condensed consolidated f"
1805521,2023-07-11,0001213900-23-056255,ea181642-8k_faraday.htm,keep,"pursuant to Section 13(a) of the Exchange Act. &#9744; &#160; &#160; &#160; &#160; &#160; Item 4.02 Non-Reliance On Previously Issued Financial Statements Or A Related Audit Report Or Completed Interim Review. &#160; On July 11, 2023, Faraday Future Intelligent Electric Inc. (the &#8220;Company&#822"
1817232,2023-07-14,0001213900-23-056938,ea181809-8k_duneacq.htm,keep,pursuant to Section 13(a) of the Exchange Act. &#9744; &#160; &#160; &#160; &#160; &#160; Item 4.02 Non-Reliance on Previously Issued Financial Statements or a Related Audit Report or Completed Interim Review. &#160; The management of Dune Acquisition Corporation (the &#8220;Company&#8221;) has conc
1109486,2023-07-20,0001493152-23-025015,form8-k.htm,keep,"; &#160; Section 4 &#8211; Matters Related to Accountants and Financial Statements &#160; Item 4.02 Non-Reliance on Previously Issued Financial Statements or a Related Audit Report or Completed Interim Review. &#160; Restatement Background &#160; On June 9, 2023, Endexx Corporation's (the &#8220;Com"
1730984,2023-07-21,0001558370-23-012077,bcml-20230718x8k.htm,keep,"to Section&#160;13(a) of the Exchange Act.&#160; &#9744; &#8203; &#8203; &#8203; &#8203; Item 4.02. Non-Reliance on Previously Issued Financial Statements or a Related Audit Report or Completed Interim Review. &#8203; On July 18, 2023, the audit committee of the board of directors of BayCom Corp (th"
88948,2023-07-25,0001437749-23-020617,senea20230718_8k.htm,keep,"d pursuant to Section 13(a) of the Exchange Act.&#xa0;&#9744; &#xa0; &#xa0; &#xa0; &#xa0; Item 4.02 Non-Reliance on Previously Issued Financial Statements or a Related Audit Report or Completed Interim Review. &#xa0; On July 19, 2023, the Audit Committee of Seneca Foods Corporation (the &#8220;Compa"
1810140,2023-07-31,0001213900-23-061363,ea182620-8k_polished.htm,keep,"to Section 13(a) of the Exchange Act. &#9744; &#160; &#160; &#160; &#160; &#160; &#160; Item 4.02. Non-Reliance On Previously Issued Financial Statements Or A Related Audit Report Or Completed Interim Review. &#160; On July 31, 2023, Polished.com Inc. (formerly known as 1847 Goedeker Inc.) (the &#82"
1861795,2023-08-01,0000950170-23-036178,dh-20230727.htm,keep,"pated events that may occur, including in connection with the implementation of the Plan. Item 4.02 Non-Reliance on Previously Issued Financial Statements or a Related Audit Report or Completed Interim Review. On July 31, 2023, the Audit Committee of the Board of Directors of the Company (the &#x201"
1582961,2023-08-03,0001582961-23-000028,docn-20230728.htm,keep,"hange Act, except as shall be expressly set forth by specific reference in such a filing. Item 4.02 Non-Reliance on Previously Issued Financial Statements or a Related Audit Report or Completed Interim Review. On July 28, 2023, the Audit Committee (the &#8220;Audit Committee&#8221;) of the Board of "
1862935,2023-08-04,0001493152-23-026775,form8-k.htm,keep,"t to Section 13(a) of the Exchange Act. &#9744; &#160; &#160; &#160; &#160; &#160; &#160; Item 4.02 Non-Reliance on Previously Issued Financial Statements or a Related Audit Report or Completed Interim Review. &#160; On August 4, 2023, the audit committee of the board of directors of INFINT Acquisit"
1083446,2023-08-07,0001104659-23-088394,tm2323017d1_8k.htm,keep,"of the Exchange Act.&#160; &#168; &#160; &#160; &#160; &#160; &#160; &#160; &#160; &#160; Item 4.02 Non-Reliance on Previously Issued Financial Statements or a Related Audit Report or Completed Interim Review. &#160; Restatement of Historical Financial Results &#160; On August 4, 2023, the Audit Com"
1858028,2023-08-07,0001493152-23-026959,form8-k.htm,keep,"to Section 13(a) of the Exchange Act. &#9744; &#160; &#160; &#160; &#160; &#160; &#160; Item 4.02. Non-Reliance on Previously Issued Financial Statements or a Related Audit Report or Completed Interim Review. &#160; On June 19, 2023, MaloneBailey, LLP (&#8220; MaloneBailey &#8221;), the independent "
1133311,2023-08-08,0001133311-23-000030,tzoo-20230802.htm,keep,3(a) of the Exchange Act &#9744; &#160; Item 4.02.&#160;&#160;&#160;&#160; &#160;&#160;&#160;&#160; Non-Reliance on Previously Issued Financial Statements or a Related Audit Report or Completed Interim Review. In connection with the preparation of the financial statements of Travelzoo (the &#8220;Co
1507605,2023-08-08,0001493152-23-027172,form8-k.htm,keep,"ck &#160; MARA &#160; The Nasdaq Capital Market &#160; &#160; &#160; &#160; &#160; &#160; Item 4.02 Non-reliance on Previously Issued Financial Statements or a Related Audit Report or Completed Interim Review. &#160; On July 12, 2023, Marathon Digital Holdings, Inc. (the &#8220;Company&#8221;) recei"
1857853,2023-08-08,0001857853-23-000087,tra-20230802.htm,keep,"expressly set forth by specific reference in such a filing. Item&#160;4.02. &#160;&#160;&#160;&#160;Non-Reliance on Previously Issued Financial Statements or a Related Audit Report or Completed Interim Review On August 7, 2023, the Audit Committee, after considering the recommendations of management"
1921963,2023-08-08,0001921963-23-000008,formxnonxrelianceonpreviou.htm,keep,"information set forth under Item 4.02 is incorporated into this Item 2.02 by reference. ITEM 4.02. Non-Reliance on Previously Filed Financial Statements or a Related Audit Report or Completed Interim Review. On August 3, 2023, the Audit Committee of the Board of Directors of Atmus Filtration Technol"
1767042,2023-08-09,0001193125-23-207474,d876674d8k.htm,keep,"provided pursuant to Section 13(a) of the Exchange Act. &#9744; &#160; &#160; &#160; Item&#160;4.02 Non-reliance on Previously Issued Financial Statements or a Related Audit Report or Completed Interim Review. On August&#160;8, 2023, the audit committee of the Board of Directors (the &#8220;Audit Co"
926282,2023-08-10,0001193125-23-209039,d515304d8k.htm,keep,"ction 13(a) of the Exchange Act. &#9744; &#160; &#160; &#160; Item&#160;4.02&#160;&#160;&#160;&#160;Non-Reliance on Previously Issued Financial Statements or a Related Audit Report or Completed Interim Review. Subsequent to ADTRAN Holdings, Inc.'s (the &#8220;Company&#8221;) second fiscal quarter ea"
1822912,2023-08-11,0001213900-23-066309,ea183325-8k_26capital.htm,keep,"nt to Section 13(a) of the Exchange Act. &#9744; &#160; &#160; &#160; &#160; &#160; Item&#160;4.02. Non-Reliance&#160;on Previously Issued Financial Statements. &#160; The management of 26 Capital Acquisition Corp. (the &#8220;Company&#8221;), in consultation with its advisors, identified an account"
1499785,2023-08-14,0001213900-23-067084,ea183436-8k_tengjun.htm,keep,"e on which registered N/A &#160; N/A &#160; N/A &#160; &#160; &#160; &#160; &#160; &#160; Item 4.02 Non-reliance on Previously Issued Financial Statements or a Related Audit Report or Completed Interim Review. &#160; On August 10, 2023, the Company's Board of Directors (the &#8220;Board&#8221;) conc"
1858028,2023-08-14,0001493152-23-028391,form8-ka.htm,keep,"e Company's Annual Report on Form 10-K, filed with the SEC on March 31, 2023 should be restated and should no longer be relied upon and (b) include Exhibit 7.1, correspondence from&#160; MaloneBailey regarding the non-reliance on previously issued financial statements. &#160; Item 4.02. Non-Reliance"
74925,2023-08-15,0000074925-23-000009,relianceonstatements2.txt,keep,ed financial accounting standards provided pursuant to Section 13(a) of the Exchange Act. Item 4.02 Non-Reliance on Previously Issued Financial Statements or a Related Audited Report or Completed Interim Review. Original Sixteen to One Mine Incorporated (the Company) again discloses that as of Augus
1853825,2023-08-15,0001493152-23-029018,form8-k.htm,keep,"ered pursuant to Section 12(b) of the Act: None &#160; &#160; &#160; &#160; &#160; &#160; Item 4.02 Non-Reliance on Previously Issued Financial Statements or a Related Audit Report or Completed Interim Review. &#160; On August 9, 2023, the Board of Directors (the &#8220;Board&#8221;) of Thumzup Medi"
1701758,2023-08-16,0001628280-23-029668,love-20230815.htm,keep,"4.02 of this Current Report on Form 8-K is incorporated by reference into this Item 2.02. Item 4.02 Non-Reliance on Previously Issued Financial Statements or a Related Audit Report or Completed Interim Review. In June 2023, the Audit Committee (the &#8220;Audit Committee&#8221;) of the Board of Dire"
1849820,2023-08-16,0001213900-23-067988,ea183556-8k_nauticus.htm,keep,"tion 13(a) of the Exchange Act. &#9744; &#160; &#160; &#160; &#160; &#160; &#160; &#160; Item 4.02. Non-Reliance on Previously Issued Financial Statements or a Related Audit Report or Completed Interim Review. &#160; (a) &#160; On August 10, 2023, Nauticus Robotics, Inc. (the &#8220;Company&#8221;) "
1835972,2023-08-17,0001213900-23-068585,ea183737-8k_arrowroot.htm,keep,"pursuant to Section 13(a) of the Exchange Act. &#9744; &#160; &#160; &#160; &#160; Item&#160;4.02. Non-Reliance&#160;on Previously Issued Financial Statements. &#160; The management of Arrowroot Acquisition Corp. (the &#8220;Company&#8221;), in consultation with its advisors, identified an accountin"
1841125,2023-08-17,0001213900-23-068314,ea183771-8k_golden.htm,keep,(a)&#160;of the Exchange Act.&#160;&#160;&#9744; &#160; &#160; &#160; &#160; &#160; Item&#160;4.02. Non-Reliance&#160;on Previously Issued Financial Statements or a Related Audit Report or Completed Interim Review. &#160; In connection with the preparation of the condensed financial statements of Go
69633,2023-08-18,0001558370-23-015099,nssc-20230814x8k.htm,keep,"ent are qualified in their entirety by this cautionary statement. Item&#160;4.02. &#160;&#160;&#160;NON-RELIANCE ON PREVIOUSLY ISSUED FINANCIAL STATEMENTS OR A RELATED AUDIT REPORT OR COMPLETED INTERIM REVIEW. On August 14, 2023, the Audit Committee of the Board of Directors of the Company, conclude"
1912582,2023-08-18,0001213900-23-068871,ea183856-8k_feutune.htm,keep,to Section 13(a) of the Exchange Act. &#9744; &#160; &#160; &#160; &#160; &#160; &#160; Item 4.02. Non-Reliance on Previously Issued Financial Statements or a Related Audit Report or Completed Interim Review. &#160; Feutune Light Acquisition Corporation (the &#8220;Company&#8221;) recently re-evalua
1109486,2023-08-21,0001493152-23-029547,form8-k.htm,keep,"; &#160; Section 4 &#8211; Matters Related to Accountants and Financial Statements &#160; Item 4.02 Non-Reliance on Previously Issued Financial Statements or a Related Audit Report or Completed Interim Review. &#160; Restatement Background &#160; On August 15, 2023, Endexx Corporation's (the &#8220;"
1401521,2023-08-21,0001401521-23-000110,uihc-20230821.htm,keep,cial accounting standards provided pursuant to Section 13(a) of the Exchange Act. &#9744; Item 4.02 Non-Reliance on Previously Issued Financial Statements or a Related Audit Report or Completed Interim Review. The Company has identified certain errors related to the reporting of discontinued operati
1853070,2023-08-23,0001140361-23-040998,brhc20057920_8k.htm,keep,"al accounting standards provided pursuant to Section 13(a) of the Exchange Act. &#x2610; Item 4.02. Non-Reliance on Previously Issued Financial Statements or a Related Audit Report or Completed Interim Review. On August 17, 2023, in connection with the preparation of the financial statements of PROO"
1845123,2023-08-24,0001193125-23-219317,d509757d8k.htm,spac_warrant_reclassification,warrant reclassification per the 2021 SEC statement
1679379,2023-09-01,0001213900-23-073118,ea184557-8k_nyiaxinc.htm,keep,"&#160; Section 4 &#8211; Matters Related to Accountants and Financial Statements &#160; Item 4.02. Non-Reliance on Previously Issued Financial Statements or Related Audit Report or Completed Interim Report &#160; The Company has re-evaluated its application of ASC 230, Statement of Cash Flows to the"
1835972,2023-09-01,0001213900-23-073258,ea184624-8ka1_arrow.htm,keep,"to describe the accounting error the Company, in consultation with its advisors, identified in the previously issued financial statements as of and for the quarterly period ended March 31, 2023 and the effect of the accounting error on the Company's financial statements. &#160; 1 &#160; &#160; Item "
1499785,2023-09-05,0001213900-23-073763,ea184679-8ka1_tengjun.htm,keep,"e on which registered N/A &#160; N/A &#160; N/A &#160; &#160; &#160; &#160; &#160; &#160; Item 4.02 Non-reliance on Previously Issued Financial Statements or a Related Audit Report or Completed Interim Review. &#160; On August 10, 2023, Tengjun Biotechnology Corp. (the &#8220;Company&#8221;) announc"
1612630,2023-09-06,0001171843-23-005590,f8k_090623.htm,keep,"the Exchange Act, except as expressly set forth by specific reference in such a filing. Item 4.02. Non-Reliance on Previously Issued Financial Statements or a Related Audit Report or Completed Interim Review. (a)&#160;&#160;&#160;&#160;&#160;&#160;&#160; On August 30, 2023, the Chief Financial Offic"
1756180,2023-09-06,0001683168-23-006303,nocera_8k.htm,keep,f the Exchange Act.&#160; &#9723; &#160; &#160; &#160; &#160; &#160; &#160; &#160; &#160; Item 4.02 Non-Reliance on Previously Issued Financial Statements or a Related Audit Report or Completed Interim Report &#160; The staff of the Division of Corporation Finance of the Securities and Exchange Comm
1938338,2023-09-07,0001477932-23-006722,global_8ka.htm,keep,"&#160; &#160; SECTION 4 - MATTERS RELATED TO ACCOUNTANTS AND FINANCIAL STATEMENTS &#160; Item 4.02 Non-Reliance on Previously Issued Financial Statements or a Related Audit Report or Completed Interim Review. &#160; On August 31, 2023, the board of directors of GlobalTech Corporation (the ""Company"")"
1938338,2023-09-07,0001477932-23-006669,global_8k.htm,keep,";&#160; &#160; SECTION 4 - MATTERS RELATED TO ACCOUNTANTS AND FINANCIAL STATEMENTS &#160; Item 4.02 Non-Reliance on Previously Issued Financial Statements or a Related Audit Report or Completed Interim Review. &#160; On August 31, 2023, the board of directors of GlobalTech Corporation (the ""Company"""
1692951,2023-09-08,0001692951-23-000153,cci-20230901.htm,keep,"accounting standards provided pursuant to Section&#160;13(a) of the Exchange Act. &#9746; Item 4.02 Non-Reliance on Previously Issued Financial Statements or a Related Audit Report or Completed Interim Review. On September 1, 2023, the audit committee of the board of directors of Cottonwood Communit"
1822912,2023-09-14,0001213900-23-076733,ea185093-8ka1_26capital.htm,keep,"to describe the accounting error the Company, in consultation with its advisors, identified in the previously issued financial statements as of and for the quarterly period ended March 31, 2023 and the effect of the accounting error on the Company's financial statements . &#160; &#160; &#160; &#160;"
1612630,2023-09-15,0001171843-23-005715,f8ka_091523.htm,keep,ards provided pursuant to Section 13(a) of the Exchange Act. &#9744; &#160; &#160; &#160; Item 4.02 Non-Reliance on Previously Issued Financial Statements or a Related Audit Report or Completed Interim Review. &#160; The Joint Corp. (the &#8220;Company&#8221;) is filing this amendment to its Current
1948455,2023-09-15,0001213900-23-077092,ea185327-8k_ispiretech.htm,keep,Section 13(a) of the Exchange Act. &#9744; &#160; &#160; &#160; &#160; &#160;&#160; Item&#160;4.02. Non-Reliance&#160;on Previously Issued Financial Statements or a Related Audit Report or Completed Interim Review. &#160;&#160; In process of their audit of the financial statements of Ispire Technolo
1948455,2023-09-19,0001213900-23-077429,ea185363-8ka1_ispiretech.htm,keep,"to Section 13(a) of the Exchange Act. &#9744; &#160; &#160; &#160; &#160; &#160; &#160; Item 4.02. Non-Reliance&#160;on Previously Issued Financial Statements or a Related Audit Report or Completed Interim Review. &#160; On September 15, 2023, Ispire Technology Inc. (the &#8220;Company&#8221;) filed"
1835385,2023-09-20,0000943374-23-000391,form8k_091923.htm,keep,"rovided pursuant to Section 13(a) of the Exchange Act. &#x2610; I tem 4. 02 &#160; Non-Reli ance on Previously Issued Financial Statements or a Related Audit Report or Completed Interim Review (a) &#160; On September 19, 2023, the audit committee of the Board of Directors of Marathon Bancorp, Inc. ("
1499785,2023-09-21,0001213900-23-078373,ea185571-8ka2_tengjun.htm,keep,e on which registered N/A &#160; N/A &#160; N/A &#160; &#160; &#160; &#160; &#160; &#160; Item 4.02 Non-reliance on Previously Issued Financial Statements or a Related Audit Report or Completed Interim Review. &#160; Tengjun Biotechnology Corp. (the &#8220;Company&#8221;) is filing this amendment to
1938338,2023-09-21,0001477932-23-006985,global_8ka.htm,keep,"&#160; &#160; SECTION 4 - MATTERS RELATED TO ACCOUNTANTS AND FINANCIAL STATEMENTS &#160; Item 4.02 Non-Reliance on Previously Issued Financial Statements or a Related Audit Report or Completed Interim Review. &#160; On September 15, 2023, the board of directors of GlobalTech Corporation (the ""Compan"
1009759,2023-09-22,0001558370-23-015948,cgrn-20230919x8k.htm,keep,"Item 1.01 of this Current Report on Form 8-K is incorporated herein by reference. &#160; Item 4.02 Non-Reliance on Previously Issued Financial Statements or a Related Audit Report or Completed Interim Review On September 19, 2023, the Audit Committee (the &#8220;Audit Committee&#8221;) of the Board "
1729750,2023-09-25,0001140361-23-045117,ef20011231_8k.htm,keep,"on management's representations or be associated with the Company's financial statements. Item 4.02 Non-reliance on Previously Issued Financial Statements or a Related Audit Report or Completed Interim Review. &#160; On September 20, 2023, as a result of the two letters received from Marcum, the Boa"
1834045,2023-09-27,0000950170-23-050175,vwe-20230925.htm,keep,"Securities Act&#34;), except as expressly set forth by specific reference in such filing. Item 4.02 Non-Reliance on Previously Issued Financial Statements or a Related Audit Report or Completed Interim Review On September 25, 2023, the Audit Committee (the &#x201c;Audit Committee&#x201d;) of the Boa"
788920,2023-09-28,0001079973-23-001329,pdex_8k.htm,keep,"Section 13(a) of the Exchange Act.&#160; &#9744; &#160; &#160; &#160; &#160; &#160; Item&#160;4.02 Non-Reliance on Previously Issued Financial Statement or a related Audit Report or Completed Interim Review. &#160; On September 27, 2023, Pro-Dex, Inc.'s (the &#8220;Company&#8221;) management and Aud"
1121795,2023-10-04,0001553350-23-000439,ghst_8k.htm,keep,"t to Section 13(a) of the Exchange Act. &#9744; &#160; &#160; &#160; &#160; &#160; Item 4.02 &#160; Non-Reliance on Previously Issued Financial Statements or a Related Audit Report or Completed Interim Review. &#160; On September 28, 2023, the Board of Directors (the &#8220;Board&#8221;) of GHST Wor"
1826671,2023-10-05,0001013762-23-002164,ea186362-8k_nearintell.htm,keep,"ovided pursuant to Section 13(a) of the Exchange Act. &#9744; &#160; &#160; &#160; &#160; Item 4.02 Non-Reliance on Previously Issued Financial Statements or a Related Audit Report or Completed Interim Review. &#160; On October 1, 2023, the Board of Directors (the &#8220; Board &#8221;) of Near Inte"
1121795,2023-10-10,0001553350-23-000441,ghst_8k.htm,keep,"d in certain of the Company's Quarterly Reports on Form 10-Q (each, a &#8220;Form 10-Q&#8221;) that should no longer be relied upon due to material adjustments resulting from a re-audit of the Company's financial statements for the fiscal year ended June 30, 2022, as described in the Form 8-K as ame"
1823587,2023-10-10,0001437749-23-027984,ysac20231009_8k.htm,keep,"ursuant to Section 13(a) of the Exchange Act. &#9744; &#xa0; &#xa0; &#xa0; &#xa0; &#xa0; Item 4.02. Non-Reliance on Previously Issued Financial Statements or a Related Audit Report or Completed Interim Review. &#xa0; On October 10, 2023, management and the audit committee (the &#8220;Audit Committee"
1841610,2023-10-10,0001140361-23-047605,ef20012098_8k.htm,keep,"ial accounting standards provided pursuant to Section 13(a) of the Exchange Act. &#x2610; Item 4.02 Non-Reliance on Previously Issued Financial Statements. The management of Ross Acquisition Corp II (the &#8220;Company&#8221;), in consultation with its advisors, identified an accounting error in the"
1849635,2023-10-12,0001193125-23-254272,d567284d8k.htm,keep,"uant to Section&#160;13(a) of the Exchange Act.&#8194; &#9744; &#160; &#160; &#160; Item&#8201;4.02 Non-Reliance on Previously Issued Financial Statements or a Related Audit Report or Completed Interim Review. As previously reported on May&#160;18, 2023, Digital World Acquisition Corp.'s (the &#8220"
926617,2023-10-13,0000926617-23-000083,awh-20231013x8k.htm,keep,"ncial accounting standards provided pursuant to Section 13(a) of the Exchange Act. &#168; Item 4.02 Non-Reliance on Previously Issued Financial Statements or a Related Audit Report or Completed Interim Review On&#160;October 13, 2023, the Audit Committee of the Board of Directors (the &#8220;Audit C"
1844793,2023-10-13,0001096906-23-001978,yohe-20231012.htm,keep,"n Which Registered Common Stock, $.0001 par value per share &#160;&#160; N/A &#160; Item 4.02 &#160;Non-Reliance on Previously Issued Financial Statements or a Related Audit Report or Completed Interim Review. &#160; On May 1, 2023, the Company's accounting staff notified management that they had co"
1141197,2023-10-16,0001654954-23-012930,ped_8k.htm,keep,"vided pursuant to Section 13(a) of the Exchange Act. &#9744; &#160; &#160; &#160; &#160; Item 4.02. Non-Reliance on Previously Issued Financial Statements or a Related Audit Report or Completed Interim Review. &#160; On October 13, 2023, the Audit Committee (the &#8220; Audit Committee &#8221;) of t"
1849635,2023-10-16,0001193125-23-256989,d473914d8k.htm,keep,"uant to Section&#160;13(a) of the Exchange Act.&#8194; &#9744; &#160; &#160; &#160; Item&#8201;4.02 Non-Reliance on Previously Issued Financial Statements or a Related Audit Report or Completed Interim Review. On October&#160;13, 2023, Digital World Acquisition Corp.'s (the &#8220; Company &#8221;) "
895665,2023-10-17,0001493152-23-037501,form8-k.htm,keep,"t to Section 13(a) of the Exchange Act. &#9744; &#160; &#160; &#160; &#160; &#160; &#160; Item 4.02 Non-Reliance on Previously Issued Financial Statements or a Related Audit Report or Completed Interim Review. &#160; On October 12, 2023, the Board of Directors (the &#8220;Board&#8221;) of Clearday, "
1844793,2023-10-18,0001096906-23-002018,yohe-20231012.htm,keep,"n Which Registered Common Stock, $.0001 par value per share &#160;&#160; N/A &#160; Item 4.02 &#160;Non-Reliance on Previously Issued Financial Statements or a Related Audit Report or Completed Interim Review. &#160; We are amending our October 13, 2023 8-K filing to disclose that with respect to er"
867773,2023-10-24,0000867773-23-000089,spwr-20231018.htm,keep,"ial accounting standards provided pursuant to Section 13(a) of the Exchange Act. &#9744; Item 4.02. Non-Reliance on Previously Issued Financial Statements or a Related Audit Report or Completed Interim Reviews. On October 19, 2023, the Audit Committee (the &#8220;Audit Committee&#8221;) of the Board"
1805385,2023-10-25,0001628280-23-035145,nhic-20231023.htm,keep,"ccounting standards provided pursuant to Section 13(a) of the Exchange Act.&#160; &#9744; Item 4.02 Non-Reliance on Previously Issued Financial Statements or a Related Audit Report or Completed Interim Review. On October 23, 2023, the audit committee (the ""Audit Committee"") of the board of directors"
1098146,2023-10-30,0001628280-23-035514,pnbk-20231025.htm,keep,"standards provided pursuant to Section 13(a) of the Exchange Act. &#9744; &#160; &#160; Item 4.02. Non-Reliance on Previously Issued Financial Statements or a Related Audit Report or Completed Interim Review. On October 25, 2023, the Audit Committee (the &#8220;Audit Committee&#8221;) of the Board o"
842717,2023-10-31,0000950170-23-056900,brbs-20231030.htm,keep,"standards provided pursuant to Section 13(a) of the Exchange Act. &#9744; &#160; &#160; Item 4.02. Non-Reliance on Previously Issued Financial Statements or a Related Audit Report or Completed Interim Review. &#160; On October 30, 2023, management of Blue Ridge Bankshares, Inc. (the &#x201c;Company&"
1005286,2023-10-31,0001005286-23-000118,lndc-20231030.htm,keep,"unting standards provided pursuant to Section 13(a) of the Exchange Act. &#160; &#9744; 1 Item 4.02 Non-Reliance on Previously Issued Financial Statements or a Related Audit Report or Completed Interim Review. On October 30, 2023, the Audit Committee (the &#8220;Audit Committee&#8221;) of the Board "
1412502,2023-11-01,0001558370-23-017185,sret-20231026x8k.htm,keep,"hange Act. &#9744; &#8203; &#8203; &#8203; Explanatory Note Item&#160;4.02. &#160;&#160;&#160;&#160;Non-Reliance on Previously Issued Financial Statements or a Related Audit Report or Completed Interim Review On October&#160;26, 2023, after discussions with its independent registered public accounti"
1434740,2023-11-01,0001477932-23-008015,rngr_8k.htm,keep,"Rule 13e-4(c) under the Exchange Act (17 CFR 240.13e-4(c)). &#160; &#160; &#160; &#160; Item 4.02. Non-Reliance on Previously Issued Financial Statements or a Related Audit Report or Completed Interim Review &#160; On October 29, 2023, the board of directors, which functions as the registrant's audi"
1552800,2023-11-03,0001104659-23-114301,tm2329822-1_8k.htm,keep,"0;of the Exchange Act.&#160;&#160;&#160; &#168; &#160; &#160; &#160; &#160; &#160; &#160; Item 4.02 Non-Reliance on Previously Issued Financial Statements or a Related Audit Report or Completed Interim Review.&#160; &#160; Restatement of Historical Financial Results &#160; On November 3, 2023, the A"
1615063,2023-11-08,0001493152-23-039952,form8-k.htm,keep,t to Section 13(a) of the Exchange Act. &#9744; &#160; &#160; &#160; &#160; &#160; &#160; Item 4.02 Non-Reliance on Previously Issued Financial Statements or a Related Audit Report or Completed Interim Review &#160; In connection with the preparation of the financial statements of Inspired Entertain
1620459,2023-11-08,0001620459-23-000124,jrvr-20231107.htm,keep,"s Act of 1933, as amended, or the Exchange Act unless specifically stated by the Company. Item 4.02 Non-Reliance on Previously Issued Financial Statements or a Related Audit Report or Completed Interim Review. (a) In preparing its Quarterly Report on Form 10-Q for the period ended September 30, 2023"
1101680,2023-11-09,0001101680-23-000123,dzsi-20231107.htm,keep,ndition. The information included in Item 7.01 below is incorporated herein by reference. Item 4.02 Non-Reliance on Previously Issued Financial Statements or a Related Audit Report or Completed Interim Review As previously reported in the Current Report on Form 8-K filed by DZS Inc. (the &#8220; Com
1843724,2023-11-09,0001628280-23-038043,lnza-20231109.htm,keep,"change Act, except as shall be expressly set forth by specific reference in such filing. Item 4.02: Non-Reliance on Previously Issued Financial Statements or a Related Audit Report or Completed Interim Review On November 8, 2023, the Audit Committee of LanzaTech Global, Inc. (the &#8220;Company&#822"
726601,2023-11-13,0001171200-23-000452,i23457_ccbg-8k.htm,keep,"change Act. o &#160; &#160; &#160; CAPITAL CITY BANK GROUP, INC. FORM 8-K CURRENT REPORT Item 4.02. Non-Reliance on Previously Issued Financial Statements or a Related Audit Report or Completed Interim Review. Subsequent to the Company's October 24, 2023 announcement of its earnings for the quarter "
1725516,2023-11-13,0001493152-23-040635,form8-k.htm,keep,"controls in an effort to prevent such misstatements from occurring in the future. &#160; Item 4.02 Non-Reliance on Previously Issued Financial Statements or a Related Audit Report or Completed Interim Review. &#160; On June 13, 2023, we filed a Quarterly Report on Form 10-Q, including the unaudited "
1910851,2023-11-13,0001193125-23-275354,d89873d8k.htm,keep,t to Section&#160;13(a) of the Exchange Act.&#160;&#160;&#9744; &#160; &#160; &#160; Item&#160;4.02 Non-Reliance on Previously Issued Financial Statements or a Related Audit Report or Completed Interim Review. Immediately prior to the scheduled filing of R1 RCM Inc.'s (the &#8220;Company&#8221;) Qua
1839132,2023-11-14,0001628280-23-038740,mvla-20231110.htm,keep,"cial accounting standards provided pursuant to Section 13(a) of the Exchange Act. &#9744; Item 4.02 Non-Reliance on Previously Issued Financial Statements or a Related Audit Report or Completed Interim Review. On November 10, 2023, management of Movella Holdings Inc. (the &#8220;Company&#8221;) conc"
1934642,2023-11-14,0001493152-23-040790,form8-k.htm,keep,"o Section 13(a) of the Exchange Act. &#9744; &#160; &#160; &#160; &#160; &#160; &#160; Item 4.02(a) Non-Reliance on Previously Issued Financial Statements &#160; On November 13, 2023, management and the Audit Committee concluded that the Company's previously issued financial statements for the three"
863894,2023-11-15,0001193125-23-277950,d850611d8k.htm,keep,"provided pursuant to Section 13(a) of the Exchange Act. &#9744; &#160; &#160; &#160; Item&#160;4.02 Non-Reliance on Previously Issued Financial Statements or a Related Audit Report or Completed Interim Review (a)&#160;&#160;&#160;&#160;On November&#160;10, 2023, in connection with the preparation of"
1130166,2023-11-15,0001104659-23-118751,tm2330847d1_8k.htm,keep,"0;13(a) of the Exchange Act.&#160;&#160; &#168; &#160; &#160; &#160; &#160; &#160; &#160; Item 4.02 Non-Reliance on Previously Issued Financial Statements or a Related Audit Report or Completed Interim Review. &#160; Restatement of Historical Financial Results &#160; On November 14, 2023, the Audit "
1743745,2023-11-15,0001743745-23-000072,gnln-20231110.htm,keep,"cial accounting standards provided pursuant to Section 13(a) of the Exchange Act. &#9745; Item 4.02 Non-Reliance On Previously Issued Financial Statements Or A Related Audit Report Or Completed Interim Review. On November 10, 2023, the Audit Committee of the Board of Directors (the &#8220;Audit Comm"
1869974,2023-11-15,0001493152-23-041387,form8-k.htm,spac_warrant_reclassification,warrant reclassification per the 2021 SEC statement
1367644,2023-11-16,0001367644-23-000193,ebs-20231116.htm,keep,"accounting standards provided pursuant to Section&#160;13(a) of the Exchange Act. &#9744; Item 4.02 Non-Reliance on Previously Issued Financial Statements or a Related Audit Report or Completed Interim Review. Restatement of Historical Financial Results On November 16, 2023, the Audit and Finance Co"
1083301,2023-11-22,0001083301-23-000059,wulf-20231121.htm,keep,"ial accounting standards provided pursuant to Section 13(a) of the Exchange Act. &#9744; Item 4.02. Non-Reliance on Previously Issued Financial Statements or a Related Audit Report or Completed Interim Review. (a) &#160;&#160;&#160;&#160;On November 21, 2023, the audit committee (the &#8220; Audit C"
1823857,2023-11-22,0001493152-23-042517,form8-k.htm,keep,"to Section 13(a) of the Exchange Act. &#9744; &#160; &#160; &#160; &#160; &#160; &#160; Item 4.02. Non-Reliance on Previously Issued Financial Statements or a Related Audit Report or Completed Interim Review. &#160; On November 16, 2023, Viveon Health Acquisition Corp.'s (the &#8220;Company&#8221;) "
1450335,2023-11-28,0001654954-23-014846,cigf7_8k.htm,keep,"; &#160; Section 4 &#8211; Matters Related to Accountants and Financial Statements &#160; Item 4.02 Non-Reliance on Previously Issued Financial Statements or a Related Audit Report or Completed Interim Review. &#160; On November 15, 2023, the General Partner of Commonwealth Income & Growth Fund VII,"
1825473,2023-11-28,0001213900-23-090327,ea188879-8k_prospector.htm,spac_warrant_reclassification,warrant reclassification per the 2021 SEC statement
1825473,2023-11-29,0001213900-23-090922,ea189225-8k_prospector.htm,keep,ded pursuant to Section 13(a) of the Exchange Act. &#9744; &#160; &#160; &#160; Item&#160;4.02&#160;Non-Reliance on Previously Issued Financial Statements or Related Audit Report or Completed Interim Report. &#160; Management of Prospector Capital Corp. (the &#8220; Company &#8221;) has identified a
1213660,2023-12-01,0001213900-23-092042,ea189175-8k_bimiinter.htm,keep,"tion 13(a) of the Exchange Act. &#9744; &#160; &#160; &#160; &#160; &#160; &#160; Item &#160; 4.02. Non-Reliance on Previously Issued Financial Statements or a Related Audit Report or Completed Interim Review. &#160; On November 27, 2023, the audit committee of BIMI International Medical Inc. (the &"
1698530,2023-12-01,0001698530-23-000123,xcur-20231201.htm,keep,"ds provided pursuant to Section&#160;13(a) of the Exchange Act. x Item 4.02 &#160;&#160;&#160;&#160;Non-Reliance On Previously Issued Financial Statements Or A Related Audit Report Or Completed Interim Review. On November 28, 2023, the Audit Committee of the Board of Directors (the &#8220;Audit Comm"
1450335,2023-12-05,0001654954-23-015163,cigf7_8k-a.htm,keep,". &#160; Section 4 &#8211; Matters Related to Accountants and Financial Statements &#160; Item 4.02 Non-Reliance on Previously Issued Financial Statements or a Related Audit Report or Completed Interim Review. &#160; On November 27, 2023, the General Partner of Commonwealth Income & Growth Fund VII,"
1413891,2023-12-08,0001213900-23-094204,ea189737-8k_highwire.htm,keep,"not express an opinion or any other form of assurance about them. &#160; 1 &#160; &#160; Item 4.02. Non-Reliance on Previously Issued Financial Statements or a Related Auditor Report or Completed Interim Review. &#160; &#160; After a comprehensive internal review, on December 4, 2023 the board of di"
1500305,2023-12-11,0001493152-23-044336,form8-k.htm,keep,"to Section 13(a) of the Exchange Act. &#9744; &#160; &#160; &#160; &#160; &#160; &#160; Item 4.02. Non-Reliance on Previously Issued Financial Statements or a Related Audit Report or Completed Interim Review. &#160; On December 6, 2023, the Board of Directors (the &#8220;Board&#8221;) of Sustainable"
1853044,2023-12-13,0001829126-23-008022,aeriestechnology_8k.htm,spac_warrant_reclassification,warrant reclassification per the 2021 SEC statement
1852407,2023-12-14,0001213900-23-095673,ea190069-8k425_fintech.htm,keep,"t to Section 13(a) of the Exchange Act. &#9744; &#160; &#160; &#160; &#160; &#160; &#160; Item 4.02 Non-Reliance on Previously Issued Financial Statements or a Related Audit Report or Completed Interim Review. &#160; On December 9, 2023, the Audit Committee of the Board of Directors (the &#8220;Audi"
827871,2023-12-15,0001104659-23-126468,tm2333038d1_8k.htm,keep,"e information appearing below under Item 4.02 is incorporated herein by reference. &#160; Item 4.02 Non-Reliance on Previously Issued Financial Statements or a Related Audit Report or Completed Interim Review. &#160; On December&#160;12, 2023, the Audit Committee (the &#8220;Audit Committee&#8221;) "
1391933,2023-12-15,0000927089-23-000159,qnto20231212_8k.htm,keep,"9744; &#xa0; &#xa0; &#xa0; &#xa0; Item 4.02. &#xa0;&#xa0;&#xa0;&#xa0;&#xa0;&#xa0;&#xa0;&#xa0;&#xa0; Non-Reliance on Previously Issued Financial Statements or a Related Audit Report or Completed Interim Review. &#xa0; On December 11, 2023, the Audit Committee of the Board of Directors of Quaint Oak B"
1882078,2023-12-15,0001213900-23-096097,ea189978-8k_ariszacqui.htm,keep,ant to Section 13(a) of the Exchange Act. &#9744; &#160; &#160; &#160; &#160; &#160; Item&#160;4.02 Non-Reliance on Previously&#160;Issued Financial Statements or a Related Audit Report of Completed Interim Reports. &#160; During the preparation of the Annual Report on Form 10-K for the year ended S
1035092,2023-12-18,0001628280-23-041716,shbi-20231213.htm,keep,"financial accounting standards provided pursuant to Section 13(a) of the Exchange Act. o Item 4.02 Non-Reliance on Previously Issued Financial Statements or a Related Audit Report or Completed Interim Review. On December 13, 2023, the Audit Committee (the &#8220;Audit Committee&#8221;) of the Board "
1849380,2023-12-18,0001493152-23-045112,form8-k.htm,spac_warrant_reclassification,warrant reclassification per the 2021 SEC statement
1827871,2023-12-19,0001827871-23-000009,eliq-20231214.htm,spac_warrant_reclassification,warrant reclassification per the 2021 SEC statement
1840877,2023-12-19,0001213900-23-096921,ea190283-8k_envoy.htm,keep,"ursuant to Section 13(a) of the Exchange Act. &#9744; &#160; &#160; &#160; &#160; &#160; Item 4.02: Non-Reliance on Previously Issued Financial Statements or a Related Audit Report or Completed Interim Review &#160; On December 14, 2023, the audit committee (the &#8220;Audit Committee&#8221;) of the"
1162461,2023-12-21,0001628280-23-042507,cutr-20231221.htm,keep,"d financial accounting standards provided pursuant to Section 13(a) of the Exchange Act. Item 4.02. Non-Reliance on Previously Issued Financial Statements or a Related Audit Report or Completed Interim Review. In preparing its Quarterly Report on Form 10-Q for the period ended September 30, 2023, ma"
1829953,2023-12-21,0001193125-23-301188,d531746d8k.htm,keep,"to Section&#160;13(a) of the Exchange Act.&#160;&#160; &#9744; &#160; &#160; &#160; Item&#160;4.02. Non-Reliance on Previously Issued Financial Statements or a Related Audit Report or Completed Interim Review. In December 2023, Corner Growth Acquisition Corp. (the &#8220;Company&#8221;) determined t"
1844507,2023-12-22,0001193125-23-302238,d681923d8k.htm,keep,"to Section&#160;13(a) of the Exchange Act.&#160;&#160; &#9744; &#160; &#160; &#160; Item&#160;4.02 Non-Reliance on Previously Issued Financial Statements or a Related Audit Report or Completed Interim Review. On December&#160;21, 2023, management of Achari Ventures Holdings Corp. I (the &#8220;Compa"
854800,2023-12-26,0001213900-23-098621,ea190695-8k_tingogroup.htm,keep,"&#160; TIO &#160; The NASDAQ Capital Market &#160; &#160; &#160; &#160; &#160; &#160; Item 4.02(a) Non-Reliance on Previously Issued Financial Statements or a Related Audit Report or Completed Interim Review. &#160; As previously disclosed by Tingo Group, Inc. (the &#8220;Company&#8221;), on Decembe"
1823857,2024-01-05,0001493152-24-001508,form8-k.htm,keep,"to Section 13(a) of the Exchange Act. &#9744; &#160; &#160; &#160; &#160; &#160; &#160; Item 4.02. Non-Reliance on Previously Issued Financial Statements or a Related Audit Report or Completed Interim Review. &#160; As previously disclosed in Item 4.02 of the Current Report on Form 8-K, filed by Viv"
1552033,2024-01-08,0001552033-24-000003,ck0001552033-20240106.htm,keep,"cial accounting standards provided pursuant to Section 13(a) of the Exchange Act. &#9744; Item 4.02 Non-Reliance on Previously Issued Financial Statements or a Related Audit Report or Completed Interim Review. (a) On January 6, 2024, the Audit Committee of TransUnion's (the &#8220;Company&#8221;) Bo"
1792941,2024-01-16,0001493152-24-002459,form8-k.htm,keep,"to Section 13(a) of the Exchange Act. &#9744; &#160; &#160; &#160; &#160; &#160; &#160; Item 4.02. Non-Reliance on Previously Issued Financial Statements or a Related Audit Report or Completed Interim Review. &#160; On January 9, 2024, the independent certifying accountant of Genvor Incorporated (th"
810332,2024-01-18,0001193125-24-010261,d726123d8k.htm,keep,"sts for confidential treatment with respect to certain portions of such agreements. Item&#160;4.02. Non-Reliance on Previously Issued Financial Statements or a Related Audit Report or Completed Interim Review. On January&#160;18, 2023, the Audit Committee of the Board of Directors of the Company con"
1792941,2024-01-18,0001493152-24-002926,form8-ka.htm,keep,"ant's letter, dated January 18, 2024, as required by Item 4.02(c)(3) of Form 8-K. &#160; Item 4.02. Non-Reliance on Previously Issued Financial Statements or a Related Audit Report or Completed Interim Review. &#160; On January 9, 2024, the independent certifying accountant (the &#8220; Independent "
895417,2024-01-22,0000895417-24-000014,els-20240119.htm,keep,"tement filed by us under the Securities Act of 1933, as amended. Item 4.02 &#160;&#160;&#160;&#160; Non-Reliance on Previously Issued Financial Statement or a Related Audit Report or Completed Interim Review The Company received from the SEC a Comment Letter issued in the ordinary course of the SEC'"
1451809,2024-01-25,0001451809-24-000007,sitm-20240122.htm,keep,financial accounting standards provided pursuant to Section 13(a) of the Exchange Act. o Item 4.02. Non-Reliance on Previously Issued Financial Statements or a Related Audit Report or Completed Interim Review. (a) SiTime Corporation (the &#8220;Company&#8221;) has identified a correction required to
1813452,2024-01-26,0001437749-24-002227,plnh20240125_8k.htm,keep,"ided pursuant to Section 13(a) of the Exchange Act. &#9744; &#xa0; &#xa0; 1 &#xa0; &#xa0; Item 4.02 Non-Reliance on Previously Issued Financial Statements or a Related Audit Report or Completed Interim Review. &#xa0; On January 25, 2024, as a result of the preliminary information obtained in connect"
1907982,2024-02-02,0001907982-24-000005,qbts-20240202.htm,keep,"financial accounting standards provided pursuant to Section 13(a) of the Exchange Act. o Item 4.02. Non-Reliance on Previously Issued Financial Statements or a Related Audit Report or Completed Interim Review. On January 30, 2024 , the Audit Committee of the Board of Directors of D-Wave Quantum Inc."
1040130,2024-02-08,0001040130-24-000004,pets-20240207.htm,keep,";), or the Exchange Act, regardless of any general incorporation language in such filing. Item 4.02 Non-Reliance on Previously Issued Financial Statements or a Related Audit Report or Completed Interim Review. On February 7, 2024, following discussions with the Company's management and based on mana"
1599407,2024-02-09,0001213900-24-012075,ea193213-8k_1847hold.htm,keep,"ursuant to Section 13(a) of the Exchange Act. &#9744; &#160; &#160; &#160; &#160; &#160; Item 4.02. Non-Reliance on Previously Issued Financial Statements or a Related Audit Report or Completed Interim Review &#160; On February 2, 2024, the Audit Committee of the Board of Directors of 1847 Holdings "
1746278,2024-02-09,0001575872-24-000126,golq-20240206.htm,keep,"provided pursuant to Section&#160;13(a)&#160;of the Exchange Act. &#168; &#160; Item 4.02(a)&#160; Non-Reliance on Previously Issued Financial Statements or a Related Audit Report or Completed Interim Review. &#160; &#160;&#160;&#160; On February 6, 2024, the Board of Directors (the &#8220;Board&#82"
1866550,2024-02-12,0001866550-24-000006,twks-20240206.htm,keep,"cial accounting standards provided pursuant to Section 13(a) of the Exchange Act. &#9744; Item 4.02 Non-Reliance on Previously Issued Financial Statements or a Related Audit Report or Completed Interim Review. On February 6, 2024, the Audit Committee of the Board of Directors (the &#8220;Audit Commi"
1462223,2024-02-13,0001654954-24-001678,rcrt_8k.htm,keep,"ection 13(a) of the Exchange Act.&#160; &#9744; &#160; &#160; &#160; &#160;&#160; &#160; Item 4.02. Non-Reliance on Previously Issued Financial Statements or a Related Audit Report or Completed Interim Review. &#160; On August 17, 2023, the Company received a deficiency letter from the Nasdaq Listin"
1840317,2024-02-14,0001213900-24-014054,ea193764-8k425_plumacq1.htm,keep,"t to Section 13(a) of the Exchange Act. &#9744; &#160; &#160; &#160; &#160; &#160; &#160; Item 4.02 Non-Reliance on Previously Issued Financial Statements or Related Audit Report or Completed Interim Report. &#160; &#160; On February 10, 2024, the audit committee of the board of directors (the &#822"
1863719,2024-02-14,0001104659-24-023971,tm245396d1_8k.htm,keep,t to Section 13(a) of the Exchange Act. &#168; &#160; &#160; &#160; &#160; &#160; &#160; Item 4.02. Non-Reliance on Previously Issued Financial Statements or a Related Audit Report or Completed Interim Review. &#160; Management of Everest Consolidator Acquisition Corp. (the &#8220;Company&#8221;) id
863894,2024-02-15,0001193125-24-037535,d769876d8k.htm,keep,"suant to Section&#160;13(a) of the Exchange Act.&#8194;&#9744; &#160; &#160; &#160; Item&#8201;4.02 Non-Reliance on Previously Issued Financial Statements or a Related Audit Report or Completed Interim Review (a)&#8195;On February&#160;15, 2024, the Audit Committee of the Board of Directors of Veru "
1620533,2024-02-15,0001104659-24-024341,tm246330d1_8k.htm,keep,Section 13(a) of the Exchange Act. &#168; &#160; &#160; &#160; &#160; &#160; &#160;&#160; Item 4.02 Non-Reliance on Previously Issued Financial Statements or a Related Audit Report or Completed Interim Review. &#160; In connection with the preparation of Shake Shack Inc.'s (&#8220;Shake Shack&#8221;
1643154,2024-02-16,0000950170-24-016396,ithuf-20240213.htm,keep,"counting standards provided pursuant to Section 13(a) of the Exchange Act. &#9744; &#160; Item 4.02 Non-Reliance on Previously Issued Financial Statements or a Related Audit Report or Completed Interim Review. In connection with the preparation by iAnthus Capital Holdings, Inc. (the &#8220;Company&#"
1737287,2024-02-16,0001193125-24-038107,d754358d8k.htm,keep,"rovided pursuant to Section 13(a) of the Exchange Act. &#9744; &#160; &#160; &#160; Item&#8201;4.02 Non-Reliance on Previously Issued Financial Statements or a Related Audit Report or Completed Interim Reviews Allogene Therapeutics, Inc. (the &#8220;Company&#8221;) has received two comment letters ("
1746278,2024-02-16,0001575872-24-000161,golq-20240206.htm,keep,"ed pursuant to Section&#160;13(a)&#160;of the Exchange Act. &#168; &#160; &#160; Item 4.02(a)&#160; Non-Reliance on Previously Issued Financial Statements or a Related Audit Report or Completed Interim Review. &#160; On February 9, 2024, GoLogiq, Inc. (the &#8220;Company&#8221;) filed a Current Repo"
1837607,2024-02-16,0001558370-24-001305,aeon-20240214x8k.htm,keep,"of the Exchange Act.&#160;&#160;&#160;&#160;&#160;&#160; &#9744; &#8203; &#8203; &#8203; Item 4.02. Non-Reliance on Previously Issued Financial Statements and Completed Interim Review. Restatement of Historical Financial Results On February 14, 2024, the Audit Committee of the Board of Directors (th"
912593,2024-02-20,0000912593-24-000066,sui-20240215.htm,keep,"ed"" for purposes of the Securities Exchange Act of 1934, as amended (the ""Exchange Act""). Item 4.02 Non-Reliance on Previously Issued Financial Statements or a Related Audit Report or Completed Interim Review (a)&#160;&#160;&#160;&#160;In 2022, the Company acquired a portfolio of holiday park proper"
926282,2024-02-20,0001193125-24-040068,d790652d8k.htm,keep,"suant to Section&#160;13(a) of the Exchange Act.&#8194;&#9744; &#160; &#160; &#160; Item&#8201;4.02 Non-Reliance on Previously Issued Financial Statements or a Related Audit Report or Completed Interim Review. On February 20, 2024, the Audit Committee of the Board of Directors (the &#8220;Audit Comm"
1538495,2024-02-21,0001493152-24-007407,form8-k.htm,keep,"t to Section 13(a) of the Exchange Act. &#9744; &#160; &#160; &#160; &#160; &#160; &#160; Item 4.02 Non-Reliance on Previously Issued Financial Statements or a Related Audit or Completed Interim Review &#160; On February 14, 2024, Earth Science Tech, Inc. (the &#8220;Company&#8221;), following discu"
1340122,2024-02-23,0001193125-24-043546,d749119d8k.htm,keep,"set forth under Item 4.02 is incorporated into this Item 2.02 by reference. &#160; Item&#8201;4.02 Non-Reliance on Previously Issued Financial Statements or a Related Audit Report or Completed Interim Review. On February&#160;22, 2024, management of Calumet Specialty Products Partners, L.P. (the &#8"
798528,2024-02-26,0001193125-24-046261,d769436d8k.htm,keep,rovided pursuant to Section 13(a) of the Exchange Act. &#9744; &#160; &#160; &#160; Item&#8201;4.02 Non-Reliance on Previously Issued Financial Statements or a Related Audit Report or Completed Interim Review. Non-Reliance on Previously Issued Financial Statements The audit committee and the board o
1620533,2024-02-26,0001104659-24-027494,tm247258d1_8k.htm,keep,nt to Section 13(a) of the Exchange Act. &#168; &#160; &#160; &#160; &#160; &#160; &#160; Item 4.02 Non-Reliance on Previously Issued Financial Statements or a Related Audit Report or Completed Interim Review. &#160; As previously disclosed in the Company's Current Report on Form 8-K filed on Februa
1683252,2024-02-27,0001477932-24-000918,token_8k.htm,keep,"pursuant to Section 13(a) of the Exchange Act. &#9744; &#160; &#160; &#160; &#160; &#160; Item 4.02 Non-Reliance on Previously Issued Financial Statements or a Related Audit Report or Completed Interim Review. &#160; On February 23, 2024, the Board of Directors of Token Communities, Ltd. (the &#8220"
1175454,2024-02-29,0001628280-24-008055,flt-20240226.htm,keep,"ting standards provided pursuant to Section 13(a) of the Exchange Act.&#160;&#160;&#9744; Item 4.02 Non-Reliance on Previously Issued Financial Statements or a Related Audit Report or Completed Interim Review On February 26, 2024, the Audit Committee of the Board of Directors of the Company, after d"
1325670,2024-03-01,0001104659-24-030038,tm247546d1_8k.htm,keep,"pursuant to Section 13(a) of the Exchange Act. &#168; &#160; &#160; &#160; &#160; &#160; Item 4.02 Non-Reliance on Previously Issued Financial Statements or a Related Audit Report or Completed Interim Review. &#160; Previously-Filed Quarterly Reports on Form 10-Q &#160; On February 26, 2024, the Aud"
1592057,2024-03-05,0001592057-24-000022,eva-20240229.htm,keep,"d financial accounting standards provided pursuant to Section 13(a) of the Exchange Act. Item 4.02. Non-Reliance on Previously Issued Financial Statements or a Related Audit Report or Completed Interim Review. On February 29, 2024, the management of Enviva Inc. (the &#8220; Company &#8221;) and its "
1875444,2024-03-06,0001875444-24-000013,arhs-20240229.htm,keep,"al accounting standards provided pursuant to Section 13(a) of the Exchange Act. &#9744; Item 4.02 - Non-Reliance on Previously Issued Financial Statements or a Related Audit Report or Completed Interim Review On February 29, 2024, the Audit Committee (the ""Audit Committee"") of the Board of Directors"
1891101,2024-03-06,0001140361-24-011734,ef20023446_8k.htm,keep,"cial accounting standards provided pursuant to Section 13(a) of the Exchange Act. &#9744; Item 4.02 Non-Reliance on Previously Issued Financial Statements or a Related Audit Report or Completed Interim Review. On March 6, 2024, the Audit Committee of the Board of Directors (the &#8220;Audit Committe"
1903392,2024-03-08,0001213900-24-021120,ea0201375-8k_climaterock.htm,spac_warrant_reclassification,warrant reclassification per the 2021 SEC statement
704562,2024-03-12,0001683168-24-001433,avid_8k.htm,keep,"3(a) of the Exchange Act. &#9744; &#160; &#160; &#160; &#160; &#160; &#160; &#160; &#160; Item 4.02 Non-Reliance on Previously Issued Financial Statements or a Related Audit Report or Completed Interim Review. &#160; As previously reported in a Current Report on Form 8-K filed by Avid Bioservices, I"
1036262,2024-03-12,0001437749-24-007466,intt20240311_8k.htm,keep,"under the Securities Act. &#160; Item 4.02. &#160;&#160;&#160;&#160;&#160;&#160;&#160;&#160;&#160; Non-Reliance on Previously Issued Financial Statements or a Related Audit Report or Completed Interim Review. &#160; On March 8, 2024, the Board of Directors (the ""Board"") of the Company, after consult"
1239819,2024-03-12,0001239819-24-000031,luna-20240312.htm,keep,d financial accounting standards provided pursuant to Section 13(a) of the Exchange Act. Item 4.02. Non-Reliance on Previously Issued Financial Statements or a Related Audit Report or Completed Interim Review. A Special Committee of the Board of Directors (the &#8220;Board&#8221;) of Luna Innovation
1803914,2024-03-12,0001803914-24-000005,ply-20240311.htm,keep,"ds provided pursuant to Section 13(a) of the Exchange Act. &#9744; Item 4.02&#160;&#160;&#160;&#160;Non-Reliance on Previously Issued Financial Statements or a Related Audit Report or Completed Interim Review. On March 11, 2024, PLBY Group, Inc. (the &#8220;Company&#8221;), in consultation with the "
726601,2024-03-13,0001171200-24-000040,i24108_ccbg-8k.htm,keep,"Act. &#9744; &#160; &#160; &#160; CAPITAL CITY BANK GROUP, INC. FORM 8-K CURRENT REPORT Item 4.02. Non-Reliance on Previously Issued Financial Statements or a Related Audit Report or Completed Interim Review. In connection with the preparation of Capital City Bank Group, Inc.'s (the &#8220;Company&#"
1847064,2024-03-14,0001213900-24-022348,ea0201599-8k_psqhold.htm,keep,t to Section 13(a) of the Exchange Act. &#9744; &#160; &#160; &#160; &#160; &#160; &#160; Item 4.02 Non-Reliance on Previously Issued Financial Statements or a Related Audit Report or Completed Interim Review. &#160; In connection with the preparation of the consolidated financial statements of PSQ 
1819395,2024-03-15,0001819395-24-000015,son-20240314.htm,keep,"under Item 4.02 is incorporated into this Item 2.06 by reference. Item 4.02&#160;&#160;&#160;&#160;Non-Reliance on Previously Issued Financial Statements or a Related Audit Report or Completed Interim Review On March 14, 2024, the Audit Committee (the &#8220;Audit Committee&#8221;) of the Board of D"
1871149,2024-03-18,0001193125-24-070176,d784582d8k.htm,keep,"rovided pursuant to Section 13(a) of the Exchange Act. &#9746; &#160; &#160; &#160; Item&#8201;4.02 Non-Reliance on Previously Issued Financial Statements or a Related Audit Report or Completed Interim Review. On March&#160;15, 2024, the audit committee and the board of directors of The Real Good Fo"
1463361,2024-03-20,0000950170-24-034175,ubx-20240319.htm,keep,"counting standards provided pursuant to Section 13(a) of the Exchange Act. &#9744; &#160; Item 4.02 Non-Reliance on Previously Issued Financial Statements or a Related Audit Report or Completed Interim Review. On March 19, 2024, the Audit Committee (the &#8220;Audit Committee&#8221;) of the Board of"
1822886,2024-03-20,0001493152-24-010605,form8-k.htm,spac_share_reclassification,Class A shares reclassified to temporary equity
1730463,2024-03-21,0001730463-24-000045,autl-20240321.htm,keep,"cial accounting standards provided pursuant to Section 13(a) of the Exchange Act. &#9744; Item 4.02 Non-Reliance on Previously Issued Financial Statements or a Related Audit Report or Completed Interim Review. (a) As a company that carries out extensive research and development activities, Autolus T"
1759186,2024-03-25,0001683168-24-001672,coeptis_8k.htm,keep,". &#160;&#160;&#160;&#160;&#160; &#9744; &#160; &#160; &#160; &#160; &#160; &#160; &#160; Item 4.02 Non-Reliance on Previously Issued Financial Statements or a Related Audit Report or Completed Interim Report &#160; &#160; On March 19, 2024, the Audit Committee of Coeptis Therapeutics Holdings, Inc."
1798562,2024-03-25,0001104659-24-038460,tm249627d1_8k.htm,keep,cautionary note in the press release regarding these forward-looking statements. &#160; Item 4.02. Non-Reliance on Previously Issued Financial Statements or a Related Audit Report or Completed Interim Review &#160; (a)&#160;&#160;&#160;&#160;&#160;&#160;&#160;&#160;&#160;&#160;&#160;&#160;On March&#
1293971,2024-03-26,0001293971-24-000010,blue-20240324.htm,keep,"or the Exchange Act, except as expressly set forth by specific reference in such filing. Item 4.02 Non-Reliance on Previously Issued Finance Statements or a Related Audit Report or Completed Interim Review. In connection with the preparation of the financial statements of the Company for the year en"
1089872,2024-03-27,0001140361-24-015659,ef20025364_form8k.htm,keep,"ge Act, except as shall be expressly set forth by specific reference in any such filing. Item 4.02. Non-Reliance on Previously Issued Financial Statements or a Related Audit Report or Completed Interim Review. The restatements described below have been incorporated in the information contained in th"
1621672,2024-03-27,0001437749-24-009632,slgg20240326_8k.htm,keep,"eference in such a filing. &#160; Item 4.02. &#160;&#160;&#160;&#160;&#160;&#160;&#160;&#160;&#160; Non-Reliance on Previously Issued Financial Statements or a Related Audit Report or Completed Interim Review. &#160; On March 26, 2024, the Audit Committee of the Board of Directors of the Company (th"
1852016,2024-03-27,0001193125-24-078734,d791848d8k.htm,spac_warrant_reclassification,warrant reclassification per the 2021 SEC statement
1434647,2024-03-28,0001437749-24-009849,zvra20230627c_8k.htm,keep,"forth by specific reference in any such filing. &#160; Item 4.02&#160; &#160; &#160; &#160; &#160; Non-Reliance on Previously Issued Financial Statements or a Related Audit Report or Completed Interim Review. &#160; On March 25, 2024, the Audit Committee (the &#8220;Audit Committee&#8221;) of the Co"
1769624,2024-03-28,0001213900-24-027200,ea0202695-8k_agba.htm,keep,ction 13(a) of the Exchange Act.&#160; &#9744; &#160; &#160; &#160; &#160; &#160; &#160; Item 4.02. Non-Reliance on Previously Issued Financial Statements or a Related Audit Report or Completed Interim Review. &#160; In connection with the preparation of the financial statements for AGBA Group Holdi
1865111,2024-03-28,0001829126-24-001957,alphastaracq_8k.htm,spac_warrant_reclassification,warrant reclassification per the 2021 SEC statement
899394,2024-03-29,0000899394-24-000003,hrbr-20240329.htm,keep,"financial accounting standards provided pursuant to Section 13(a) of the Exchange Act. o Item 4.02. Non-Reliance on Previously Issued Financial Statements or a Related Audit Report or Completed Interim Review. Determination to Restate Financial Statements On March 26, 2024, the audit committee (the "
1882464,2024-03-29,0001829126-24-002043,metalskystar_8k.htm,spac_warrant_reclassification,warrant reclassification per the 2021 SEC statement
910267,2024-04-01,0001829126-24-002106,titanpharma_8k.htm,keep,"Section 13(a) of the Exchange Act.&#160;&#9744; &#160; &#160; &#160; &#160; &#160; &#160; Item 4.02 Non-Reliance on Previously Issued Financial Statements or a Related Audit Report or Completed Interim Review &#160; On April 1, 2024, the Board of Directors (the &#8220;Board&#8221;) of Titan Pharmace"
1372299,2024-04-01,0001104659-24-041943,tm2410371d2_8k.htm,keep,"on&#160;13(a)&#160;of the Exchange Act. &#168; &#160; &#160; &#160; &#160; &#160; &#160; Item 4.02. Non-Reliance on Previously Issued Financial Statements or a Related Audit Report or Completed Interim Review. &#160; In connection with the preparation of the financial statements of Ocugen,&#160;Inc."
1785424,2024-04-02,0001628280-24-014384,kplt-20240401.htm,keep,"counting standards provided pursuant to Section 13(a) of the Exchange Act. &#9744; &#160; Item 4.02 Non-Reliance on Previously Issued Financial Statements or a Related Audit Report or Completed Interim Review. On April 1, 2024, during the preparation of Katapult Holdings, Inc.'s (the &#8220;Company&"
889348,2024-04-03,0001999371-24-004426,cvu-8k_040324.htm,keep,"pursuant to Section 13(a) of the Exchange Act. &#9744; &#160; &#160;&#160; &#160; &#160; Item 4.02 Non-Reliance on Previously Issued Financial Statements or a Related Audit Report or Completed Interim Review. On April 3, 2024, the audit and finance committee (the &#8220;Audit and Finance Committee&#"
1774170,2024-04-05,0001493152-24-013385,form8-k.htm,keep,"liance with the other continued listing requirements of The Nasdaq Global Market. &#160; Item 4.02. Non-Reliance on Previously Issued Financial Statements or a Related Audit Report or Completed Interim Review. &#160; On April 5, 2024, the audit committee of the board of directors of the Company (the"
1841125,2024-04-05,0001213900-24-030629,ea0203310-8k_golden.htm,spac_warrant_reclassification,warrant reclassification per the 2021 SEC statement
1393781,2024-04-08,0001213900-24-030965,ea0203392-8k_quality.htm,keep,"was accepted and cancelled by the Board of Directors of the Company. &#160;&#160; &#160; Item 4.02. Non-Reliance on Previously Issued Financial Statements or a Related Audit Report or Completed Interim Review. &#160; On April 1, 2024, as a result of the cancellation of the QI Purchase Agreement, the"
1355848,2024-04-09,0001355848-24-000049,toon-20240403.htm,keep,"financial accounting standards provided pursuant to Section 13(a) of the Exchange Act. o Item 4.02 Non-Reliance on Previously Issued Financial Statements or a Related Audit Report or Completed Interim Review. (a) ) On April 3, 2024, the audit committee (the &#8220; Audit Committee &#8221;) of the bo"
1933567,2024-04-09,0001493152-24-014075,form8-k.htm,keep,"he Exchange Act, regardless of any general incorporation language in such filing. &#160; Item 4.02. Non-Reliance on Previously Issued Financial Statements or a Related Audit Report or Completed Interim Review. &#160; On April 4, 2024, the Board of Directors (the &#8220;Board&#8221;) of the Company, "
1410428,2024-04-12,0001104659-24-046836,tm2411774d1_8k.htm,keep,"13(a) of the Exchange Act.&#160; &#168; &#160; &#160; &#160; &#160; &#160; &#160; &#160; Item 4.02 Non-Reliance on Previously Issued Financial Statements or a Related Audit Report or Completed Interim Review. &#160; On April 12, 2024, the Audit Committee (the &#8220;Audit Committee&#8221;) of the Bo"
1230524,2024-04-15,0001477932-24-002118,cyap_8k.htm,keep,",&#8221; &#8220; us &#8221; and &#8220; our &#8221; refer to Cyber Apps World Inc. &#160; Item 4.02 Non-Reliance on Previously Issued Financial Statements or a Related Audit Report or Completed Interim Review. &#160; In a Form 10-K/A filed with the Securities and Exchange Commission (the &#8220; SEC"
1460602,2024-04-15,0001493152-24-014646,form8-k.htm,keep,"t to Section 13(a) of the Exchange Act. &#9744; &#160; &#160; &#160; &#160; &#160; &#160; Item 4.02 Non-Reliance on Previously Issued Financial Statements or a Related Audit Report or Completed Interim Review. &#160; On April 10, 2024, Orgenesis Inc. (the &#8220;Company&#8221;), in consultation with"
1742927,2024-04-15,0001437749-24-011948,rvph20240411_8k.htm,keep,"included in Item 4.02 below is incorporated into this Item 2.02 by reference. &#160; Item 4.02(a). Non-Reliance on Previously Issued Financial Statements or a Related Audit Report or Completed Interim Review. &#160; On April 12, 2024, the Audit Committee (the &#8220;Committee&#8221;) of the Board of"
1844419,2024-04-15,0001104659-24-046877,tm2411775d1_8ka.htm,keep,"Section 13(a) of the Exchange Act.&#160; &#168; &#160; &#160; &#160; &#160; &#160; &#160; Item 4.02 Non-Reliance on Previously Issued Financial Statements or a Related Audit Report or Completed Interim Review. &#160; On April 12, 2024, the audit committee of the board of directors of Maquia Capital "
1873441,2024-04-15,0001213900-24-033042,ea0203880-8k425_block1.htm,keep,t to Section 13(a) of the Exchange Act. &#9744; &#160; &#160; &#160; &#160; &#160; &#160; Item 4.02 Non-Reliance on Previously Issued Financial Statements or a Related Audit Report or Completed Interim Review. &#160; In connection with the preparation of the consolidated financial statements for Blo
1996210,2024-04-15,0001437749-24-012028,blmh20240412_8k.htm,keep,"ant to Section 13(a) of the Exchange Act.&#160;&#9744; &#160; &#160; &#160; &#160; &#160; Item 4.02 Non-Reliance on Previously Issued Financial Statements or Related Audit Report or Completed Interim Report. &#8239;&#160; &#160; On April 12, 2024, the audit committee of the board of directors of Blu"
1081834,2024-04-16,0001214659-24-006960,z4162458k.htm,keep,"ction&#160;12(b) of the Act:&#160; None &#160; &#160; &#160; &#160; &#160; &#160; &#160; Item 4.02. Non-Reliance on Previously Issued Financial Statements or a Related Audit Report or Completed Interim Review. &#160; Form 10-Q for the Three Months Ended September 30, 2023 &#160; The Board of Directo"
1610618,2024-04-16,0001610618-24-000035,cdtx-20240411.htm,keep,"we,&#8221; &#8220;us&#8221; and &#8220;our&#8221; refer to Cidara Therapeutics, Inc. Item&#160;4.02 Non-Reliance on Previously Issued Financial Statements or a Related Audit Report or Completed Interim Review. On April 11 and April 15, 2024, the Audit Committee of the Board of Directors of the Compa"
1661039,2024-04-16,0001654954-24-004664,tptw_8k.htm,keep,"suant to Section 13(a) of the Exchange Act.&#160;&#9744; &#160; &#160; &#160; &#160; Item&#160;4.02 Non-Reliance on Previously Issued Financial Statements or a Related Audit Report or Completed Interim Review. &#160; On April 5, 2024, the Board of Directors of TPT Global Tech, Inc. (the &#8220;Compa"
1896212,2024-04-16,0001493152-24-014883,form8-k.htm,keep,"to Section 13(a) of the Exchange Act. &#9744; &#160; &#160; &#160; &#160; &#160; &#160; Item 4.02. Non-Reliance on Previously Issued Financial Statements or a Related Audit Report or Completed Interim Review. &#160; On April 11, 2024, Conduit Pharmaceuticals Inc. (the &#8220; Company &#8221;) determ"
1922858,2024-04-16,0001213900-24-033532,ea0203911-8k_ecdauto.htm,keep,ovided pursuant to Section 13(a) of the Exchange Act. &#9744; &#160; &#160; &#160; &#160; Item 4.02 Non-Reliance on Previously Issued Financial Statements or a Related Audit Report of Completed Interim Reports. &#160; During the preparation of consolidated financial statements for the year ended Dec
1239819,2024-04-19,0001239819-24-000054,luna-20240419.htm,keep,d financial accounting standards provided pursuant to Section 13(a) of the Exchange Act. Item 4.02. Non-Reliance on Previously Issued Financial Statements or a Related Audit Report or Completed Interim Review. As previously reported in the Current Report on Form 8-K (the &#8220;Initial 8-K&#8221;) f
1735948,2024-04-19,0001104659-24-049181,tm2412268d1_8k.htm,keep,&#160; The information provided in Item 1.01 is incorporated by reference herein. &#160; Item 4.02 Non-Reliance on Previously Issued Financial Statements or a Related Audit Report or Completed Interim Review. &#160; (a)&#160;&#8239;&#8239;&#8239;&#8239;&#8239;&#8239;&#8239;&#8239;&#8239;&#8239;&#823
1852736,2024-04-19,0001929980-24-000111,tris_8k.htm,keep,"t to Section 13(a) of the Exchange Act. &#9744; &#160; &#160; &#160; &#160;&#160; &#160; Item 4.02. Non-Reliance on Previously Issued Financial Statements or a Related Audit Report or Completed Interim Review. &#160; On April 18, 2024, the audit committee (the &#8220; Audit Committee &#8221;) of the"
1019034,2024-04-22,0001437749-24-012736,bkyi20240422_8k.htm,keep,"icable and regain compliance with Nasdaq's continued listing requirements. &#160; Item &#160; 4.02. Non-Reliance on Previously Issued Financial Statements or a Related Audit Report or Completed Interim Review. &#160; On April 16, 2024, the Audit Committee (the &#8220; Audit Committee &#8221;) of the"
1870143,2024-04-22,0001213900-24-034648,ea0204318-8k_percep4.htm,keep,"t to Section 13(a) of the Exchange Act.&#160; &#9744; &#160; &#160; &#160; &#160; Item 4.02. &#160; Non-Reliance on Previously-Issued Financial Statements or a Related Audit Report or Completed Interim Review On April 16, 2024, the audit committee (the &#8220;Audit Committee&#8221;) of the board of "
1930021,2024-04-22,0001213900-24-034684,ea0204342-8k_newhoriz.htm,keep,ection 13(a) of the Exchange Act. &#9744; &#160; &#160; &#160; &#160; &#160; &#160; Item&#160;4.02. Non-Reliance on Previously Issued Financial Statements or a Related Auditor Report or Completed Interim Review. &#160; (a) Corrections to Previously Issued Financial Statements. &#160; In connection w
867773,2024-04-23,0000867773-24-000047,spwr-20240417.htm,keep,"ial accounting standards provided pursuant to Section 13(a) of the Exchange Act. &#9744; Item 4.02. Non-Reliance on Previously Issued Financial Statements or a Related Audit Report or Completed Interim Reviews. On April 17, 2024, the Audit Committee (the &#8220;Audit Committee&#8221;) of the Board o"
1681556,2024-04-25,0001493152-24-015881,form8-k.htm,keep,tered Common Stock &#160; GXXM &#160; OTC Pink &#160; &#160; &#160; &#160; &#160; &#160; Item 4.02. Non-Reliance on Previously Issued Financial Statement or Related Audit Report or Completed Interim Review. &#160; The Company's management re-evaluated the Company's accounting for convertible debt an
1798270,2024-04-26,0001104659-24-053019,tm2412683d1_8k.htm,keep,"nt to Section 13(a) of the Exchange Act. &#168; &#160; &#160; &#160; &#160; &#160; &#160; Item 4.02 Non-Reliance on Previously Issued Financial Statements or a Related Audit Report or Completed Interim Review. &#160; On April 24, 2024, the Board of Directors (the &#8220;Board&#8221;) of Assure Holdi"
1656501,2024-04-29,0001493152-24-016829,form8-k.htm,keep,"xisting budget, aiming to maintain the same level of cost as the previous auditor. &#160; Item 4.02 Non-Reliance on Previously Issued Financial Statements or a Related Audit Report or Completed Interim Review &#160; On April 24, 2024, Mr. Dan Barton informed BorrowMoney.com , Inc. through email that"
1875444,2024-04-29,0001875444-24-000057,arhs-20240426.htm,keep,"al accounting standards provided pursuant to Section 13(a) of the Exchange Act. &#9744; Item 4.02 - Non-Reliance on Previously Issued Financial Statements or a Related Audit Report or Completed Interim Review On April 26, 2024, the Audit Committee (the ""Audit Committee"") of the Board of Directors of"
1335112,2024-05-01,0001575872-24-000460,lgiq-20240206.htm,keep,"Section&#160;13(a)&#160;of the Exchange Act. &#168; &#160; &#160; &#160; &#160; Item 4.02(a)&#160; Non-Reliance on Previously Issued Financial Statements or a Related Audit Report or Completed Interim Review. &#160; &#160;&#160;&#160; On April 29, 2024, the Board of Directors (the &#8220;Board&#8221"
1828673,2024-05-03,0000950170-24-053055,hcwb-20240503.htm,keep,"counting standards provided pursuant to Section 13(a) of the Exchange Act. &#9746; &#160; Item 4.02 Non-Reliance on Previously Issued Financial Statements or a Related Audit Report or Completed Interim Review. &#160; As reported in the Company's Form 8-K filed on May 1, 2024 with the Securities and "
1837607,2024-05-03,0001837607-24-000047,aeon-20240501x8k.htm,keep,"of the Exchange Act.&#160;&#160;&#160;&#160;&#160;&#160; &#9744; &#8203; &#8203; &#8203; Item 4.02. Non-Reliance on Previously Issued Financial Statements and Completed Interim Review. On May 1, 2024, the Board of Directors (the &#8220;Board&#8221;) of AEON Biopharma, Inc. (the &#8220;Company&#8221;"
1517006,2024-05-06,0000950103-24-006380,dp210912_8k.htm,keep,"e of this report, regardless of any general incorporation language in the filing. &#160; Item 4.02. Non-Reliance on Previously Issued Financial Statements or a Related Audit Report or Completed Interim Review. &#160; The terms &#8220;we,&#8221; &#8220;us&#8221; and similar or derivative terms in thi"
1782754,2024-05-08,0001628280-24-021666,azek-20240507.htm,keep,"amended, except as shall be expressly set forth by specific reference in such a filing. Item 4.02. Non-Reliance on Previously Issued Financial Statements or a Related Audit Report or Completed Interim Review. In connection with the preparation of its unaudited condensed consolidated financial statem"
1337298,2024-05-10,0001437749-24-015964,ff20240507_8k.htm,keep,13(a) of the Exchange Act. &#9744; &#160; &#160; &#160; &#160; &#160; &#160; Item 4.02&#160;&#8211; Non-Reliance on Previously Issued Financial Statements or a Related Audit Report or Completed Interim Review. &#160; FutureFuel Corp. (the &#8220;Company&#8221;) has identified a correction required t
709005,2024-05-13,0001654954-24-006097,nrom_8k.htm,keep,"pursuant to Section 13(a) of the Exchange Act. &#9744; &#160; &#160; &#160; &#160; &#160; Item 4.02 Non-Reliance On Previously Issued Financial Statements Or A Related Audit Report Or Completed Interim Review. &#160; On May 8, 2024, management of Noble Roman's, Inc. (the &#8220;Company&#8221;) and A"
726601,2024-05-13,0001171200-24-000210,i24249_ccbg-8k.htm,keep,"ards provided pursuant to Section 13(a) of the Exchange Act. &#9744; &#160; &#160; &#160; Item 4.02 Non-Reliance on Previously Issued Financial Statements or a Related Audit Report or Completed Interim Review. &#160; Impacted Periods and Financial Statements &#160; On May 8, 2024 and in connection w"
1403708,2024-05-14,0000950170-24-059477,evok-20240513.htm,keep,"counting standards provided pursuant to Section 13(a) of the Exchange Act. &#9744; &#160; Item 4.02 Non-Reliance on Previously Issued Financial Statements or a Related Audit Report or Completed Interim Review. On May 13, 2024, the Audit Committee of the board of directors (the &#8220;Audit Committee"
1862463,2024-05-14,0001213900-24-042931,ea0206034-8k_insight.htm,spac_share_reclassification,Class A shares reclassified to temporary equity
1967306,2024-05-15,0001558370-24-008247,tmb-20240514x8k.htm,keep,"pursuant to Section&#160;13(a)&#160;of the Exchange Act. &#9744; &#8203; &#8203; &#8203; Item 4. 02 Non-Reliance on Previously Issued Financial Statements or a Related Audit &#160; Report or Completed Interim Review &#8203; On May 14, 2024, the audit committee of the Board of Directors of Mercer Ban"
1709542,2024-05-17,0001683168-24-003629,elecserv_8k.htm,keep,"e fiscal year ended December 31, 2023, some of which have not yet been remediated. &#160; Item 4.02 Non-Reliance on Previously Issued Financial Statements or a Related Audit Report or Completed Interim Review. &#160; (a) At this time, the Company is not aware of any basis to believe that any previou"
1862068,2024-05-17,0001829126-24-003482,rubicontechnologies_8k.htm,keep,"ection&#160;13(a) of the Exchange Act. &#9744; &#160; &#160; &#160; &#160; &#160; &#160; Item 4.02. Non-Reliance on Previously Issued Financial Statements and Completed Interim Review. &#160; On May&#160;16, 2024, the Board of Directors (the &#8220;Board&#8221;) of Rubicon Technologies, Inc. (the &#"
1866838,2024-05-17,0001213900-24-044508,ea0206356-8k_inception.htm,keep,#160; IGTAR &#160; The Nasdaq Stock Market LLC &#160; &#160; &#160; &#160; &#160; &#160; Item 4.02. Non-Reliance on Previously Issued Financial Statements or a Related Audit Report or Completed Interim Review. &#160; In connection with the preparation of the financial statements for Inception Growth
714712,2024-05-21,0001558370-24-008533,juvf-20240517x8k.htm,keep,"&#8203; &#8203; Juniata Valley Financial Corp. Current Report on Form 8-K &#8203; &#8203; Item 4.02 Non-Reliance on Previously Issued Financial Statements or a Related Audit Report or Completed Interim Review &#8203; On May 17, 2024, the Audit Committee (the &#8220;Audit Committee&#8221;) of the Boa"
1505497,2024-05-24,0001021771-24-000140,brt8k523.htm,keep,"cial accounting standards provided pursuant to Section 13(a) of the Exchange Act. &#9744; Item 4.02 Non-Reliance on Previously Issued Financial Statements or a Related Audit Report or Completed Interim Review. (a) &#160; On May 23, 2024, BioRestorative Therapies, Inc. (the &#8220;Company&#8221;), in"
1779474,2024-05-24,0001779474-24-000021,maps-20240520.htm,keep,"as expressly set forth by specific reference in such a filing. Item 4.02(a)&#160;&#160;&#160;&#160;Non-Reliance on Previously Issued Financial Statements or a Related Audit Report or Completed Interim Review. In connection with the preparation of WM Technology, Inc.'s (the &#8220;Company&#8221;) con"
1894057,2024-05-24,0001104659-24-065173,tm2415283d1_8k.htm,keep,t to Section 13(a) of the Exchange Act. &#168; &#160; &#160; &#160; &#160; &#160; &#160; Item 4.02. Non-Reliance&#160;on Previously Issued Financial Statements or a Related Audit Report or Completed Interim Review. &#160; (a)&#160;In connection with the preparation of&#160;Papaya Growth Opportunity 
709283,2024-05-29,0001193125-24-149195,d836470d8k.htm,keep,1.01 of this Current Report on Form 8-K is incorporated herein by reference. &#160; Item&#8201;4.02 Non-Reliance on Previously Issued Financial Statements or Related Audit Report or Completed Interim Review. The Company has completed a major step in the process of regaining compliance with its finan
1869673,2024-05-29,0001193125-24-148940,d839259d8k.htm,keep,"rovided pursuant to Section 13(a) of the Exchange Act. &#9744; &#160; &#160; &#160; Item&#8201;4.02 Non-Reliance on Previously Issued Financial Statements or a Related Audit Report or Completed Interim Review. On May&#160;23, 2024, the audit committee of the board of directors of Berenson Acquisitio"
1812360,2024-06-04,0001213900-24-049610,ea0207221-8k_foxotech.htm,keep,"t to Section 13(a) of the Exchange Act. &#9744; &#160; &#160; &#160; &#160; &#160; &#160; Item 4.02 Non-Reliance on Previously Issued Financial Statements or a Related Audit Report or Completed Interim Review. &#160; On May 30, 2024, the board of directors (the &#8220; Board &#8221;) of the Company "
1849380,2024-06-04,0001493152-24-022544,form8-k.htm,keep,"-K or a reportable event as described in paragraph 304(a)(1)(v) of Regulation S-K. &#160; Item 4.02 Non-Reliance on Previously Issued Financial Statements or a Related Audit Report or Completed Interim Review. &#160; (a) At this time, the Company is not aware of any basis to believe that any previou"
1449792,2024-06-06,0001493152-24-022972,form8-k.htm,keep,") of the Exchange Act. &#9744; &#160; &#160; &#160; &#160; &#160; &#160; &#160; &#160; Item 4.02(a) Non-Reliance on Previously Issued Financial Statements or a Related Audit Report or Completed Interim Review. &#160; On May 31, 2024, the Audit Committee (the &#8220;Committee&#8221;) of the Board of "
1593184,2024-06-11,0001683168-24-004095,bioregenx_8k.htm,keep,"S-K) or a reportable event (as described in Item 304(a)(1)(v) of Regulation S-K). &#160; Item 4.02 Non-Reliance On Previously Issued Financial Statements Or A Related Audit Report Or Completed Interim Review. &#160; On June 7, 2024, after detailed review of guidance provided by the U.S. Securities a"
1571329,2024-06-14,0001193125-24-161596,d841428d8k.htm,keep,uant to Section&#160;13(a) of the Exchange Act.&#8194;&#9744; &#160; &#160; &#160; Item&#8201;4.02. Non-Reliance on Previously Issued Financial Statements or a Related Audit Report or Completed Interim Review. As previously disclosed in the Annual Report on Form 10-K for the fiscal year ended Decemb
1832161,2024-06-25,0001493152-24-025074,form8-k.htm,keep,"t to Section 13(a) of the Exchange Act. &#9744; &#160; &#160; &#160; &#160; &#160; &#160; Item 4.02 Non-Reliance on Previously Issued Financial Statements or a Related Audit Report or Completed Interim Review. &#160; June 30, 2022 Consolidated Financial Statements &#160; As previously disclosed in t"
1434740,2024-07-01,0001477932-24-004017,rngr_8k.htm,keep,"vided pursuant to Section 13(a) of the Exchange Act. &#9744; &#160; &#160; &#160; &#160; Item 4.02. Non-Reliance on Previously Issued Financial Statements or a Related Audit Report or Completed Interim Review &#160; On June 26, 2024, the board of directors, which functions as the registrant's audit "
1941536,2024-07-01,0001683168-24-004551,bridger_8k.htm,keep,nd conditions of the Merger Agreement. &#160; &#160; &#160; &#160; 2 &#160; &#160; &#160; Item 4.02 Non-Reliance on Previously Issued Financial Statements or a Related Audit Report or Complete Interim Review. &#160; In response to a comment letter from the staff of the U.S. Securities and Exchange C
1227654,2024-07-03,0001227654-24-000148,cmp-20240628.htm,keep,"ds provided pursuant to Section 13(a) of the Exchange Act. &#9744; Item 4.02&#160;&#160;&#160;&#160;Non-Reliance on Previously Issued Financial Statements or a Related Audit Report or Completed Interim Review. On June 28, 2024, the Audit Committee (the &#8220;Audit Committee&#8221;) of the Board of "
1860879,2024-07-03,0001829126-24-004571,rigelresource_8k.htm,keep,"ection&#160;13(a) of the Exchange Act. &#9744; &#160; &#160; &#160; &#160; &#160; &#160; Item 4.02. Non-Reliance on Previously Issued Financial Statements or a Related Audit Report or Completed Interim Review. &#160; On June&#160;28, 2024, Rigel Resource Acquisition Corp's (the &#8220;Company&#8221;"
1042893,2024-07-08,0000950170-24-082091,drq-20240708.htm,keep,"ation set forth under Item 4.02 is incorporated into this Item 2.02 by reference. &#160; Item 4.02. Non-Reliance on Previously Issued Financial Statements or a Related Audit Report or Completed Interim Review. Dril-Quip, Inc. (the &#8220;Company&#8221; or &#8220;we&#8221;) received comment letters f"
1553404,2024-07-08,0001213900-24-059681,ea0209071-8k_pacific.htm,keep,"Section 13(a) of the Exchange Act. &#9744; &#160; &#160; &#160; &#160; &#160; &#160; Item 4.02(a). Non-Reliance on Previously Issued Financial Statements or a Related Audit Report or Completed Interim Review &#160; a. On July 3, 2024, the Audit Committee of the Board of Directors (the &#8220;Audit C"
1757499,2024-07-16,0001493152-24-028031,form8-k.htm,keep,"t to Section 13(a) of the Exchange Act. &#9744; &#160; &#160; &#160; &#160; &#160; &#160; Item 4.02 Non-Reliance On Previously Issued Financial Statements Or A Related Audit Report Or Completed Interim Review. &#160; As previously disclosed in the Shuttle Pharmaceuticals Holdings, Inc. (the &#8220;C"
1556593,2024-07-22,0001140361-24-033746,ef20032788_8k.htm,keep,"cial accounting standards provided pursuant to Section 13(a) of the Exchange Act. &#9744; Item 4.02 Non-Reliance on Previously Issued Financial Statements or a Related Audit Report or Completed Interim Review. Restatement of Historical Financial Results On July 22, 2024, the Audit Committee (the &#8"
1391426,2024-07-25,0001903596-24-000431,clnv_8k.htm,keep,"rds provided pursuant to Section 13(a) of the Exchange Act. &#9746; &#160; &#160; &#160; Item 4.02. Non-Reliance on Previously Issued Financial Statements or a Related Audit Report or Completed Interim Review. &#160; On July 20, 2024, Clean Vision Corporation (the &#8220;Company&#8221;) received a w"
1687926,2024-07-25,0001493152-24-029123,form8-k.htm,keep,"to Section 13(a) of the Exchange Act. &#9744; &#160; &#160; &#160; &#160; &#160; &#160; Item 4.02. Non-Reliance on Previously Issued Financial Statements or a Related Audit Report or Completed Interim Review. &#160; On July 21, 2024, Fruci & Associates II, PLLC (&#8220;Fruci&#8221;), the independent"
1539680,2024-07-26,0001062993-24-014097,form8k.htm,keep,"unting standards provided pursuant to Section 13(a) of the Exchange Act. &#9744; Item 4.02(b)&#160; Non-Reliance on Previously Issued Financial Statements or a Related Audit Report or Completed Interim Review. On July 23, 2024, Hammer Fiber Optics Holdings Corp. (the ""Company"") received notification"
1531978,2024-07-30,0001104659-24-084012,tm2420257d2_8k.htm,keep,"ading &#8220;Controls and Procedures&#8221;, are incorporated herein by reference. &#160; Item 4.02 Non-Reliance on Previously Issued Financial Statements or a Related Audit Report or Completed Interim Review. &#160; On July&#160;30, 2024, the Audit Committee of the Board of Directors (the &#8220;Au"
1042893,2024-08-01,0000950170-24-089318,drq-20240801.htm,keep,"ndment does not amend, modify, or supplement the Original Form 8-K in any other respect. Item 4.02. Non-Reliance on Previously Issued Financial Statements or a Related Audit Report or Completed Interim Review. Adjusted EBITDA for the year ended December 31, 2021 was impacted by the previously disclo"
1865506,2024-08-02,0001213900-24-064742,ea0210518-8k_zeoenergy.htm,keep,"to Section 13(a) of the Exchange Act. &#9744; &#160; &#160; &#160; &#160; &#160; &#160; Item 4.02. Non-Reliance on Previously Issued Financial Statements or a Related Audit Report or Completed Interim Review. &#160; On July 29, 2024, the audit committee of the board of directors of Zeo Energy Corp. "
1279704,2024-08-09,0001104659-24-087859,tm2421322d1_8k.htm,keep,"pursuant to Section 13(a) of the Exchange Act. &#168; &#160; &#160; &#160; &#160; &#160; Item 4.02. Non-Reliance on Previously Issued Financial Statements or a Related Audit Report or Completed Interim Review. &#160; On August 9, 2024, Cellectar Biosciences, Inc. Board of Directors (the &#8220;Board"
1893311,2024-08-09,0001829126-24-005363,luxurban_8k.htm,keep,"#160; The Nasdaq Stock Market LLC &#160; &#160; &#160; &#160; &#160; &#160; &#160; &#160; Item 4.02 Non-Reliance on Previously Issued Financial Statements or a Related Audit Report or Completed Interim Review. &#160; On August 9, 2024, the Chief Financial Officer of LuxUrban Hotels Inc. (&#8220;Comp"
1758009,2024-08-12,0001213900-24-067742,ea0211035-8k_quantum.htm,keep,"t to Section 13(a) of the Exchange Act. &#9744; &#160; &#160; &#160; &#160; &#160; &#160; Item 4.02 Non-Reliance On Previously Issued Financial Statements Or A Related Audit Report Or Completed Interim Review. &#160; As previously disclosed in the Quantum Computing Inc. (the &#8220;Company&#8221;, &"
1590496,2024-08-13,0001213900-24-068082,ea0211202-8k_aerkomm.htm,keep,"convert upon the closing of the merger at $11.50 per share of Parent Common Stock. &#160; Item 4.02 Non-Reliance on Previously Issued Financial Statements or a Related Audit Report or Completed Interim Review &#160; On August 9, 2024, the Company's Audit Committee of the Company's Board of Directors"
1832161,2024-08-13,0001493152-24-031682,form8-k.htm,keep,"nce herein. You are urged to read said exhibits attached hereto in their entirety. &#160; Item 4.02 Non-Reliance on Previously Issued Financial Statements or a Related Audit Report or Completed Interim Review. &#160; (a) On August 9, 2024, management identified and corrected a non-cash accounting er"
1855474,2024-08-13,0001213900-24-067929,ea0211220-8k_montana.htm,keep,"ursuant to Section 13(a) of the Exchange Act. &#9744; &#160; &#160; &#160; &#160; &#160; Item 4.02. Non-Reliance on Previously Issued Financial Statements or a Related Audit Report or Completed Interim Review . &#160; On August 12, 2024, following the results of a consultation process with the Secur"
1404281,2024-08-14,0000950170-24-097206,eldn-20240814.htm,spac_warrant_reclassification,warrant reclassification per the 2021 SEC statement
1676163,2024-08-14,0001213900-24-068635,ea0211280-8k_ssinnov.htm,keep,"220; our &#8221; refer to SS Innovations International, Inc. and its subsidiaries. &#160; Item 4.02 Non-Reliance on Previously Issued Financial Statements or a Related Audit Report or Completed Interim Review. &#160; On May 3, 2024, the Securities and Exchange Commission (the &#8220; SEC &#8221;) en"
1706524,2024-08-14,0001706524-24-000066,ugro-20240812.htm,keep,"ondition The information included in Item 7.01 below is incorporated herein by reference. Item 4.02 Non-Reliance on Previously Issued Financial Statements or a Related Audit Report or Completed Interim Review As reported on the Current Report on Form 8-K filed on May 6, 2024 by urban-gro, Inc. (the "
1759186,2024-08-14,0001683168-24-005713,coeptis_8k.htm,keep,";&#160;&#160;&#160;&#160; &#9744; &#160; &#160; &#160; &#160; &#160; &#160; &#160; &#160; Item 4.02 Non-Reliance on Previously Issued Financial Statements or a Related Audit Report or Completed Interim Report &#160; On August 9, 2024, the Audit Committee of Coeptis Therapeutics Holdings, Inc. (&#822"
1800637,2024-08-14,0001213900-24-069076,ea0211340-8k_agrify.htm,keep,"es of common stock, notes, or any other securities of the Company. &#160; 1 &#160; &#160; Item 4.02 Non-Reliance on Previously Issued Financial Statements or a Related Audit Report or Completed Interim Review. &#160; On August 14, 2024, the Audit Committee of the Board of Directors (the &#8220;Audit"
777917,2024-08-16,0000777917-24-000077,cik777917-20240816.htm,keep,"he heading &#8220;Controls and Procedures&#8221;, are incorporated herein by reference. Item 4.02 - Non-Reliance on Previously Issued Financial Statements or a Related Audit Report or Completed Interim Review. On August 16, 2024, the Board of Directors of Pruco Life Insurance Company (&#8220;Pruco L"
1293818,2024-08-19,0001829126-24-005654,opgeninc_8k.htm,keep,"on&#160;13(a) of the Exchange Act.&#160;&#9744; &#160; &#160; &#160; &#160; &#160; &#160; Item 4.02 Non-Reliance on Previously Issued Financial Statements or Related Audit Report or Completed Interim Review. &#160; On August 14, 2024, management of OpGen, Inc. (the &#8220;Company&#8221;), in consult"
1527728,2024-08-19,0001731122-24-001283,e5891_8-k.htm,keep,"pursuant to Section 13(a) of the Exchange Act.&#160; &#9744; &#160; &#160; &#160; &#160; Item 4.02 Non-Reliance on Previously Issued Financial Statements or a Related Audit Report or Completed Interim Review. &#160; On August 14, 2024, the Audit Committee of the Board of Directors of the Company, ba"
1879814,2024-08-19,0001104659-24-090895,tm2421982d1_8k.htm,keep,pursuant to Section 13(a) of the Exchange Act. &#168; &#160; &#160; &#160; &#160; &#160; Item 4.02. Non-Reliance on Previously Issued Financial Statements or a Related Audit Report or Completed Interim Review. &#160; In connection with the preparation of the financial statements of TLGY Acquisition 
1309082,2024-08-23,0001477932-24-005238,cei_8k.htm,keep,"vided pursuant to Section 13(a) of the Exchange Act. &#9744; &#160; &#160; &#160; &#160; Item 4.02. Non-Reliance on Previously Issued Financial Statements or a Related Audit Report or Completed Interim Review . &#160; On August 21, 2024, the Board of Directors of Camber Energy, Inc. (&#8220; Camber "
1883984,2024-08-23,0001213900-24-071995,ea0212224-8k_alternus.htm,keep,"em&#160;4.02&#160;below is incorporated into this Item 2.02 by reference. &#160; Item&#160;4.02(a). Non-Reliance on Previously Issued Financial Statements or a Related Audit Report or Completed Interim Review. &#160; On August 16, 2024, the Audit Committee (the &#8220;Committee&#8221;) of the Board "
1623590,2024-08-26,0001753926-24-001477,g084408_fintech-8k.htm,keep,"ction 13(a) of the Exchange Act. &#9744; &#160; &#160; &#160; &#160; &#160; &#160; &#160; Item 4.02 Non-Reliance on Previously Issued Financial Statements or a Related Audit Report or Completed Interim Review. &#160; On August 26, 2024, Fintech Scion Limited (the &#8220;Company&#8221;) after discuss"
1870143,2024-08-26,0001213900-24-072582,ea0212223-8k_percep4.htm,keep,to Section 13(a) of the Exchange Act. &#9744; &#160; &#160; &#160; &#160; &#160; &#160; Item 4.02. Non-Reliance on Previously Issued Financial Statements or a Related Audit Report or Completed Interim Review. &#160; In connection with the preparation of the financial statements of Perception Capital
1816017,2024-08-27,0000950170-24-101007,spir-20240821.htm,keep,"release with respect to the receipt of the notice of noncompliance from the NYSE. &#160; Item 4.02 Non-Reliance on Previously Issued Financial Statements or a Related Audit Report or Completed Interim Review. As previously disclosed in the Company's Form 12b-25 filed with the SEC on August 14, 2024,"
1623590,2024-08-28,0001753926-24-001487,g084413_fintech-8ka.htm,keep,20;Original Filing&#8221;) to clarify the disclosure inadvertently set forth under &#8220;Item 4.02 Non-Reliance on Previously Issued Financial Statements or a Related Audit Report or Completed Interim Review&#8221; which was filed in error under such heading. This Amendment amends and restates in i
1877461,2024-08-28,0001477932-24-005351,cbdw_8k.htm,keep,"nt to Section 13(a) of the Exchange Act.&#160; &#9744; &#160; &#160; &#160; &#160; Item 4.02 &#160; Non-Reliance on Previously Issued Financial Statements or a Related Audit Report or Completed Interim Review . &#160; &#160; On April 2, 2024, the Board of Directors of 1606 Corp., a Nevada corporatio"
1894630,2024-08-29,0001193125-24-209967,d70321d8k.htm,keep,"ovided pursuant to Section 13(a) of the Exchange Act. &#9744; &#160; &#160; &#160; Item&#8201;4.02. Non-Reliance on Previously Issued Financial Statements or a Related Audit Report or Completed Interim Review. On August&#160;23, 2024, the Audit Committee (the &#8220; Audit Committee &#8221;) of the "
1083743,2024-09-05,0001493152-24-035146,form8-k.htm,keep,"t to Section 13(a) of the Exchange Act. &#9744; &#160; &#160; &#160; &#160; &#160; &#160; Item 4.02 Non-Reliance on Previously Issued Financial Statements or a Related Audit Report or Completed Interim Review. &#160; (a) On August 30, 2024, the Board of Directors of Flux Power Holdings, Inc. (the &#"
1325670,2024-09-12,0001104659-24-099369,tm2423918d1_8k.htm,keep,"pursuant to Section 13(a) of the Exchange Act. &#168; &#160; &#160; &#160; &#160; &#160; Item 4.02 Non-Reliance on Previously Issued Financial Statements or a Related Audit Report or Completed Interim Review. &#160; On September 9, 2024, the management team of Primis Financial Corp. (the &#8220; Com"
1882198,2024-09-13,0001213900-24-078600,ea0214400-8k_athena2.htm,spac_warrant_reclassification,warrant reclassification per the 2021 SEC statement
1872525,2024-09-16,0001213900-24-078971,ea0214596-8k_stran.htm,keep,"t to Section 13(a) of the Exchange Act. &#9744; &#160; &#160; &#160; &#160; &#160; &#160; Item 4.02 Non-Reliance on Previously Issued Financial Statements or a Related Audit Report or Completed Interim Review. &#160; In connection with the re-audit of the financial statements of Stran & Company, Inc"
730272,2024-09-18,0001193125-24-221406,d886256d8k.htm,keep,"nge Act, except as expressly set forth by specific reference in such filing. &#160; Item&#8201;4.02 Non-Reliance on Previously Issued Financial Statements or a Related Audit Report or Completed Interim Review. (a) On September&#160;12, 2024, the Audit Committee of the Board of Directors of Repligen "
1948455,2024-09-18,0001213900-24-079914,ea0214507-8k_ispire.htm,keep,"pursuant to Section 13(a) of the Exchange Act. &#9744; &#160; &#160; &#160; &#160; &#160; Item 4.02 Non-Reliance On Previously Issued Financial Statements Or A Related Audit Report Or Completed Interim Review. &#160; On September 12, 2024, the Audit Committee of the Board of Directors (the &#8220;Au"
1417926,2024-09-20,0001493152-24-037589,form8-k.htm,keep,r maintain compliance with the other Nasdaq listing requirements. &#160; Item 4.02 N on-Reliance on Previously Issued Financial Statements or a Related Audit Report or Completed Interim Review . &#160; The Company's previously issued financial statements are being restated as a result of an internal
1807887,2024-09-23,0001493152-24-037825,form8-k.htm,keep,"t to Section 13(a) of the Exchange Act. &#9746; &#160; &#160; &#160; &#160; &#160; &#160; Item 4.02 Non-Reliance On Previously Issued Financial Statements Or A Related Audit Report Or Completed Interim Review. &#160; On August 21, 2024, the Audit Committee of the Board of Directors (the &#8220;Audit"
1532619,2024-09-24,0001493152-24-037985,form8-k.htm,keep,"to Section 13(a) of the Exchange Act. &#9744; &#160; &#160; &#160; &#160; &#160; &#160; Item 4.02. Non-Reliance on Previously Issued Financial Statements or a Related Audit Report or Completed Interim Review. &#160; On September 24, 2024, Power REIT (the &#8220;Trust&#8221;) determined&#160; that th"
1632127,2024-09-24,0001632127-24-000117,cabo-20240923.htm,keep,"information appearing below under Item 4.02 refers to certain financial statements that the Company intends to restate. The restatement is not expected to affect the Company's previously reported revenues, capital expenditures, cash flows from operating activities or Adjusted EBITDA. Item 4.02 Non-R"
1652958,2024-09-24,0001683168-24-006613,edgemode_8k.htm,keep,"t to Section 13(a) of the Exchange Act. &#9744; &#160; &#160; &#160; &#160; &#160; &#160; Item 4.02 Non-Reliance On Previously Issued Financial Statements Or A Related Audit Report Or Completed Interim Review. &#160; On September 17, 2024, the Board of Directors of EdgeMode, Inc., concluded after di"
1851612,2024-09-25,0001140361-24-041916,ef20036275_8k.htm,spac_warrant_reclassification,warrant reclassification per the 2021 SEC statement
1117057,2024-09-30,0001213900-24-082947,ea0215464-8k_planet.htm,keep,"to Section 13(a) of the Exchange Act. &#9744; &#160; &#160; &#160; &#160; &#160; &#160; Item 4.02. Non-Reliance on Previously Issued Financial Statements or a Related Audit Report or Completed Interim Review. &#160; On September 30, 2024, Planet Green Holdings Corp. (the &#8220;Company&#8221;) deter"
1442999,2024-09-30,0001663577-24-000255,abti8k092724.htm,keep,"egistered pursuant to Section 12(b) of the Act: None. &#160; &#160; &#160; &#160; &#160; Item 4.02. Non-Reliance on Previously Issued Financial Statements or a Related Audit Report or Completed Interim Review. On September 24, 2024, the board of directors of Alterola Biotech, Inc. (the &#8220;Compan"
1879848,2024-10-01,0001493152-24-039002,form8-ka.htm,keep,"pursuant to Section 13(a) of the Exchange Act. &#160; &#160; &#160; &#160; &#160; &#160; Item 4.02 Non-Reliance on Previously Issued Financial Statements or a Related Audit Report or Completed Interim Review. &#160; (a) On January 17, 2024, Phoenix Motor Inc. (the &#8220;Company&#8221;) filed a Curr"
827871,2024-10-02,0001104659-24-105232,tm2425306d1_8k.htm,keep,"ected and there will be a decrease in the liquidity of the Company's common stock. &#160; Item 4.02 Non-Reliance on Previously Issued Financial Statements or a Related Audit Report or Completed Interim Review. &#160; On September&#160;27, 2024, the Audit Committee (the &#8220;Audit Committee&#8221;)"
1807887,2024-10-02,0001493152-24-039210,form8-k.htm,keep,"t to Section 13(a) of the Exchange Act. &#9746; &#160; &#160; &#160; &#160; &#160; &#160; Item 4.02 Non-Reliance On Previously Issued Financial Statements Or A Related Audit Report Or Completed Interim Review. &#160; On May 14, 2024, the Audit Committee of the Board of Directors (the &#8220;Audit Co"
1015383,2024-10-03,0001493152-24-039407,form8-k.htm,keep,"tion 13(a) of the Exchange Act. &#9744; &#160; &#160; &#160; &#160; &#160; &#160; Item 4.02 &#8211; Non-Reliance on Previously Issued Financial Statements or a Related Audit Report or Completed Interim Review &#160; On September 27, 2024, the Company received a communication from its independent reg"
1723059,2024-10-07,0001213900-24-085841,ea021696801-8k_bioessence.htm,keep,"; &#160; &#160; SECTION 4 &#8211; MATTERS RELATED TO ACCOUNTANTS AND FINANCIAL STATEMENTS Item 4.02 Non-Reliance on Previously Issued Financial Statements or a Related Audit Report or Completed Interim Review. &#160; On August 19, 2024, Bio Essence Corp., a California corporation (the &#8220;Company"
352825,2024-10-08,0000352825-24-000197,fstr-20241007.htm,keep,cial accounting standards provided pursuant to Section 13(a) of the Exchange Act. &#9744; Item 4.02 Non-Reliance on Previously Issued Financial Statements or a Related Audit Report or Completed Interim Review. (a) In light of recent comments issued by the staff of the U.S. Securities and Exchange Co
719733,2024-10-10,0000719733-24-000107,ktcc-20241009.htm,keep,accounting standards provided pursuant to Section 13(a) of the Exchange Act. &#9744; ITEM&#160;4.02 NON-RELIANCE ON PREVIOUSLY ISSUED FINANCIAL STATEMENTS OR A RELATED AUDIT REPORT OR COMPLETED INTERIM REVIEW In connection with the preparation of Key Tronic Corporation's (the &#8220;Company&#8221;) 
1438943,2024-10-15,0001493152-24-041058,form8-k.htm,keep,"t to Section 13(a) of the Exchange Act. &#9744; &#160; &#160; &#160; &#160; &#160; &#160; Item 4.02 Non-Reliance on Previously Issued Financial Statements or a Related Audit Report or Completed Interim Review &#160; On August 7, 2024, the Audit Committee of the Board of Directors of Range Impact, In"
1880613,2024-10-15,0001104659-24-108648,tm2426201d1_8k.htm,keep,"the financial covenants under the Credit Agreement, effective as of June 30, 2024. &#160; Item 4.02 Non-Reliance on Previously Issued Financial Statements or a Related Audit Report or Completed Interim Review. &#160; On October 14, 2024, the Audit Committee of the Board of Directors (the &#8220; Aud"
2006191,2024-10-15,0001193125-24-237306,d836095d8k.htm,keep,"uant to Section&#160;13(a) of the Exchange Act. &#9744; &#160; &#160; &#160; Item&#8201;4.02.&#8195;Non-Reliance on Previously Issued Financial Statements or a Related Audit Report or Completed Interim Review. (a)&#8195;On October&#160;15, 2024, Lionsgate Studios Corp. (the &#8220;Company&#8221;)&#1"
1623590,2024-10-16,0001753926-24-001709,g084488_8k.htm,keep,"pursuant to Section 13(a) of the Exchange Act. &#9744; &#160; &#160; &#160; &#160; &#160; Item 4.02 Non-Reliance on Previously Issued Financial Statements or a Related Audit Report or Completed Interim Review. &#160; On October 16, 2024, Fintech Scion Limited (the &#8220;Company&#8221;) after discus"
811222,2024-10-17,0001683168-24-007190,cardiff_8k.htm,keep,"(a) of the Exchange Act. &#9744; &#160; &#160; &#160; &#160; &#160; &#160; &#160; &#160; Item 4.02. Non-Reliance on Previously Issued Financial Statements or a Related Audit Report or Completed Interim Review &#160; On October 16, 2024, the Board of Directors of Cardiff Lexington Corporation (the &#"
1936258,2024-10-18,0001193125-24-239687,d894508d8k.htm,keep,"s provided pursuant to Section&#160;13(a) of the Exchange Act. &#160; &#160; &#160; Item&#8201;4.02 Non-Reliance on Previously Issued Financial Statements or a Related Audit Report or Completed Interim Review. Restatement of Historical Financials On October&#160;18, 2024, the Audit Committee (the &#"
771999,2024-10-22,0001493152-24-042110,form8-k.htm,keep,"t to Section 13(a) of the Exchange Act. &#9744; &#160; &#160; &#160; &#160; &#160; &#160; Item 4.02 Non-Reliance on Previously Issued Financial Statements or a Related Audit Report or Completed Interim Review. &#160; On October 18, &#160;2024, the Audit Committee of DSS, Inc. (the &#8220;Audit Commi"
1477246,2024-10-23,0000950170-24-116688,sanw-20241017.htm,keep,"mpany is able to regain compliance with the Minimum Bid Requirement by November 11, 2024. Item 4.02 Non-Reliance on Previously Issued Financial Statements or a Related Audit Report or Completed Interim Review On October 17, 2024, Company management concluded that its unaudited condensed consolidated"
1814215,2024-10-24,0000950170-24-116747,buru-20241023.htm,keep,"counting standards provided pursuant to Section 13(a) of the Exchange Act. &#9744; &#160; Item 4.02 Non-Reliance on Previously Issued Financial Statements or a Related Audit Report or Completed Interim Review. On October 21, 2024, Nuburu, Inc. (the &#8220;Company&#8221;) determined that investors sh"
1556727,2024-10-25,0001437749-24-032157,fnwb20241025_8k.htm,keep,"Act, except as shall be expressly set forth by specific reference in such filing. &#160; Item 4.02 Non-Reliance on Previously Issued Financial Statements or a Related Audit Report or Completed Interim Review &#160; On October 21, 2024, the Audit Committee of the Board of Directors (the ""Audit Commit"
1805385,2024-10-25,0001104659-24-111310,tm2426702d3_8k.htm,keep,uant to Section 13(a) of the Exchange Act. &#168; &#160; &#160; &#160; &#160; &#160; Item&#160;4.02 Non-Reliance on Previously Issued Financial Statements or a Related Audit Report or Completed Interim Review. &#160; (a)&#160;&#160;&#160;&#160;&#160;&#160;&#160;&#160;&#160;&#160;&#160; In September 
1681206,2024-10-28,0001174947-24-001172,form8k-33061_nodk.htm,keep,"s provided pursuant to Section 13(a) of the Exchange Act.&#160; [ ] &#160; &#160; &#160; Item 4.02. Non-Reliance on Previously Issued Financial Statements or a Related Audit Report or Completed Interim Review. &#160; On October 25, 2024, the Audit Committee of the Board of Directors (the &#8220;Audi"
1620280,2024-10-31,0001104659-24-112863,tm2427044d1_8k.htm,keep,";99.1 and is incorporated herein solely for purposes of this Item 2.02 disclosure. &#160; Item 4.02 Non-Reliance on Previously Issued Financial Statements or a Related Audit Report or Completed Interim Review &#160; During the third quarter of 2023, the Company recorded a goodwill impairment and rel"
2006986,2024-11-01,0001558370-24-014144,adgm-20241101x8k.htm,keep,";13(a)&#160;of the Exchange Act. &#9744; &#8203; &#8203; &#8203; &#8203; &#8203; &#8203; Item 4.02. Non-Reliance on Previously Issued Financial Statements or a Related Audit Report or Completed Interim Review. &#8203; (a) On November 1, 2024, the audit committee (the &#8220;Audit Committee&#8221;) o"
7084,2024-11-05,0000007084-24-000034,adm-20241104.htm,keep,"provided pursuant to Section 13(a) of the Exchange Act. &#160;&#160;&#160;&#160; &#9744; Item 4.02: Non-Reliance on Previously Issued Financial Statements or a Related Audit Report or Completed Interim Review. On November&#160;4, 2024, the Board of Directors (the &#8220;Board&#8221;) of Archer-Danie"
1849380,2024-11-05,0001493152-24-043622,form8-k.htm,spac_warrant_reclassification,warrant reclassification per the 2021 SEC statement
1871149,2024-11-06,0001193125-24-252178,d853542d8k.htm,keep,"ed pursuant to Section&#160;13(a) of the Exchange Act. &#9746; &#160; &#160; &#160; Item&#8201;4.02 Non-Reliance on Previously Issued Financial Statements or a Related Audit Report or Completed Interim Review. On November&#160;5, 2024, the audit committee and the board of directors of The Real Good "
1540684,2024-11-08,0001493152-24-044290,form8-k.htm,keep,"to Section 13(a) of the Exchange Act. &#9744; &#160; &#160; &#160; &#160; &#160; &#160; Item 4.02. Non-Reliance on Previously Issued Financial Statements or a Related Audit Report or Completed Interim Review. &#160; On November 8, 2024, subsequent to the filing of the Annual Report on Form 10-K for "
1503274,2024-11-12,0001503274-24-000014,qtrx-20241111.htm,keep,"nancial results for the third quarter ended September&#160;30, 2024 and the need to restate certain previously issued financial statements as further described in Item 4.02 below (the &#8220;Press Release&#8221;). A copy of the Press Release is furnished as Exhibit 99.1 and is incorporated herein by"
1855457,2024-11-12,0001855457-24-000076,kore-20241111.htm,keep,"ded pursuant to Section 13(a) of the Exchange Act.&#160; o Item&#8201;4.02.&#160;&#160;&#160;&#160; Non-Reliance on Previously Issued Financial Statements or a Related Audit Report or Completed Interim Review. On November 11, 2024, during the preparation of KORE Group Holdings, Inc.'s (the &#8220;Co"
8504,2024-11-13,0001493152-24-044957,form8-k.htm,keep,"t to Section 13(a) of the Exchange Act. &#9744; &#160; &#160; &#160; &#160; &#160; &#160; Item 4.02 Non-Reliance on Previously Issued Financial Statements or a Related Audit Report or Completed Interim Review &#160; On November 7, 2024, the Audit Committee of the Board of Directors and the Board of "
1865506,2024-11-14,0001213900-24-098500,ea0221356-8k_zeoenergy.htm,keep,"rds provided pursuant to Section 13(a) of the Exchange Act. &#9744; &#160; &#160; &#160; Item 4.02. Non-Reliance on Previously Issued Financial Statements or a Related Audit Report or Completed Interim Review. &#160; On November 13, 2024, the audit committee of the board of directors of Zeo Energy C"
1883788,2024-11-14,0000950170-24-127147,dhai-20241114.htm,keep,"ress release is furnished as Exhibit 99.1 hereto and is incorporated herein by reference. Item 4.02 Non-Reliance on Previously Issued Financial Statements or a Related Audit Report or Completed Interim Review. On November 14, 2024, the Audit Committee of the Board of Directors (the &#8220;Audit Comm"
1896212,2024-11-14,0001493152-24-046068,form8-k.htm,keep,"to Section 13(a) of the Exchange Act. &#9744; &#160; &#160; &#160; &#160; &#160; &#160; Item 4.02, Non-Reliance on Previously Issued Financial Statements or a Related Audit Report or Completed Interim Review. &#160; On November 12, 2024, Conduit Pharmaceuticals Inc. (the &#8220;Company&#8221;) deter"
1983736,2024-11-14,0001493152-24-046057,form8-k.htm,keep,"t to Section 13(a) of the Exchange Act. &#9744; &#160; &#160; &#160; &#160; &#160; &#160; ITEM 4.02 NON-RELIANCE ON PREVIOUSLY ISSUED FINANCIAL STATEMENTS OR A RELATED AUDIT REPORT OR COMPLETED INTERIM REVIEW. &#160; Background &#160; On May 5, 2024, Eva Live Inc. (the &#8220;Company&#8221;) termina"
1415311,2024-11-18,0001193125-24-260981,d895377d8k.htm,keep,"rovided pursuant to Section 13(a) of the Exchange Act. &#9744; &#160; &#160; &#160; Item&#8201;4.02 Non-Reliance on Previously Issued Financial Statements or a Related Audit Report or Completed Interim Review During the preparation of its Form 10-Q for the quarterly period ended September&#160;30, 2"
1636282,2024-11-18,0001636282-24-000105,syre-20241118.htm,keep,"financial accounting standards provided pursuant to Section 13(a) of the Exchange Act. o Item 4.02 Non-Reliance on Previously Issued Financial Statements or a Related Audit Report or Completed Interim Review. On November 18, 2024, the Audit Committee (the &#8220;Audit Committee&#8221;) of the Board "
1835972,2024-11-18,0001213900-24-099394,ea0221424-8k_ilearning.htm,keep,"ial litigation, changes in customer or investor behavior, and regulatory scrutiny. &#160; Item 4.02 Non-Reliance on Previously Issued Financial Statements or a Related Audit Report or Completed Interim Review. &#160; As previously disclosed, on September 5, 2024, the Board of Directors (the &#8220; "
1837240,2024-11-18,0001837240-24-000213,sym-20241118.htm,keep,"shall be expressly set forth by specific reference in such filing. Item 4.02&#160;&#160;&#160;&#160;Non-Reliance on Previously Issued Financial Statements or a Related Audit Report or Completed Interim Review On November 18, 2024, the Company, on the recommendation of the Audit Committee of the Comp"
1606698,2024-11-19,0001628280-24-048426,alpp-20241114.htm,keep,"cial accounting standards provided pursuant to Section 13(a) of the Exchange Act. &#9746; Item 4.02 Non-Reliance on Previously Issued Financial Statements or a Related Audit Report or Completed Interim Review. On November 15, 2024, the Board of Directors (the &#8220;Board&#8221;) of Alpine 4 Holding"
1922858,2024-11-19,0001213900-24-100240,ea022188801-8k_ecdauto.htm,keep,ovided pursuant to Section 13(a) of the Exchange Act. &#9744; &#160; &#160; &#160; &#160; Item 4.02 Non-Reliance on Previously Issued Financial Statements or a Related Audit Report of Completed Interim Reports. &#160; Barton CPA (&#8220;Barton&#8221;) was engaged by the Audit Committee of the Board 
1413891,2024-11-22,0001213900-24-101599,ea0222353-8k_highwire.htm,keep,"Exchange Act.&#8194; &#9744; &#160; &#160; &#160; &#160; &#160; &#160; &#160; Item&#8201;4.02&#160;Non-Reliance&#160;on Previously Issued Financial Statements or a Related Audit Report or Completed Interim Review &#160; On November 19, 2024, High Wire Networks, Inc. (the &#8220;Company&#8221;)&#160;"
1393612,2024-11-25,0001193125-24-265265,d875437d8k.htm,keep,"Current Report on Form 8-K. The press release is attached hereto as Exhibit 99.1. Item&#8201;4.02. Non-Reliance on Previously Issued Financial Statements or a Related Audit Report or Completed Interim Review. On July&#160;19, 2023, the Company disclosed that beginning around mid-2007, the Company in"
1839132,2024-11-25,0001628280-24-049181,mvla-20241119.htm,keep,"cial accounting standards provided pursuant to Section 13(a) of the Exchange Act. &#9744; Item 4.02 Non-Reliance on Previously Issued Financial Statements or a Related Audit Report or Completed Interim Review. On November 19, 2024, management of Movella Holdings Inc. (the &#8220;Company&#8221;) conc"
1885461,2024-11-26,0001213900-24-102360,ea0222614-8k_shoulder.htm,keep,ection 13(a) of the Exchange Act. &#9744; &#160; &#160; &#160; &#160; &#160; &#160; Item&#8201;4.02 Non-Reliance on Previously Issued Financial Statements or a Related Audit Report or Completed Interim Review &#160; During the preparation of its Quarterly Report on Form 10-Q for the quarterly period
1889450,2024-11-26,0001493152-24-047777,form8-k.htm,spac_warrant_reclassification,warrant reclassification per the 2021 SEC statement
1837240,2024-11-27,0001193125-24-266541,d868548d8ka.htm,keep,"results for the fourth quarter and fiscal year 2024 included in the Fourth Quarter Earnings Release should no longer be relied upon. A copy of the press release is furnished as Exhibit 99.1 to this Amendment. The information furnished pursuant to this Item 2.02, including Exhibit 99.1, shall not be "
1530163,2024-11-29,0001213900-24-104148,ea0222254-8k_samsara.htm,keep,"S &#160; Section 4 &#8211; Matters Related to Accountants and Financial Statements &#160; Item 4.02 Non-Reliance on Previously Issued Financial Statements or a Related Audit Report or Completed Interim Review &#160; On November 27, 2024, the Audit Committee of Samsara Luggage Inc.'s board of directo"
1721056,2024-11-29,0001477932-24-007747,hsct_8k.htm,keep,"ovided pursuant to Section 13(a) of the Exchange Act. &#9744; &#160; &#160; &#160; &#160; Item 4.02 Non-Reliance on Previously Issued Financial Statements or a Related Audit Report or Completed Interim Review. &#160; On November 27, 2024, based on the recommendation of the Company's management, and "
1959994,2024-12-03,0001493152-24-048491,form8-k.htm,keep,"&#160; COOT &#160; The Nasdaq Stock Market LLC &#160; &#160; &#160; &#160; &#160; &#160; Item 4.02 Non-Reliance on Previously Issued Financial Statements or a Related Audit Report or Completed Interim Review. &#160; As previously reported on Form 6-K, filed with the Securities and Exchange Commissio"
1622879,2024-12-04,0001104659-24-125507,tm2430193d1_8k.htm,keep,"nt to Section 13(a) of the Exchange Act. &#168; &#160; &#160; &#160; &#160; &#160; &#160; Item 4.02 Non-Reliance on Previously Issued Financial Statements or a Related Audit Report or Completed Interim Review. &#160; Background &#160; On April&#160;5, 2024, the Audit Committee (the &#8220;Audit Comm"
1661039,2024-12-05,0001654954-24-015205,tptw_8k.htm,keep,"suant to Section 13(a) of the Exchange Act.&#160;&#9744; &#160; &#160; &#160; &#160; Item&#160;4.02 Non-Reliance on Previously Issued Financial Statements or a Related Audit Report or Completed Interim Review. &#160; On December 4, 2024, the Board of Directors of TPT Global Tech, Inc. (the &#8220;Co"
2018064,2024-12-06,0001193125-24-272457,d900535d8k.htm,keep,"suant to Section&#160;13(a) of the Exchange Act.&#8194;&#9744; &#160; &#160; &#160; Item&#8201;4.02 Non-Reliance on Previously Issued Financial Statements or a Related Audit Report or Completed Interim Review. On December&#160;4, 2024, management of Informa PLC (&#8220;Informa&#8221;) advised manage"
1553404,2024-12-12,0001213900-24-108397,ea0224599-8ka1_pacific.htm,keep,"Section 13(a) of the Exchange Act. &#9744; &#160; &#160; &#160; &#160; &#160; &#160; Item 4.02(a). Non-Reliance on Previously Issued Financial Statements or a Related Audit Report or Completed Interim Review &#160; a. As previously reported, on July 3, 2024, the Audit Committee of the Board of Direc"
1784970,2024-12-12,0001213900-24-108480,ea0219811-8k_nexttech.htm,keep,"on which registered &#160; &#160; &#160; &#160; &#160; &#160; &#160; &#160; &#160; &#160; Item 4.02 Non-reliance on previously issued financial statements &#160; On December 10, 2024, The audit committee of Next Technology Holding Inc (formerly known as WeTrade Group Inc. (the &#8220;Company&#8221;)"
1784970,2024-12-12,0001213900-24-108469,ea0219811-8k_nexttech.htm,keep,on which registered &#160; &#160; &#160; &#160; &#160; &#160; &#160; &#160; &#160; &#160; Item 4.02 Non-reliance on previously issued financial statements &#160; The Board of Next Technology Holding Inc (formerly known as WeTrade Group Inc. (the &#8220;Company&#8221;)) has concluded that Form 10-Q f
1856028,2024-12-13,0001140361-24-049546,ef20040060_8k.htm,keep,"ng standards provided pursuant to Section 13(a) of the Exchange Act.&#160; &#9744; &#160; Item 4.02 Non-Reliance on Previously Issued Financial Statements or a Related Audit Report or Completed Interim Review. On December 10, 2024, in connection with the Securities and Exchange Commission's (the &#8"
1889450,2024-12-13,0001493152-24-049977,form8-k.htm,keep,to Section 13(a) of the Exchange Act. &#9744; &#160; &#160; &#160; &#160; &#160; &#160; Item 4.02. Non-Reliance on Previously Issued Financial Statement or Related Audit Report or Completed Interim Review. &#160; As disclosed in the Current Report on Form 8-K filed with the Securities and Exchange C
914122,2024-12-20,0001437749-24-038156,ppih20241216_8k.htm,keep,"vided pursuant to Section 13(a) of the Exchange Act. &#9744; &#160; &#160; &#160; &#160; Item 4.02. Non-Reliance on Previously Issued Financial Statements or a Related Audit Report or Completed Interim Review. &#160; On December &#160;19, 2024, the Audit Committee of the Board of Directors of Perma-"
725394,2024-12-23,0001683168-24-008906,dalrada_8k.htm,keep,160; &#160; &#160; &#160; &#160; &#160; &#160; &#160; &#160; ITEM 4.02&#160;&#160;&#160;&#160;&#160;Non-Reliance on Previously Issued Financial Statement or Related Audit Report or Completed Interim Review &#160;&#160; In connection with the preparation of Dalrada Financial Corporation's (the &#8220
1000230,2024-12-23,0001437749-24-038225,occ20241219_8k.htm,keep,Act. &#9744; &#160; &#160; Table of Contents &#160; Table of Contents &#160; &#160; Item&#160;4.02 Non-Reliance on Previously Issued Financial Statements or a Related Audit Report or Completed Interim Review. 3 &#160; &#160; Signatures 5 &#160; &#160; &#160; 2 Table of Contents &#160; Item &#160; 4.
1784970,2025-01-02,0001213900-25-000435,ea0226691-8ka1_nexttech.htm,keep,"going matters disclosed herein with the Company's independent accountant. &#160; 1 &#160; Item 4.02 Non-reliance on previously issued financial statements &#160; On December 10, 2024, the audit committee of Next Technology Holding Inc (formerly known as WeTrade Group Inc. (the &#8220;Company&#8221;)"
1787518,2025-01-08,0001213900-25-001731,ea0226927-8k_nukkleus.htm,spac_warrant_reclassification,warrant reclassification per the 2021 SEC statement
63330,2025-01-10,0001437749-25-000870,mlp20250109_8k.htm,keep,"uant to Section 13(a) of the Exchange Act.&#160;&#160;&#9744; &#160; &#160; &#160; &#160; ITEM 4.02 NON-RELIANCE ON PERVIOUSLY ISSUED FINANCIAL STATEMENTS OR A RELATED AUDIT REPORT &#160; In connection with the filing of Maui Land and Pineapple Company, Inc.'s (&#8220;MLP&#8221; or the &#8220;Compan"
1445815,2025-01-13,0001493152-25-001891,form8-k.htm,keep,"t to Section 13(a) of the Exchange Act. &#9744; &#160; &#160; &#160; &#160; &#160; &#160; Item 4.02 Non-Reliance on Previously Issued Financial Statements or a Related Audit Report or Completed Interim Review &#160; Overview &#160; &#8220;On May 3, 2024, the Commission entered an order instituting s"
1626745,2025-01-13,0001493152-25-001916,form8-k.htm,keep,"to Section 13(a) of the Exchange Act. &#9744; &#160; &#160; &#160; &#160; &#160; &#160; Item 4.02. Non-Reliance on Previously Issued Financial Statements or a Related Audit Report or Completed Interim Review. &#160; On or about November 22, 2024, the management (and accounting personnel) of Fortune "
845385,2025-01-14,0001213900-25-003402,ea0227524-8k_princeton.htm,keep,"which registered None &#160; None &#160; None &#160; &#160; &#160; &#160; &#160; &#160; Item 4.02. Non-Reliance on Previously Issued Financial Statements or a Related Audit Report or Completed Interim Review. &#160; On January 8, 2025, the Audit Committee of Princeton Capital Corporation, a Maryland"
1648087,2025-01-15,0001493152-25-002366,form8-k.htm,keep,"means to bear the risks of such an investment or service providers to the Company. &#160; Item 4.02 Non-Reliance on Previously Issued Financial Statements or a Related Audit Report or Completed Interim Review. &#160; On May 3, 2024, the Securities and Exchange Commission (the &#8220; SEC &#8221;) en"
1831874,2025-01-15,0001104659-25-003545,tm253036d1_8k.htm,keep,"pursuant to Section 13(a) of the Exchange Act. &#168; &#160; &#160; &#160; &#160; &#160; Item 4.02 Non-Reliance on Previously Issued Financial Statements or a Related Audit Report or Completed Interim Review. &#160; (a) On January 10, 2025, Iris Acquisition Corp, a Delaware corporation (the &#8220;C"
1784970,2025-01-17,0001213900-25-004642,ea0228063-8ka2_nexttech.htm,keep,"June 30, 2024 financial statements could no longer be relied upon. &#160; 1 &#160; &#160; Item 4.02 Non-reliance on previously issued financial statements &#160; On September 20, 2024, the audit committee of Next Technology Holding Inc (formerly known as WeTrade Group Inc.) (the &#8220;Company&#8221"
1784970,2025-01-17,0001213900-25-004640,ea0228063-8ka1_nexttech.htm,keep,"t the March 31, 2024 financial statements could no longer be relied upon. &#160; 1 &#160; Item 4.02 Non-reliance on previously issued financial statements &#160; On September 12, 2024, the audit committee of Next Technology Holding Inc. (formerly known as WeTrade Group Inc.) (the &#8220;Company&#822"
1845149,2025-01-29,0001104659-25-007258,tm254622d1_8k.htm,keep,"a)&#160;of the Exchange Act.&#160;&#160; &#168; &#160; &#160; &#160; &#160; &#160; &#160; Item 4.02 Non-Reliance on Previously Issued Financial Statements or a Related Audit Report or Completed Interim Review. &#160; On January 23, 2025, the Audit Committee of the Board of Directors (the &#8220;Audi"
1413754,2025-01-31,0001493152-25-004412,form8-k.htm,keep,"to Section 13(a) of the Exchange Act. &#9744; &#160; &#160; &#160; &#160; &#160; &#160; Item 4.02. Non-Reliance on Previously Issued Financial Statements or a Related Audit Report or Completed Interim Review. Item 1.01 &#160; On January 31, 2025, the Audit Committee of Marizyme, Inc., a Nevada corpo"
30554,2025-02-06,0001193125-25-021314,d926878d8k.htm,keep,"rovided pursuant to Section 13(a) of the Exchange Act. &#9744; &#160; &#160; &#160; Item&#8201;4.02 Non-Reliance on Previously Issued Financial Statements or a Related Audit Report or Completed Interim Review (a) On February&#160;4, 2025, the management and the Board of Directors of EIDP, Inc. (the "
1715611,2025-02-06,0001640334-25-000199,bmmj_8k.htm,keep,"; &#160; SECTION 4 &#8211; MATTERS RELATED TO ACCOUNTANTS AND FINANCIAL STATEMENTS &#160; Item 4.02 Non-Reliance on Previously Issued Financial Statements or a Related Audit Report or Completed Interim Review &#160; On February 3, 2025, the Board of Directors of Body and Mind Inc. (the &#8220; Compa"
1879848,2025-02-10,0001493152-25-005631,form8-k.htm,keep,"pursuant to Section 13(a) of the Exchange Act. &#160; &#160; &#160; &#160; &#160; &#160; Item 4.02 Non-Reliance on Previously Issued Financial Statements or Completed Interim Review. &#160; On February 10, 2025, the audit committee of the board of directors of Phoenix Motor Inc. (the &#8220; Company"
88000,2025-02-13,0000950170-25-020010,slgdd-20250207.htm,keep,"g standards provided pursuant to Section 13(a) of the Exchange Act. &#9744; &#160; &#160; Item 4.02 Non-Reliance on Previously Issued Financial Statements or a Related Audit Report or Completed Interim Review. &#160; On February 7, 2025, the Audit Committee of the Board of Directors (the &#8220;Audi"
1326732,2025-02-13,0001326732-25-000005,xncr-20250207.htm,keep,"ed pursuant to Section&#160;13(a)&#160;of the Exchange Act.&#160; o Item 4.02 Non&#8209;Reliance on Previously Issued Financial Statements or a Related Audit Report or Completed Interim Review. (a) On February 11, 2025, the Audit Committee of the Board of Directors (the &#8220;Audit Committee&#8221;"
1839285,2025-02-18,0001213900-25-014489,ea0230957-8k_health.htm,keep,"pursuant to Section 13(a) of the Exchange Act. &#9744; &#160; &#160; &#160; &#160; &#160; Item 4.02 Non-Reliance on Previously Issued Financial Statements or a Related Audit Report or Completed Interim Review. &#160; On February 12, 2025, the Board of Directors of Healthcare Triangle, Inc. (the &#82"
1527728,2025-02-19,0001731122-25-000248,e6373_8k.htm,keep,"ards provided pursuant to Section 13(a) of the Exchange Act. &#9744; &#160; &#160; &#160; Item 4.02 Non-Reliance on Previously Issued Financial Statements or a Related Audit Report or Completed Interim Review. &#160; On February 18, 2025, the Audit Committee (the &#8220; Audit Committee &#8221;) of "
1394638,2025-02-24,0001731122-25-000285,e6331_8k.htm,keep,"ons pursuant to Rule 13e-4(c) under the Exchange Act (17 CFR 240.13e-4(c)) &#160; &#160; Item 4.02. Non-Reliance on Previously Issued Financial Statements or a Related Audit Report or Completed Interim Review. On or about February 24, 2025, the management of DriveItAway Holdings, Inc., a Delaware co"
1015383,2025-02-25,0001493152-25-008231,form8-k.htm,keep,"March 31, 2024 and 2023 (collectively, the &#8220; Initial Affected Financial Statements &#8221;), should no longer be relied upon. Furthermore, as previously disclosed, the Company's management concluded that a material weakness existed in the Company's internal control over financial reporting dur"
1124804,2025-03-04,0001193125-25-045705,d785715d8k.htm,keep,"suant to Section&#160;13(a) of the Exchange Act.&#8194;&#9744; &#160; &#160; &#160; Item&#8201;4.02 Non-Reliance on Previously Issued Financial Statements or a Related Audit Report or Completed Interim Review. As previously disclosed, on March&#160;22, 2023, the Company's Board of Directors (the &#8"
1295401,2025-03-04,0002039852-25-000053,bancorp8k.htm,keep,"ed pursuant to Section 13(a) of the Exchange Act. [ ] &#160; &#160; &#160; &#160; &#160; Item 4.02. Non-Reliance on Previously Issued Financial Statements or a Related Audit Report or Completed Interim Review &#160; (a) &#160;&#160;&#160; On March 3, 2025, The Bancorp, Inc. (the &#8220;Company&#8221"
1413754,2025-03-04,0001493152-25-009077,form8-k.htm,keep,"to Section 13(a) of the Exchange Act. &#9744; &#160; &#160; &#160; &#160; &#160; &#160; Item 4.02. Non-Reliance on Previously Issued Financial Statements or a Related Audit Report or Completed Interim Review. &#160; On March 4, 2025, the Audit Committee of Marizyme, Inc., a Nevada corporation (the &"
1265521,2025-03-05,0001493152-25-009233,form8-k.htm,keep,"to Section 13(a) of the Exchange Act. &#9744; &#160; &#160; &#160; &#160; &#160; &#160; Item 4.02. Non-Reliance on Previously Issued Financial Statements or a Related Audit Report. &#160; In connection with the filing of the Quarterly Report on Form 10-Q for the fiscal period ended September 30, 202"
1054102,2025-03-06,0001493152-25-009384,form8-k.htm,keep,"Section 13(a) of the Exchange Act. &#9744; &#160; &#160; &#160; &#160; &#160; &#160; Item 4.02(a). Non-Reliance on Previously Issued Financial Statements or a Related Audit Report or Completed Interim Review . &#160; On February 28, 2025, Interpace Biosciences, Inc. (the &#8220;Company&#8221;), in d"
1342916,2025-03-06,0001262463-25-000061,hnoi8k22825.htm,keep,"ided pursuant to Section 13(a) of the Exchange Act. &#9744; &#160; &#160; 1 &#160; &#160; Item 4.02 Non-Reliance on Previously Issued Financial Statements or a Related Audit Report of Completed Interim Reports. On May 7, 2024, Barton CPA (&#8220;Barton&#8221;) was engaged by HNO International, Inc. "
1628808,2025-03-07,0001171843-25-001319,f8k_030725.htm,keep,.01 with respect to the Credit Agreement is incorporated by reference in this Item 2.03. Item 4.02. Non-Reliance on Previously Issued Financial Statements or a Related Audit Report or Completed Interim Review. In connection with the preparation of the Company's first annual financial statements unde
1295401,2025-03-10,0002039852-25-000058,bancorp8ka.htm,keep,"n 13(a) of the Exchange Act. [ ] &#160; &#160; &#160; &#160; &#160; &#160; &#160; &#160; Item 4.02. Non-Reliance on Previously Issued Financial Statements or a Related Audit Report or Completed Interim Review &#160; (a) As previously disclosed on a Current Report on Form 8-K filed on March 4, 2025, "
874761,2025-03-11,0000950103-25-003226,dp226102_8k.htm,keep,"pursuant to Section 13(a) of the Exchange Act. &#9744; &#160; &#160;&#160; &#160; &#160; Item 4.02 Non-Reliance on Previously Issued Financial Statements or a Related Audit Report or Completed Interim Review &#160; On March 6, 2025, the management of The AES Corporation (the &#8220;Company&#8221;) a"
1802156,2025-03-13,0001193125-25-053936,d937371d8k.htm,keep,"Act, except as expressly set forth by specific reference in such a filing. &#160; Item&#8201;4.02. Non-Reliance on Previously Issued Financial Statements or a Related Audit Report or Completed Interim Review The disclosure in Item&#160;2.02 above is incorporated herein. On March&#160;13, 2025, the B"
1414953,2025-03-14,0001477932-25-001708,mojo_8k.htm,keep,&#160; &#160; SECTION 4 - MATTERS RELATED TO ACCOUNTANTS AND FINANCIAL STATEMENTS &#160; Item 4.02 Non-Reliance on Previously Issued Financial Statements or a Related Audit Report or Completed Interim Review. &#160; During the course&#160;of drafting EQUATOR Beverage Company's (the &#8220;Company&#8
1478454,2025-03-14,0001437749-25-007746,ebmt20250314_8k.htm,keep,"&#160;&#160;&#160;&#160;&#160;&#160;&#160;&#160;&#160;&#9744; &#160; &#160; &#160; &#160; Item 4.02 Non-Reliance on Previously Issued Financial Statements or a Related Audit Report or Completed Interim Review &#160; In connection with the preparation of Eagle Bancorp Montana, Inc.'s (the &#8220;Comp"
2000640,2025-03-14,0001213900-25-024204,ea0234063-8k_damon.htm,keep,"to Section 13(a) of the Exchange Act. &#9744; &#160; &#160; &#160; &#160; &#160; &#160; Item 4.02. Non-Reliance on Previously Issued Financial Statements or a Related Audit Report or Completed Interim Review &#160; On March 10, 2025, the audit committee of the board of directors (the &#8220;Audit Co"
1437958,2025-03-17,0001437958-25-000056,ck1437958-20250314.htm,keep,"pursuant to Section 13(a) of the Exchange Act.&#160;&#160; &#8414; Item 4.02&#160;&#160;&#160;&#160;Non-Reliance on Previously Issued Financial Statements or a Related Audit Report or Completed Interim Review. Restatement of Historical Financial Results On March 14, 2025, the Audit Committee (the &#"
1823239,2025-03-18,0001823239-25-000033,mrvi-20250317.htm,keep,"or the Exchange Act, except as expressly set forth by specific reference in such filing. Item 4.02. Non-Reliance on Previously Issued Financial Statements or a Related Audit Report or Completed Interim Review. (a) On March 17, 2025, the Audit Committee of the Board of Directors of the Company (the &"
1836981,2025-03-18,0001193125-25-056086,d925610d8k.htm,keep,"ended, regardless of any general incorporation language in any such filing. &#160; Item&#8201;4.02. Non-Reliance on Previously Issued Financial Statements or a Related Audit Report or Completed Interim Review On March&#160;17, 2025, the Company's Board of Directors (the &#8220;Board&#8221;), after d"
1849820,2025-03-19,0001849820-25-000067,kitt-20250313.htm,keep,"cial accounting standards provided pursuant to Section 13(a) of the Exchange Act. &#9744; Item 4.02 Non-Reliance on Previously Issued Financial Statements or a Related Audit Report or Completed Interim Review On March 13, 2025, the audit committee of the board of directors (the &#8220;Audit Committe"
1160791,2025-03-20,0001558370-25-003328,goro-20250319x8k.htm,keep,") of the Exchange Act.&#160; &#9723; &#8203; &#8203; &#8203; 1.01 &#8203; &#8203; &#8203; Item 4.02 Non-Reliance on Previously Issued Financial Statements or a Related Audit Report of Completed Interim Review During the preparation of consolidated financial statements for the year ended December 31,"
1760689,2025-03-20,0000947871-25-000325,ss4591070_8k.htm,keep,"e Nasdaq Stock Market LLC &#160; &#160; &#160; &#160; &#160; &#160; &#160; &#160; &#160; Item 4.02. Non-Reliance on Previously Issued Financial Statements or a Related Audit Report or Completed Interim Review. &#160; On March 16, 2025, the Audit Committee of the Board of Directors of Microvast Holdi"
835662,2025-03-24,0001641172-25-000261,form8-k.htm,keep,"information, future events or otherwise, other than as required by applicable law. &#160; Item 4.02 Non-Reliance on Previously Issued Financial Statements or a Related Audit Report or Completed Interim Review &#160; On May 25, 2021, Aixin Life International, Inc. (&#8220;Aixin&#8221; or the &#8220;C"
835662,2025-03-25,0001641172-25-000411,form8-k.htm,keep,"information, future events or otherwise, other than as required by applicable law. &#160; Item 4.02 Non-Reliance on Previously Issued Financial Statements or a Related Audit Report or Completed Interim Review &#160; On May 25, 2021, Aixin Life International, Inc. (&#8220;Aixin&#8221; or the &#8220;C"
1711786,2025-03-25,0001013762-25-002271,ea0235633-8k_hoth.htm,keep,ticipation of further preclinical development and potential licensing discussions. &#160; Item 4.02 Non-Reliance on Previously Issued Financial Statements or a Related Audit Report or Completed Interim Review.&#160; &#160; During the preparation of our 2024 audited consolidated financial statements 
1915380,2025-03-27,0001193125-25-065637,d934093d8k.htm,spac_share_reclassification,Class A shares reclassified to temporary equity
2032966,2025-03-27,0001013762-25-002970,ea0235446-8k_acuren.htm,keep,"t to Section 13(a) of the Exchange Act. &#9746; &#160; &#160; &#160; &#160; &#160; &#160; Item 4.02 Non-Reliance on Previously Issued Financial Statements or a Related Audit Report or Completed Interim Review. &#160; On March, 24, 2025 , the Audit Committee (the &#8220;Audit Committee&#8221;) of the"
716634,2025-03-28,0000716634-25-000002,rdi-20250325x8k.htm,keep,"suant to Section 13(a) of the Exchange Act.&#160;&#160; &#168; &#8206; ACTIVE 708927538v4 Item 4.02 Non-Reliance on Previously Issued Financial Statements or a Related Audit Report or Completed Interim Review. On March 25, 2025, the Audit and Conflicts Committee of the Board of Directors (the &#8220"
728385,2025-03-31,0001477932-25-002233,meec_8k.htm,keep,"ovided pursuant to Section 13(a) of the Exchange Act. &#9744; &#160; &#160; &#160; &#160; Item 4.02 Non-Reliance on Previously Issued Financial Statements or a Related Audit Report or Completed Interim Review. &#160; In connection with the December 31, 2024 year-end audit of Birchtech Corp. (the &#8"
1141197,2025-03-31,0001654954-25-003701,ped_8k.htm,keep,"; The information included in Item 4.02 below is incorporated herein by reference. &#160; Item 4.02 Non-Reliance on Previously Issued Financial Statements or a Related Audit Report or Completed Interim Review. &#160; On March 28, 2025, the Audit Committee (the &#8220; Audit Committee &#8221;) of the"
1175151,2025-03-31,0001104659-25-029887,tm2510844d2_8k.htm,keep,"nt to Section 13(a) of the Exchange Act. &#168; &#160; &#160; &#160; &#160; &#160; &#160; Item 4.02 Non-Reliance on Previously Issued Financial Statements or a Related Audit Report or Completed Interim Review. &#160; On March 25, 2025, CytoSorbents Corporation (the &#8220;Company&#8221;), after cons"
1501756,2025-03-31,0001193125-25-068759,d848903d8k.htm,keep,"suant to Section&#160;13(a) of the Exchange Act.&#8194;&#9744; &#160; &#160; &#160; Item&#8201;4.02 Non-Reliance on Previously Issued Financial Statements or a Related Audit Reports or Completed Interim Review. On March&#160;28, 2025, the Audit Committee of the Board of Directors (the &#8220;Audit C"
1829280,2025-03-31,0001140361-25-011363,ef20046685_form8k.htm,keep,"Exchange Act.&#160;&#160;&#160;&#160;&#160;&#160;&#160;&#160;&#160;&#160; &#9744; &#160; Item 4.02 Non-Reliance on Previously Issued Financial Statements or a Related Audit Report or Completed Interim Review On March 30, 2025, the Audit Committee (the &#8220;Audit Committee&#8221;) of the Board of D"
1756180,2025-04-03,0001683168-25-002271,nocera_8k.htm,keep,"xchange Act.&#160; &#9723; &#160; &#160; &#160; &#160; &#160; &#160; &#160; &#160; &#160; Item 4.02 Non-Reliance on Previously Issued Financial Statements or a Related Audit Report or Completed Interim Review. &#160; On April 3, 2025, the Board of Directors (the &#8220;Board&#8221;) of Nocera, Inc. "
1509223,2025-04-04,0001104659-25-032241,tm2511605d1_8k.htm,keep,"ation included in&#160; Item 4.02 &#160;below is incorporated herein by reference. &#160; Item 4.02 Non-Reliance on Previously Issued Financial Statements or a Related Audit Report or Completed Interim Review. &#160; On March 31, 2025, the Chief Executive Officer, Chief Financial Officer , and the B"
1816017,2025-04-04,0000950170-25-050831,spir-20250331.htm,keep,ursuant to Section 13(a) of the Exchange Act. &#9744; &#160; &#160; &#160; &#160; &#160; Item 4.02. Non-Reliance on Previously Issued Financial Statements or a Related Audit Report or Completed Interim Review. &#160; As previously disclosed in the Form 12b-25 filed with the Securities and Exchange C
1803977,2025-04-07,0001641172-25-002865,form8-k.htm,keep,"to Section 13(a) of the Exchange Act. &#9744; &#160; &#160; &#160; &#160; &#160; &#160; Item 4.02. Non-Reliance on Previously Issued Financial Statements or a Related Audit Report or Completed Interim Review. &#160; On November 1, 2024, the Jaspreet Mathur, the Chief Executive Officer, and Benjamin "
1820875,2025-04-07,0001829126-25-002437,cxapp_8k.htm,keep,nless specifically identified therein as being incorporated therein by reference. &#160; Item 4.02. Non-Reliance on Previously Issued Financial Statements or a Related Audit Report or Completed Interim Review. &#160; During the preparation of its consolidated financial statements for the fiscal year
835662,2025-04-10,0001641172-25-003553,form8-ka.htm,keep,"information, future events or otherwise, other than as required by applicable law. &#160; Item 4.02 Non-Reliance on Previously Issued Financial Statements or a Related Audit Report or Completed Interim Review &#160; As previously reported in the Report on Form 8-K filed March 25, 2025, prior to its "
1309082,2025-04-10,0001477932-25-002599,cei_8k.htm,keep,"ursuant to Section 13(a) of the Exchange Act. &#9744; &#160; &#160; &#160; &#160; &#160; Item 4.02. Non-Reliance on Previously Issued Financial Statements or a Related Audit Report or Completed Interim Review. &#160; On April 5, 2025, the Board of Directors (the &#8220;Board&#8221;) of Camber Energy"
1467761,2025-04-10,0001829126-25-002543,fiee_8k.htm,keep,"take place, to the extent practicable, within 45 days of the April 7, 2025 Letter. &#160; Item 4.02 Non-Reliance on Previously Issued Financial Statements or a Related Audit Report or Completed Interim Review. &#160; On April 9, 2025, the board of directors (the &#8220;Board&#8221;) of the Company, "
72573,2025-04-11,0000950142-25-001035,eh250615018_8k.htm,keep,"xcept as shall be expressly set forth by specific reference in such filing. &#160; &#160; Item 4.02 Non-Reliance on Previously Issued Financial Statements or a Related Audit Report or Completed Interim Review. In late January 2025, the Company became aware of allegations of misconduct within the Dub"
1173313,2025-04-15,0001213900-25-032135,ea0238372-8k_abvcbio.htm,keep,"requirements under the Securities Act and applicable state securities laws.&#160; &#160; Item 4.02 Non-Reliance on Previously Issued Financial Statements or a Related Audit Report or Completed Interim Review. &#160; On April 10, 2025, the Board of Directors (the &#8220; Board &#8221;) of ABVC Biopha"
1397183,2025-04-15,0001641172-25-004772,form8-k.htm,keep,"t to Section 13(a) of the Exchange Act. &#9744; &#160; &#160; &#160; &#160; &#160; &#160; Item 4.02 Non-Reliance on Previously Issued Financial Statements or a Related Audit Report or Completed Interim Review &#160; Overview &#160; &#8220;On May 3, 2024, the Commission entered an order instituting s"
1814215,2025-04-15,0000950170-25-054316,buru-20250411.htm,keep,counting standards provided pursuant to Section 13(a) of the Exchange Act. &#9744; &#160; Item 4.02 Non-Reliance on Previously Issued Financial Statements or a Related Audit Report or Completed Interim Review. During the preparation of the Company's consolidated financial statements as of and for th
1842556,2025-04-15,0001213900-25-032130,ea0238037-8k_eonresour.htm,keep,t to Section 13(a) of the Exchange Act. &#9744; &#160; &#160; &#160; &#160; &#160; &#160; Item 4.02 Non-Reliance on Previously Issued Financial Statements or a Related Audit Report or Completed Interim Review. &#160; In connection with the preparation of EON Resources Inc.'s (the &#8220;Company&#822
1893219,2025-04-15,0001213900-25-032083,ea0238185-8k_abpro.htm,keep,"t to Section 13(a) of the Exchange Act. &#9744; &#160; &#160; &#160; &#160; &#160; &#160; Item 4.02 Non-Reliance on Previously Issued Financial Statements or a Related Audit Report or Completed Interim Review. &#160; On April 12, 2025, the Audit Committee of the Board of Directors (the &#8220;Audit "
1895249,2025-04-15,0001104659-25-034753,tm2512306d1_8k.htm,keep,"nt to Section 13(a) of the Exchange Act. &#168; &#160; &#160; &#160; &#160; &#160; &#160; Item 4.02 Non-Reliance on Previously Issued Financial Statements or a Related Audit Report or Completed Interim Review. &#160; On April 8, 2025, Bhaskar Panigrahi, the Chief Executive Officer of ConnectM Techno"
1881551,2025-04-16,0001213900-25-032293,ea0238438-8k_solidion.htm,keep,"t to Section 13(a) of the Exchange Act. &#9744; &#160; &#160; &#160; &#160; &#160; &#160; Item 4.02 Non-reliance on Previously Issued Financial Statements or a Related Audit Report or Completed Interim Review. . On April 11, 2025, the Chief Financial Officer of Solidion Technology, Inc. (the &#8220;"
2018064,2025-04-18,0001193125-25-085811,d934293d8k.htm,keep,"here can be no assurance that the Company will ultimately regain compliance. &#160; Item&#8201;4.02 Non-Reliance on Previously Issued Financial Statements or a Related Audit Report or Completed Interim Review. On April&#160;18, 2025, the Audit Committee of the Board of Directors of the Company, in d"
1466026,2025-04-25,0001104659-25-039515,tm2513254d1_8k.htm,keep,"ection 13(a) of the Exchange Act.&#160; &#168; &#160; &#160; &#160; &#160; &#160; &#160; Item 4.02. Non-Reliance on Previously Issued Financial Statements or a Related Audit Report or Completed Interim Review &#160; On April&#160;24, 2025, the Audit Committee (the &#8220; Audit Committee &#8221;) of"
1721741,2025-04-30,0001628280-25-021079,gorv-20250429.htm,keep,"financial accounting standards provided pursuant to Section 13(a) of the Exchange Act. o Item 4.02 Non-Reliance on Previously Issued Financial Statements or a Related Audit Report or Completed Interim Review. On April 29, 2025, the Audit Committee (the &#8220;Audit Committee&#8221;) of the Board of "
1173313,2025-05-02,0001213900-25-039184,ea024046901-8ka_abvcbio.htm,keep,"ards provided pursuant to Section 13(a) of the Exchange Act. &#9744; &#160; &#160; &#160; Item 4.02 Non-Reliance on Previously Issued Financial Statements or a Related Audit Report or Completed Interim Review. &#160; On April 15, 2024, 2025, ABVC BioPharma, Inc. (the&#160;&#8220; Company &#8221;) fi"
1069183,2025-05-07,0001069183-25-000074,axon-20250501.htm,keep,"r the Exchange Act, except as expressly set forth by specific reference in such a filing. Item 4.02 Non-Reliance on Previously Issued Financial Statements or a Related Audit Report or Completed Interim Review On May 1, 2025, the Audit Committee (the &#8220;Audit Committee&#8221;) of the Board of Dir"
1131903,2025-05-07,0001096906-25-000708,fccn-20250430.htm,keep,"y of MG&A's letter is attached as Exhibit 16.1 to this Current Report on Form 8-K. &#160; Item 4.02 Non-Reliance on Previously Issued Financial Statements or a Related Audit Report or Completed Interim Review &#160; The information set forth in the third, fourth, fifth and sixth paragraphs of Item 4"
1345126,2025-05-07,0001345126-25-000021,codi-20250507.htm,keep,"&#160;Matters Related to Accountants and Financial Statements Item&#160;4.02&#160;&#160;&#160;&#160;Non-Reliance on Previously Issued Financial Statements or a Related Audit Report or Completed Interim Review. In April 2025, the Audit Committee of Board of Directors (the &#8220;Audit Committee&#8221"
926282,2025-05-13,0000950170-25-070473,adtn-20250513.htm,keep,"counting standards provided pursuant to Section 13(a) of the Exchange Act. &#9744; &#160; Item 4.02 Non-Reliance on Previously Issued Financial Statements or a Related Audit Report or Completed Interim Review. As previously disclosed by ADTRAN Holdings, Inc. (the &#8220;Company&#8221;) in its Curren"
1828937,2025-05-15,0001828937-25-000026,foa-20250514.htm,keep,ial accounting standards provided pursuant to Section 13(a) of the Exchange Act. &#9744; Item 4.02. Non-Reliance on Previously Issued Financial Statements or a Related Audit Report or Completed Interim Review. Finance of America Companies Inc. (the &#8220;Company&#8221;) intends to file an amendment
1952853,2025-05-16,0001641172-25-011243,form8-k.htm,keep,"to Section 13(a) of the Exchange Act. &#9744; &#160; &#160; &#160; &#160; &#160; &#160; Item 4.02. Non-Reliance on Previously Issued Financial Statements or a Related Audit Report or Completed Interim Review. &#160; On May 14, 2025, the audit committee of the board of directors of Massimo Group (the"
1729944,2025-05-20,0001641172-25-011730,form8-k.htm,keep,"t to Section 13(a) of the Exchange Act. &#9744; &#160; &#160; &#160; &#160; &#160; &#160; Item 4.02 Non-Reliance on Previously Issued Financial Statements or a Related Audit Report or Completed Interim Review. &#160; On May 16, 2025, the Audit Committee (the &#8220;Audit Committee&#8221;) of the Boa"
1131903,2025-05-23,0001096906-25-000885,fccn-20250430.htm,keep,em 4.02 to provide complete and accurate disclosure regarding the Company's conclusion that certain previously issued financial statements should no longer be relied upon. The amendment clarifies that the prior incorporation by reference to certain paragraphs under Item 4.01 was incorrect and that t
1906133,2025-05-30,0001477932-25-004246,icct_8k.htm,keep,"vided pursuant to Section 13(a) of the Exchange Act. &#9744; &#160; &#160; &#160; &#160; Item 4.02. Non-Reliance on Previously Issued Financial Statements or a Related Audit Report or Completed Interim Review. &#160; On May 29, 2025, the Audit Committee (the &#8220;Audit Committee&#8221;) of the boa"
1342936,2025-06-03,0001376474-25-000509,avoi-20250603.htm,keep,"ded pursuant to Section 13(a) of the Exchange Act.&#160;&#160;&#160; p &#160; &#160; Item 4.02&#160;Non-reliance on Previously Issued Financial Statements or a Related Audit Report or Completed Interim Review.&#160; &#160; On May&#160;30, 2025, the Board of Directors of Rivulet Entertainment, Inc. ("
1688126,2025-06-09,0001641172-25-014329,form8-k.htm,keep,"t to Section 13(a) of the Exchange Act. &#9744; &#160; &#160; &#160; &#160; &#160; &#160; Item 4.02 Non-Reliance on Previously Issued Financial Statements or a Related Audit Report or Completed Interim Review. &#160; On May 3, 2024, the Securities and Exchange Commission (the &#8220;SEC&#8221;) ente"
1857855,2025-06-11,0001641172-25-014577,form8-k.htm,keep,"to Section 13(a) of the Exchange Act. &#9744; &#160; &#160; &#160; &#160; &#160; &#160; Item 4.02. Non-Reliance on Previously Issued Financial Statements or a Related Audit Report or Completed Interim Review. &#160; On June 5, 2025, Finnovate Acquisition Corp. (the &#8220;Company&#8221;) filed its A"
2001184,2025-06-16,0002001184-25-000031,pacs-20250612.htm,keep,"financial accounting standards provided pursuant to Section 13(a) of the Exchange Act. o Item 4.02 Non-Reliance on Previously Issued Financial Statements or a Related Audit Report or Completed Interim Review. On June 12, 2025, the Audit Committee of the Board of Directors (the &#8220;Audit Committee"
1553404,2025-06-20,0001213900-25-056289,ea0246293-8ka1_pacific.htm,keep,"Section 13(a) of the Exchange Act. &#9744; &#160; &#160; &#160; &#160; &#160; &#160; Item 4.02(a). Non-Reliance on Previously Issued Financial Statements or a Related Audit Report or Completed Interim Review &#160; a. As previously reported, on July 3, 2024, the Audit Committee of the Board of Direc"
1936756,2025-06-24,0001199835-25-000222,nbhi_8k.htm,keep,"pursuant to Section 13(a) of the Exchange Act.&#160; o &#160; &#160; &#160; &#160; &#160; Item 4.02 Non-Reliance on Previously Issued Financial Statements or a Related Audit Report or Completed Interim Review &#160; On or around March 21, 2025, the management of Next Bridge Hydrocarbons, Inc. (the &"
1345126,2025-06-25,0001345126-25-000038,codi-20250618.htm,keep,"&#160;Matters Related to Accountants and Financial Statements Item&#160;4.02&#160;&#160;&#160;&#160;Non-Reliance on Previously Issued Financial Statements or a Related Audit Report or Completed Interim Review. As previously reported in our Current Report on Form 8-K filed on May 7, 2025 (the &#8220;"
1814215,2025-06-25,0000950170-25-090023,buru-20250620.htm,keep,"counting standards provided pursuant to Section 13(a) of the Exchange Act. &#9744; &#160; Item 4.02 Non-Reliance on Previously Issued Financial Statements or a Related Audit Report or Completed Interim Review. On June 20, 2025, the Company's management, upon the recommendation of the Audit Committee"
1131903,2025-06-26,0001096906-25-001041,fccn-20250430.htm,keep,"contained in Item 4.02 of the Original Report to reflect that the previous Item 4.02 that indicated non-reliance of previously issued financial statements or audit report was inaccurate. true 0001131903 2025-04-30 2025-04-30 UNITED STATES SECURITIES AND EXCHANGE COMMISSION Washington, D.C. 20549 &#1"
907471,2025-07-02,0000907471-25-000071,cash-20250626.htm,keep,"ds provided pursuant to Section 13(a) of the Exchange Act. &#9744; Item 4.02&#160;&#160;&#160;&#160;Non-Reliance on Previously Issued Financial Statements or a Related Audit Report or a Completed Interim Review. On June 26, 2025, the Audit Committee (the &#8220;Audit Committee&#8221;) of the Board o"
1688126,2025-07-08,0001641172-25-018173,form8-ka.htm,keep,ng filed amend and restate the Item 4.02 disclosure to include the fiscal 2024 interim periods that should no longer be relied upon as a result of adjustments made to the previously issued interim financial statements for 2024. &#160; &#160; &#160; &#160; Item 4.02 Non-Reliance on Previously Issued 
1383088,2025-07-11,0001477932-25-004991,cyca_8k.htm,keep,"eholders through Cytta's equity and other interests in each new Portfolio Company. &#160; Item 4.02 Non-Reliance on Previously Issued Financial Statements or a Related Audit Report or Completed Interim Review. &#160; After discussions with our new Auditors, Sadler Gibb, on July 7 th , 2025, there is"
2019804,2025-07-15,0001213900-25-064264,ea0249036-8k_hcm2acq.htm,keep,"ction 13(a) of the Exchange Act. &#9744; &#160; &#160; &#160; &#160; &#160; &#160; Item&#8201;4.02. Non-Reliance on Previously Issued Financial Statements or a Related Audit Report or Completed Interim Review. &#160; On July 15, 2024, the audit committee of the board of directors of HCM II Acquisiti"
1423869,2025-07-24,0001423869-25-000036,pcb-20250722.htm,keep,"ial accounting standards provided pursuant to Section 13(a) of the Exchange Act. &#9744; Item 4.02. Non-Reliance on Previously Issued Financial Statements or a Related Audit Report or Completed Interim Review On July 22, 2025, the management of PCB Bancorp (the &#8220;Company&#8221;), after discussi"
799850,2025-07-30,0001171843-25-004811,f8k_073025.htm,keep,"standards provided pursuant to Section 13(a) of the Exchange Act. &#9744; &#160; &#160; Item 4.02. Non-Reliance on Previously Issued Financial Statements or a Related Audit Report or Completed Interim Review. On July 29, 2025, the management and the Audit Committee of the Board of Directors of Ameri"
1612630,2025-07-30,0001612630-25-000015,jynt-20250724.htm,keep,"the Exchange Act, except as expressly set forth by specific reference in such a filing. Item 4.02. Non-Reliance on Previously Issued Financial Statements or a Related Audit Report or Completed Interim Review. On July 24, 202 5, our Chief Financial Officer, after meeting with the members of the Audit"
1959348,2025-07-31,0001193125-25-170500,d14409d8k.htm,keep,"except as shall be expressly set forth by specific reference in such filing. &#160; Item&#8201;4.02 Non-Reliance on Previously Issued Financial Statements or a Related Audit Report or Completed Interim Review. (a) While preparing its second quarter 2025 consolidated financial statements, the Company"
1688126,2025-08-04,0001641172-25-022034,form8-ka.htm,keep,ng filed amend and restate the Item 4.02 disclosure to include the fiscal 2023 interim periods that should no longer be relied upon as a result of adjustments made to the previously issued interim financial statements for 2023. &#160; &#160; &#160; &#160; Item 4.02 Non-Reliance on Previously Issued 
1397047,2025-08-05,0001213900-25-072168,ea0251867-8k_flex.htm,keep,"which is attached hereto as Exhibit 10.1 and incorporated herein in its entirety. &#160; Item 4.02. Non-Reliance on Previously Issued Financial Statements or a Related Audit Report or Completed Interim Review. &#160; Non-Reliance Determination . On July 30, 2025, the Board of Directors of the Compan"
1383088,2025-08-07,0001477932-25-005539,cyca_8ka.htm,keep,"uch disclosure, provide sufficient information and/or were unclear as to the events surrounding the non-reliance on the December 31, 2024 completed Interim Financial Statements. &#160; &#160; Item 4.02 Non-Reliance on Previously Issued Financial Statements or a Related Audit Report or Completed Inte"
1860484,2025-08-07,0001104659-25-075264,tm2517446d5_8k.htm,keep,"n&#160;13(a)&#160;of the Exchange Act. &#168; &#160; &#160; &#160; &#160; &#160; &#160; Item 4.02 - Non-Reliance on Previously Issued Financial Statements or Related Audit Report or Completed Interim Report. &#160; On August&#160;5, 2025, in connection with responding to comments from the SEC relati"
709283,2025-08-08,0000709283-25-000021,qtm-20250808.htm,keep,"cial accounting standards provided pursuant to Section 13(a) of the Exchange Act. &#9744; Item 4.02 Non-Reliance on Previously Issued Financial Statements or Related Audit Report or Completed Interim Review. On August 8, 2025, the Board of Directors (the &#8220;Board&#8221;) of Quantum Corporation ("
1738177,2025-08-11,0001193125-25-178029,cmbm-20250807.htm,keep,"ndition. The information included in Item 4.02 below is incorporated herein by reference. Item 4.02 Non-Reliance on Previously Issued Financial Statements or a Related Audit Report or Completed Interim Review. On August 7, 2025, the Audit Committee (the &#8220;Audit Committee&#8221;) of the Board of"
2055116,2025-08-11,0001104659-25-076249,tm2522966d3_8k.htm,keep,"ursuant to Section 13(a) of the Exchange Act. &#168; &#160; &#160; &#160; &#160; &#160; Item 4.02 - Non-Reliance on Previously Issued Financial Statements or Related Audit Report or Completed Interim Report. &#160; On August 11, 2025, the Audit Committee of the Board of Directors of Kestrel Group Lt"
1892292,2025-08-13,0001213900-25-075760,ea0253125-8k_maison.htm,keep,"to Section 13(a) of the Exchange Act. &#9744; &#160; &#160; &#160; &#160; &#160; &#160; Item 4.02. Non-Reliance on Previously Issued Financial Statements or a Related Audit Report or Completed Interim Review. &#160; On August 13, 2025, the Audit Committee (the &#8220;Audit Committee&#8221;) of the B"
811222,2025-08-14,0001683168-25-006130,cardiff_8k.htm,keep,"3(a) of the Exchange Act. &#9744; &#160; &#160; &#160; &#160; &#160; &#160; &#160; &#160; Item 4.02 Non-Reliance on Previously Issued Financial Statements or Related Audit Report or Completed Interim Report. &#160; On August 12, 2025, the Audit Committee of the Board of Directors (the &#8220;Audit C"
1404281,2025-08-14,0001193125-25-180820,eldn-20250811.htm,keep,"r the Exchange Act, except as expressly set forth by specific reference in such a filing. Item 4.02 Non-Reliance on Previously Issued Financial Statements or a Related Audit Report or Completed Interim Review. Change of Accounting for Non-Voting Convertible Preferred Stock In the course of preparing"
1854963,2025-08-14,0001641172-25-024157,form8-k.htm,keep,"t to Section 13(a) of the Exchange Act. &#9744; &#160; &#160; &#160; &#160; &#160; &#160; Item 4.02 Non-Reliance on Previously Issued Financial Statements or a Related Audit Report or Completed Interim Review. &#160; On August 13, 2025, the management of SHF Holdings, Inc. (the &#8220;Company&#8221;"
1896212,2025-08-14,0001641172-25-023840,form8-k.htm,keep,"to Section 13(a) of the Exchange Act. &#9744; &#160; &#160; &#160; &#160; &#160; &#160; Item 4.02. Non-Reliance on Previously Issued Financial Statements or a Related Audit Report or Completed Interim Review. &#160; On August 8, 2025, CDT Equity Inc. (the &#8220;Company&#8221;) determined, after dis"
1964979,2025-08-14,0001193125-25-180926,d785574d8k.htm,keep,"ed pursuant to Section&#160;13(a) of the Exchange Act. &#9744; &#160; &#160; &#160; Item&#8201;4.02 Non-Reliance on Previously Issued Financial Statements or a Related Audit Report or Completed Interim Review On August&#160;14, 2025, the Audit Committee of the Board of Directors (the &#8220;Audit Co"
1888734,2025-08-15,0001641172-25-024359,form8-k.htm,spac_share_reclassification,Class A shares reclassified to temporary equity
1812360,2025-08-18,0001641172-25-024660,form8-k.htm,keep,"'s Class A Common Stock commenced trading on the OTC market as of August 13, 2025. &#160; Item 4.02 Non-Reliance on Previously Issued Financial Statements or a Related Audit Report or Completed Interim Review. &#160; On August 14, 2025, the board of directors (the &#8220;Board&#8221;) of the Company"
1979414,2025-08-18,0001829126-25-006425,neonctechnologies_8k.htm,keep,"n&#160;13(a) of the Exchange Act. &#9744; &#160; &#160; &#160; &#160; &#160; &#160; Item&#8201;4.02 Non-Reliance on Previously Issued Financial Statements or a Related Audit Report or Completed Interim Review. &#160; On August 13, 2025, NeOnc Technologies Holdings, Inc. (the &#8220;Company&#8221;) d"
1979414,2025-08-20,0001829126-25-006524,neonctechnologies_8ka.htm,keep,"on Form 8-K filed on August 18, 2025 (the &#8220;Original Form 8-K&#8221;). &#160; Item&#8201;4.02 Non-Reliance on Previously Issued Financial Statements or a Related Audit Report or Completed Interim Review. &#160; On August 13, 2025, NeOnc Technologies Holdings, Inc. (the &#8220;Company&#8221;) di"
1479681,2025-08-21,0001479681-25-000068,nutx-20250820.htm,spac_warrant_reclassification,warrant reclassification per the 2021 SEC statement
1854963,2025-08-22,0001641172-25-025203,form8-ka.htm,keep,"ndependent registered public accounting firm for the Company. &#160; &#160; &#160; &#160; Item 4.02 Non-Reliance on Previously Issued Financial Statements or a Related Audit Report or Completed Interim Review. &#160; On August 13, 2025, the Company's management and the Audit Committee of the Company"
1915380,2025-08-26,0001829126-25-006739,dmysquared_8k.htm,spac_warrant_reclassification,warrant reclassification per the 2021 SEC statement
1864531,2025-08-28,0001104659-25-084843,tm2524669d1_8k.htm,spac_warrant_reclassification,warrant reclassification per the 2021 SEC statement
1634117,2025-08-29,0001634117-25-000011,bned-20250826.htm,keep,year 2025 set forth in Item 4.02 below is incorporated by reference into this Item 2.02. Item 4.02 Non-Reliance on Previously Issued Financial Statements or Related Audit Report or Completed Interim &#160;&#160;&#160;&#160;&#160;&#160;&#160;&#160; &#160;&#160;&#160;&#160; &#160;&#160;&#160;&#160;Rev
1058811,2025-09-09,0001058811-25-000008,immr-20250908.htm,keep,"g standards provided pursuant to Section 13(a) of the Exchange Act. &#9744; &#160; &#160; Item 4.02 Non-Reliance on Previously Issued Financial Statements or a Related Audit Report or Completed Interim Review. &#160; On September 8, 2025, the Board of Directors (the &#8220;Board&#8221;) of Immersion"
1041514,2025-09-10,0001062993-25-015498,form8k.htm,keep,"ial accounting standards provided pursuant to Section 13(a) of the Exchange Act. &#9744; Item 4.02. Non-Reliance on Previously Issued Financial Statements or a Related Audit Report or Completed Interim Review. On September 8, 2025, the Audit Committee of the Board of Directors (the ""Audit Committee"""
1808898,2025-09-12,0000950170-25-114530,bntc-20250910.htm,keep,"ards provided pursuant to Section 13(a) of the Exchange Act. &#9744; &#160; &#160; &#160; Item 4.02 Non-Reliance on Previously Issued Financial Statements or a Related Audit Report or Completed Interim Review. In connection with the preparation of Benitec Biopharma Inc.'s (&#8220;Benitec,&#8221; or "
1342916,2025-09-22,0001985705-25-000032,hnoi8k92025.htm,keep,"ided pursuant to Section 13(a) of the Exchange Act. &#9744; &#160; &#160; 1 &#160; &#160; Item 4.02 Non-Reliance on Previously Issued Financial Statements or a Related Audit Report or Completed Interim Review. On September 12, 2025, the Board of Directors of HNO International, Inc. (the &#8220;Compa"
1040130,2025-10-07,0001040130-25-000064,pets-20251001.htm,keep,"tion, operating income, net assets, and/or the Company's cost of, or access to, capital. Item 4.02. Non-Reliance on Previously Issued Financial Statements or a Related Audit Report or Completed Interim Review. (a) On October 1, 2025, the Company's Audit Committee, in consultation with management and"
1001171,2025-10-17,0001140361-25-038505,ef20057376_8k.htm,keep,"cial accounting standards provided pursuant to Section 13(a) of the Exchange Act. &#9744; Item 4.02 Non-Reliance on Previously Issued Financial Statements or a Related Audit Report or Completed Interim Review On October 15, 2025, the Audit Committee of the Board of Directors of Broadway Financial Co"
1389067,2025-10-28,0001477932-25-007765,ttcm_8k.htm,keep,"ursuant to Section 13(a) of the Exchange Act. &#9744; &#160; &#160; &#160; &#160; Item 4.02 &#8211; Non-Reliance on Previously Issued Financial Statements or a Related Audit Report or Completed Interim Review &#160; On October 23, 2025, the Board of Directors of ARtelligence Holdings, Inc. (the &#82"
1141197,2025-10-29,0001654954-25-012327,ped_8k.htm,keep,"; The information included in Item 4.02 below is incorporated herein by reference. &#160; Item 4.02 Non-Reliance on Previously Issued Financial Statements or a Related Audit Report or Completed Interim Review. &#160; On October 27, 2025, the Audit Committee (the &#8220; Audit Committee &#8221;) of t"
1994624,2025-11-03,0001104659-25-105690,tm2530131d1_8k.htm,keep,"ion&#160;13(a)&#160;of the Exchange Act. &#168; &#160; &#160; &#160; &#160; &#160; &#160; Item 4.02 Non-Reliance on Previously Issued Financial Statements or a Related Audit Report or Completed Interim Review &#160; On October 30, 2025, the Company's management and the Audit Committee of the Board o"
1874097,2025-11-07,0001213900-25-107677,ea0264618-8k_cyngn.htm,keep,"ction 13(a) of the Exchange Act. &#9744; &#160; &#160; &#160; &#160; &#160; &#160; &#160; Item 4.02 Non-Reliance on Previously Issued Financial Statements or a Related Audit Report or Completed Interim Review. &#160; On November 4, 2025, the Audit Committee (the &#8220; Audit Committee &#8221;) of t"
2013745,2025-11-07,0002013745-25-000015,clmt-20251103x8k.htm,keep,"ation set forth under Item 4.02 is incorporated into this Item 2.02 by reference. &#8203; Item 4.02 Non-Reliance on Previously Issued Financial Statements or a Related Audit Report or Completed Interim Review. On November 3, 2025, the Audit Committee (the &#8220;Audit Committee&#8221;) of the Board "
911147,2025-11-10,0000911147-25-000044,cnty-20251106x8k.htm,keep,"counting standards provided pursuant to Section 13(a) of the Exchange Act. &#168; &#8206; Item 4.02 Non-Reliance on Previously Issued Financial Statements or a Related Audit Report or Completed Interim Review. (a) On November 6, 2025, the Audit Committee of the Board of Directors of Century Casinos,"
1462120,2025-11-12,0001462120-25-000096,lob-20251110.htm,keep,"s provided pursuant to Section 13(a) of the Exchange Act.&#160; o Item 4.02.&#160;&#160;&#160;&#160;Non-Reliance on Previously Issued Financial Statements or a Related Audit Report or Completed Interim Review. On November 10, 2025, management and the Audit Committee of the Board of Directors (the &#"
1881551,2025-11-17,0001213900-25-111600,ea0266047-8k_solidion.htm,keep,"pursuant to Section 13(a) of the Exchange Act. &#9744; &#160; &#160; &#160; &#160; &#160; Item 4.02 Non-reliance on Previously Issued Financial Statements or a Related Audit Report or Completed Interim Review. &#160; On November 14, 2025, the Chief Financial Officer of Solidion Technology, Inc. (the"
1634117,2025-11-25,0001634117-25-000025,bned-20251124.htm,keep,"as amended, except as shall be expressly set forth by specific reference in such filing. Item 4.02 Non-Reliance on Previously Issued Financial Statements or Related Audit Report or Completed Interim &#160;&#160;&#160;&#160;&#160;&#160;&#160;&#160;Review. As previously reported by Barnes & Noble Educ"
1841610,2026-01-07,0001185185-26-000046,bpgcacq8k010626.htm,keep,"ection 13(a) of the Exchange Act.&#160; &#9744; &#160; &#160; &#160; &#160; &#160; &#160; Item 4.02 Non-Reliance on Previously Issued Financial Statements or a Related Audit Report or Completed Interim Review &#160; On January 6, 2026, the audit committee of the board of directors of BPGC Acquisitio"
1662991,2026-02-25,0001662991-26-000014,sezl-20260219.htm,keep,"or the Exchange Act, except as expressly set forth by specific reference in such filing. Item 4.02. Non-Reliance on Previously Issued Financial Statements or a Related Audit Report or Completed Interim Review In connection with the preparation of the Company's Annual Report on Form 10-K for the year"
1842556,2026-02-27,0001213900-26-021741,f8k022426_eonresorces.htm,spac_warrant_reclassification,warrant reclassification per the 2021 SEC statement
109657,2026-03-02,0001493152-26-008442,form8-k.htm,keep,"or by email to auditcommittee@gtbiopharma.com. &#160; &#160; &#160; &#160; &#160; &#160; Item 4.02 Non-Reliance on Previously Issued Financial Statements or a Related Audit Report or Completed Interim Review. &#160; In connection with the preparation of GT Biopharma, Inc.'s (the &#8220;Company&#8221"
1839341,2026-03-02,0001628280-26-013214,core-20260302.htm,keep,"d hereto as Exhibit 99.1 and is incorporated herein by reference. Item 4.02 &#160;&#160;&#160;&#160;Non-Reliance on Previously Issued Financial Statements or a Related Audit Report or Completed Interim Review. On February 25, 2026, the Audit Committee (the &#8220;Audit Committee&#8221;) of the Board"
1173313,2026-03-03,0001213900-26-023054,ea0279143-8k_abvc.htm,keep,"ration requirements under the Securities Act and applicable state securities laws. &#160; Item 4.02 Non-Reliance on Previously Issued Financial Statements or a Related Audit Report or Completed Interim Review. &#160; On February 25, 2026, the Board of Directors (the &#8220; Board &#8221;) of ABVC Bi"
1417663,2026-03-13,0001628280-26-017735,snwv-20260313.htm,keep,tandards provided pursuant to Section 13(a) of the Exchange Act. o Item 4.02&#160;&#160;&#160;&#160;Non-Reliance on Previously Issued Financial Statements or a Related Audit Report or Completed Interim Review . In connection with the preparation of the 2025 consolidated financial statements of Sanuw
1881551,2026-03-24,0001213900-26-033616,ea0283074-8k_solidion.htm,keep,"t to Section 13(a) of the Exchange Act. &#9744; &#160; &#160; &#160; &#160; &#160; &#160; Item 4.02 Non-reliance on Previously Issued Financial Statements or a Related Audit Report or Completed Interim Review. &#160; On March 18, 2026, the Chief Financial Officer of Solidion Technology, Inc. (the &#"
1918102,2026-04-09,0001104659-26-041290,tm2611448d1_8k.htm,keep,"pursuant to Section 13(a) of the Exchange Act. &#168; &#160; &#160; &#160; &#160; &#160; Item 4.02 Non-Reliance on Previously Issued Financial Statements or a Related Audit Report or Completed Interim Review. &#160; On April 9, 2026, the Board of Directors (the &#8220;Board&#8221;) of Deep Fission, "
1615165,2026-04-14,0001628280-26-025100,veri-20260408.htm,keep,"60;13(a) of the Exchange Act.&#160;&#160;&#160;&#160; &#9744; Item&#160;4.02&#160;&#160;&#160;&#160;Non-Reliance on Previously Issued Financial Statements or a Related Audit Report or Completed Interim Review. On April 8, 2026, the management and the audit committee (the &#8220;Audit Committee&#8221"
1838987,2026-04-14,0001213900-26-043530,ea0286264-8k_sunpower.htm,keep,"to Section 13(a) of the Exchange Act. &#9746; &#160; &#160; &#160; &#160; &#160; &#160; Item 4.02. Non-Reliance on Previously Issued Financial Statements or a Related Audit Report or Completed Interim Review. &#160; On April 14, 2026, authorized officers of SunPower Inc. (the &#8220; Company &#8221;"
1879403,2026-04-24,0001213900-26-047626,ea0287727-8k_larosa.htm,keep,"pursuant to Section 13(a) of the Exchange Act. &#9744; &#160; &#160; &#160; &#160; &#160; Item 4.02 Non-Reliance on Previously Issued Financial Statements or a Related Audit Report or Completed Interim Review. &#160; On April 24, 2026, the Audit Committee (the &#8220;Committee&#8221;) of the Board o"
1879403,2026-05-01,0001213900-26-050950,ea0288369-8ka1_larosa.htm,keep,"nge Commission on April 24, 2026 (the &#8220;Original Form 8-K&#8221;), disclosing that the Company intends to restate its financial statements for the fiscal year ended December 31, 2024. This amendment to the Original Form 8-K (&#8220;Amendment No. 1&#8221;) is being filed to amend and restate the"
1737927,2026-05-15,0001104659-26-062784,tm2614742d1_8k.htm,spac_warrant_reclassification,warrant reclassification per the 2021 SEC statement
754811,2026-06-02,0001437749-26-019086,usglobal20260601_8k.htm,keep,"ed pursuant to Section 13(a) of the Exchange Act. &#9744; &#160; &#160; &#160; &#160; Item 4.02(a). Non-Reliance on Previously Issued Financial Statements or a Related Audit Report or Completed Interim Review. &#160; &#160; On May 29, 2026 the Audit Committee of the Board of Directors (the &#8220;Au"
1417926,2026-06-02,0001493152-26-026772,form8-k.htm,keep,t to Section 13(a) of the Exchange Act. &#9744; &#160; &#160; &#160; &#160; &#160; &#160; Item 4.02 Non-Reliance on Previously Issued Financial Statements or a Related Audit Report or Completed Interim Review. &#160; The previously issued unaudited consolidated financial statements of INVO Fertility
1688126,2026-06-24,0001493152-26-029921,form8-k.htm,keep,"t to Section 13(a) of the Exchange Act. &#9744; &#160; &#160; &#160; &#160; &#160; &#160; Item 4.02 Non-Reliance on Previously Issued Financial Statements or a Related Audit Report or Completed Interim Review. &#160; On June 24, 2026, the Audit Committee of the Board of Directors (the &#8220;Board&#"
1889450,2026-07-08,0001493152-26-032525,form8-k.htm,keep,t to Section 13(a) of the Exchange Act. &#9744; &#160; &#160; &#160; &#160; &#160; &#160; Item 4.02 Non-Reliance on Previously Issued Financial Statements or a Related Audit Report of Completed Interim Reports. &#160; The Board of Directors (the &#8220;Board&#8221;) of FutureTech II Acquisition Corp
1413891,2026-07-15,0001683168-26-005550,highwire_8k.htm,keep,"ction 13(a) of the Exchange Act. &#9744; &#160; &#160; &#160; &#160; &#160; &#160; &#160; Item 4.02 Non-Reliance on Previously Issued Financial Statements or a Related Audit Report or Completed Interim Review. &#160; On July 9, 2026, following discussions with management of High Wire Networks, Inc. "
1828673,2026-08-14,0001493152-26-038240,form8-k.htm,keep,"t to Section 13(a) of the Exchange Act. &#9746; &#160; &#160; &#160; &#160; &#160; &#160; Item 4.02 Non-Reliance on Previously Issued Financial Statements or a Related Audit Report or Completed Interim Review. &#160; On August 10, 2026, the Audit Committee of the Board of Directors (the &#8220;Audit"
1756180,2026-08-17,0001683168-26-006537,nocera_8k.htm,keep,"the Exchange Act.&#160; &#9723; &#160; &#160; &#160; &#160; &#160; &#160; &#160; &#160; Item 4.02. Non-Reliance on Previously Issued Financial Statements or a Related Audit Report or Completed Interim Review. &#160; On August 14, 2026, the Board of Directors (the &#8220;Board&#8221;) of Nocera, Inc."
