cik,tier,severity,signal,event_date,as_of_date,source_form,source_accession,noisy
1800,near_default,3,debt_acceleration,2018-03-22,2018-03-22,8-K,0001104659-18-019573,0
1800,near_default,3,debt_acceleration,2018-06-22,2018-06-22,8-K,0001104659-18-041818,0
1800,near_default,3,debt_acceleration,2018-09-28,2018-09-28,8-K,0001104659-18-059457,0
1800,near_default,3,debt_acceleration,2018-10-29,2018-10-29,8-K,0001104659-18-064376,0
1800,near_default,3,debt_acceleration,2019-02-25,2019-02-25,8-K,0001104659-19-010347,0
1800,near_default,3,debt_acceleration,2019-12-19,2019-12-19,8-K,0001104659-19-074388,0
1800,early_warning,1,exit_or_disposal_costs,2021-06-03,2021-06-03,8-K,0001104659-21-076394,1
2488,early_warning,1,exit_or_disposal_costs,2015-10-01,2015-10-01,8-K,0000002488-15-000055,1
2969,early_warning,1,exit_or_disposal_costs,2016-04-04,2016-04-04,8-K,0001193125-16-528737,1
2969,early_warning,1,auditor_change,2018-07-26,2018-07-26,8-K,0001193125-18-227823,1
2969,near_default,3,delisting_by_exchange,2020-08-07,2020-08-07,25-NSE,0000876661-20-000622,0
2969,near_default,3,delisting_by_exchange,2021-04-15,2021-04-15,25-NSE,0000876661-21-000552,0
2969,near_default,3,delisting_by_exchange,2021-06-02,2021-06-02,25-NSE,0000876661-21-000826,0
2969,near_default,3,delisting_by_exchange,2025-02-12,2025-02-12,25-NSE,0000876661-25-000110,0
2969,early_warning,1,material_impairment,2025-02-24,2025-02-24,8-K,0001193125-25-033509,1
2969,early_warning,1,material_impairment,2026-06-30,2026-06-30,8-K,0001193125-26-289427,1
6201,early_warning,1,exit_or_disposal_costs,2020-07-15,2020-07-15,8-K,0001193125-20-193423,1
6201,early_warning,1,exit_or_disposal_costs,2020-08-25,2020-08-25,8-K,0000006201-20-000091,1
6201,early_warning,1,exit_or_disposal_costs,2021-02-03,2021-02-03,8-K,0000006201-21-000007,1
7536,early_warning,1,exit_or_disposal_costs,2019-07-15,2019-07-15,8-K,0001733391-19-000012,1
7536,early_warning,1,material_impairment,2019-07-15,2019-07-15,8-K,0001733391-19-000012,1
7536,early_warning,1,exit_or_disposal_costs,2024-10-31,2024-10-31,8-K,0001894806-24-000004,1
9389,early_warning,1,late_quarterly_report,2016-08-09,2016-08-09,NT 10-Q,0001104659-16-138228,0
9389,early_warning,1,late_annual_report,2017-03-02,2017-03-02,NT 10-K,0001104659-17-013446,0
9389,early_warning,1,exit_or_disposal_costs,2017-07-27,2017-07-27,8-K,0000009389-17-000026,1
9389,early_warning,1,exit_or_disposal_costs,2017-09-01,2017-09-01,8-K,0000009389-17-000034,1
9389,early_warning,1,exit_or_disposal_costs,2022-08-04,2022-08-04,8-K,0000009389-22-000017,1
10795,near_default,3,delisting_by_exchange,2019-06-06,2019-06-06,25-NSE,0000876661-19-000547,0
10795,near_default,3,delisting_by_exchange,2020-05-01,2020-05-01,25-NSE,0000876661-20-000371,0
10795,near_default,3,delisting_by_exchange,2021-03-15,2021-03-15,25-NSE,0000876661-21-000379,0
10795,near_default,3,delisting_by_exchange,2022-12-15,2022-12-15,25-NSE,0000876661-22-001135,0
10795,near_default,3,delisting_by_exchange,2023-05-24,2023-05-24,25-NSE,0000876661-23-000438,0
10795,near_default,3,delisting_by_exchange,2023-06-01,2023-06-01,25-NSE,0000876661-23-000465,0
10795,near_default,3,delisting_by_exchange,2023-06-05,2023-06-05,25-NSE,0000876661-23-000468,0
10795,near_default,3,delisting_by_exchange,2023-08-14,2023-08-14,25-NSE,0000876661-23-000647,0
10795,near_default,3,delisting_by_exchange,2025-05-27,2025-05-27,25-NSE,0000876661-25-000380,0
10795,near_default,3,delisting_by_exchange,2025-08-13,2025-08-13,25-NSE,0000876661-25-000594,0
10795,near_default,3,delisting_by_exchange,2026-06-04,2026-06-04,25-NSE,0000876661-26-000501,0
14272,near_default,3,delisting_by_exchange,2021-01-04,2021-01-04,25-NSE,0000876661-21-000003,0
14272,near_default,3,delisting_by_exchange,2025-05-15,2025-05-15,25-NSE,0000876661-25-000341,0
15615,early_warning,1,late_annual_report,2015-03-02,2015-03-02,NT 10-K,0001193125-15-070540,0
15615,stress,2,listing_rule_failure,2015-03-20,2015-03-20,8-K,0001193125-15-100330,0
15615,early_warning,1,late_quarterly_report,2015-05-12,2015-05-12,NT 10-Q,0001193125-15-182419,0
15615,stress,2,restatement_non_reliance,2015-07-31,2015-07-31,8-K,0001193125-15-271511,0
15615,early_warning,1,late_quarterly_report,2015-08-11,2015-08-11,NT 10-Q,0001193125-15-285197,0
15615,near_default,3,debt_acceleration,2020-07-20,2020-07-20,8-K,0001193125-20-195186,0
15615,early_warning,1,late_annual_report,2023-03-02,2023-03-02,NT 10-K,0001193125-23-057403,0
15615,early_warning,1,late_annual_report,2024-03-01,2024-03-01,NT 10-K,0001193125-24-054063,0
15615,early_warning,1,auditor_change,2024-03-08,2024-03-08,8-K,0001193125-24-062573,1
21344,near_default,3,delisting_by_exchange,2017-03-15,2017-03-15,25-NSE,0000876661-17-000123,0
21344,near_default,3,delisting_by_exchange,2019-03-08,2019-03-08,25-NSE,0000876661-19-000195,0
21344,near_default,3,delisting_by_exchange,2019-09-10,2019-09-10,25-NSE,0000876661-19-000923,0
21344,early_warning,1,exit_or_disposal_costs,2020-08-28,2020-08-28,8-K,0001552781-20-000463,1
21344,near_default,3,delisting_by_exchange,2020-10-20,2020-10-20,25-NSE,0000876661-20-000948,0
21344,near_default,3,delisting_by_exchange,2020-10-20,2020-10-20,25-NSE,0000876661-20-000947,0
21344,near_default,3,delisting_by_exchange,2020-10-21,2020-10-21,25-NSE,0000876661-20-000960,0
21344,near_default,3,delisting_by_exchange,2021-03-08,2021-03-08,25-NSE,0000876661-21-000335,0
21344,near_default,3,delisting_by_exchange,2021-04-08,2021-04-08,25-NSE,0000876661-21-000513,0
21344,near_default,3,delisting_by_exchange,2024-03-08,2024-03-08,25-NSE,0000876661-24-000139,0
27419,early_warning,1,exit_or_disposal_costs,2015-01-15,2015-01-15,8-K,0000027419-15-000005,1
27419,early_warning,1,material_impairment,2015-01-15,2015-01-15,8-K,0000027419-15-000005,1
27419,early_warning,1,exit_or_disposal_costs,2015-03-10,2015-03-10,8-K,0001104659-15-018413,1
27904,early_warning,1,material_impairment,2020-05-14,2020-05-14,8-K,0001683168-20-001539,1
27904,early_warning,1,material_impairment,2020-09-25,2020-09-25,8-K,0001683168-20-003281,1
28823,early_warning,1,late_quarterly_report,2016-11-09,2016-11-09,NT 10-Q,0000028823-16-000254,0
28823,early_warning,1,late_annual_report,2022-03-02,2022-03-02,NT 10-K,0000028823-22-000042,0
28823,stress,2,listing_rule_failure,2023-05-08,2023-05-08,8-K,0000028823-23-000103,0
28823,early_warning,1,late_quarterly_report,2023-05-10,2023-05-10,NT 10-Q,0000028823-23-000106,0
28823,default,4,chapter11_petition,2023-06-01,2023-06-01,8-K,0001193125-23-158463,0
28823,near_default,3,debt_acceleration,2023-06-01,2023-06-01,8-K,0001193125-23-158463,0
28823,stress,2,listing_rule_failure,2023-06-05,2023-06-05,8-K,0000028823-23-000123,0
28823,near_default,3,delisting_by_exchange,2023-06-20,2023-06-20,25-NSE,0000876661-23-000511,0
29534,early_warning,1,exit_or_disposal_costs,2015-10-13,2015-10-13,8-K,0001157523-15-003290,1
33213,early_warning,1,exit_or_disposal_costs,2019-09-12,2019-09-12,8-K,0001410578-19-001205,1
33213,early_warning,1,exit_or_disposal_costs,2024-10-01,2024-10-01,8-K,0001104659-24-104934,1
34088,early_warning,1,material_impairment,2020-11-30,2020-11-30,8-K,0000034088-20-000093,1
34088,near_default,3,debt_acceleration,2021-12-17,2021-12-17,8-K,0000950103-21-019926,0
34088,near_default,3,delisting_by_exchange,2024-06-26,2024-06-26,25-NSE,0000876661-24-000522,0
34088,stress,2,listing_rule_failure,2026-07-01,2026-07-01,8-K,0001193125-26-291986,0
34088,near_default,3,delisting_by_exchange,2026-07-02,2026-07-02,25-NSE,0000876661-26-000593,0
37996,early_warning,1,exit_or_disposal_costs,2019-02-19,2019-02-19,8-K,0000037996-19-000010,1
37996,early_warning,1,exit_or_disposal_costs,2019-03-27,2019-03-27,8-K,0000037996-19-000014,1
37996,early_warning,1,exit_or_disposal_costs,2019-06-06,2019-06-06,8-K,0000037996-19-000049,1
37996,early_warning,1,material_impairment,2019-10-01,2019-10-01,8-K,0000037996-19-000071,1
37996,early_warning,1,exit_or_disposal_costs,2021-01-11,2021-01-11,8-K,0000037996-21-000004,1
37996,early_warning,1,exit_or_disposal_costs,2021-06-28,2021-06-28,8-K,0000037996-21-000048,1
37996,early_warning,1,exit_or_disposal_costs,2021-09-09,2021-09-09,8-K,0000037996-21-000064,1
37996,early_warning,1,material_impairment,2024-08-21,2024-08-21,8-K,0000037996-24-000150,1
37996,early_warning,1,material_impairment,2025-12-15,2025-12-15,8-K,0000037996-25-000238,1
38009,near_default,3,delisting_by_exchange,2018-12-13,2018-12-13,25-NSE,0000876661-18-001324,0
38009,near_default,3,delisting_by_exchange,2019-03-11,2019-03-11,25-NSE,0000876661-19-000210,0
38009,near_default,3,delisting_by_exchange,2019-06-14,2019-06-14,25-NSE,0000876661-19-000583,0
38009,near_default,3,delisting_by_exchange,2019-12-16,2019-12-16,25-NSE,0000876661-19-001258,0
38009,near_default,3,delisting_by_exchange,2019-12-19,2019-12-19,25-NSE,0000876661-19-001280,0
38009,near_default,3,delisting_by_exchange,2020-06-02,2020-06-02,25-NSE,0000876661-20-000460,0
38009,near_default,3,delisting_by_exchange,2021-05-14,2021-05-14,25-NSE,0000876661-21-000725,0
38009,early_warning,1,exit_or_disposal_costs,2021-06-28,2021-06-28,8-K,0000038009-21-000069,1
38009,near_default,3,delisting_by_exchange,2021-12-01,2021-12-01,25-NSE,0000876661-21-001679,0
38009,near_default,3,delisting_by_exchange,2022-12-07,2022-12-07,25-NSE,0000876661-22-001102,0
38009,near_default,3,delisting_by_exchange,2023-02-17,2023-02-17,25-NSE,0000876661-23-000128,0
38009,near_default,3,delisting_by_exchange,2023-06-28,2023-06-28,25-NSE,0000876661-23-000542,0
38009,near_default,3,delisting_by_exchange,2023-11-15,2023-11-15,25-NSE,0000876661-23-000846,0
38009,near_default,3,delisting_by_exchange,2024-03-06,2024-03-06,25-NSE,0000876661-24-000132,0
38009,near_default,3,delisting_by_exchange,2024-06-14,2024-06-14,25-NSE,0000876661-24-000483,0
38009,near_default,3,delisting_by_exchange,2024-06-20,2024-06-20,25-NSE,0000876661-24-000505,0
38009,near_default,3,delisting_by_exchange,2024-07-19,2024-07-19,25-NSE,0000876661-24-000584,0
38009,near_default,3,delisting_by_exchange,2024-12-02,2024-12-02,25-NSE,0000876661-24-001119,0
38009,near_default,3,delisting_by_exchange,2024-12-03,2024-12-03,25-NSE,0000876661-24-001123,0
38009,near_default,3,delisting_by_exchange,2025-02-07,2025-02-07,25-NSE,0000876661-25-000065,0
38009,near_default,3,delisting_by_exchange,2025-03-06,2025-03-06,25-NSE,0000876661-25-000153,0
38009,near_default,3,delisting_by_exchange,2025-09-15,2025-09-15,25-NSE,0000876661-25-000671,0
38009,near_default,3,delisting_by_exchange,2025-11-25,2025-11-25,25-NSE,0000876661-25-000912,0
38009,near_default,3,delisting_by_exchange,2026-02-17,2026-02-17,25-NSE,0000876661-26-000134,0
38009,near_default,3,delisting_by_exchange,2026-06-05,2026-06-05,25-NSE,0000876661-26-000504,0
39911,early_warning,1,exit_or_disposal_costs,2016-05-19,2016-05-19,8-K,0000039911-16-000306,1
39911,early_warning,1,exit_or_disposal_costs,2019-02-28,2019-02-28,8-K,0000039911-19-000010,1
39911,early_warning,1,exit_or_disposal_costs,2023-04-27,2023-04-27,8-K,0000039911-23-000026,1
40211,near_default,3,delisting_by_exchange,2021-06-01,2021-06-01,25-NSE,0000876661-21-000814,0
40545,early_warning,1,exit_or_disposal_costs,2015-04-10,2015-04-10,8-K,0000040545-15-000036,1
40545,early_warning,1,material_impairment,2015-07-06,2015-07-06,8-K,0000040545-15-000076,1
40545,early_warning,1,material_impairment,2015-11-30,2015-11-30,8-K,0000040545-15-000126,1
40545,near_default,3,delisting_by_exchange,2018-05-31,2018-05-31,25-NSE,0000876661-18-000649,0
40545,near_default,3,delisting_by_exchange,2020-05-28,2020-05-28,25-NSE,0000876661-20-000451,0
40545,early_warning,1,auditor_change,2020-06-22,2020-06-22,8-K,0000040545-20-000035,1
40545,early_warning,1,auditor_change,2021-02-12,2021-02-12,8-K/A,0000040545-21-000013,1
40545,near_default,3,delisting_by_exchange,2022-05-17,2022-05-17,25-NSE,0000876661-22-000427,0
40545,near_default,3,delisting_by_exchange,2023-05-26,2023-05-26,25-NSE,0000876661-23-000445,0
40545,near_default,3,delisting_by_exchange,2025-05-19,2025-05-19,25-NSE,0000876661-25-000348,0
42582,early_warning,1,exit_or_disposal_costs,2015-06-25,2015-06-25,8-K,0001299933-15-000994,1
42582,early_warning,1,exit_or_disposal_costs,2016-10-24,2016-10-24,8-K,0001299933-16-003093,1
42582,early_warning,1,exit_or_disposal_costs,2019-03-19,2019-03-19,8-K,0001193125-19-079113,1
42582,early_warning,1,exit_or_disposal_costs,2019-09-19,2019-09-19,8-K,0001193125-19-249583,1
42582,early_warning,1,exit_or_disposal_costs,2019-11-21,2019-11-21,8-K/A,0001193125-19-297580,1
42582,early_warning,1,exit_or_disposal_costs,2020-04-23,2020-04-23,8-K,0001193125-20-117287,1
42582,early_warning,1,exit_or_disposal_costs,2022-10-19,2022-10-19,8-K,0001193125-22-265297,1
42582,early_warning,1,exit_or_disposal_costs,2023-01-27,2023-01-27,8-K,0001193125-23-016853,1
42582,early_warning,1,exit_or_disposal_costs,2023-06-01,2023-06-01,8-K,0001193125-23-158977,1
42582,early_warning,1,exit_or_disposal_costs,2023-09-08,2023-09-08,8-K,0001193125-23-231597,1
42582,early_warning,1,exit_or_disposal_costs,2023-09-22,2023-09-22,8-K,0001193125-23-240532,1
42582,early_warning,1,exit_or_disposal_costs,2023-11-16,2023-11-16,8-K,0001193125-23-278860,1
42582,early_warning,1,exit_or_disposal_costs,2025-02-04,2025-02-04,8-K,0001193125-25-020075,1
42582,early_warning,1,exit_or_disposal_costs,2025-06-05,2025-06-05,8-K,0001193125-25-135902,1
42582,early_warning,1,exit_or_disposal_costs,2026-03-20,2026-03-20,8-K,0001628280-26-020222,1
42582,early_warning,1,exit_or_disposal_costs,2026-07-21,2026-07-21,8-K,0001628280-26-049010,1
45012,near_default,3,debt_acceleration,2016-05-04,2016-05-04,8-K,0000045012-16-000295,0
46080,early_warning,1,exit_or_disposal_costs,2018-10-22,2018-10-22,8-K,0000046080-18-000134,1
46080,early_warning,1,exit_or_disposal_costs,2022-10-04,2022-10-04,8-K,0000046080-22-000116,1
46080,early_warning,1,exit_or_disposal_costs,2023-12-11,2023-12-11,8-K,0000046080-23-000097,1
46080,early_warning,1,late_quarterly_report,2026-05-11,2026-05-11,NT 10-Q,0000046080-26-000020,0
48287,early_warning,1,auditor_change,2015-01-16,2015-01-16,8-K,0000048287-15-000003,1
48287,early_warning,1,auditor_change,2015-02-27,2015-02-27,8-K/A,0000048287-15-000011,1
48287,early_warning,1,exit_or_disposal_costs,2016-02-19,2016-02-19,8-K,0000048287-16-000048,1
48287,early_warning,1,exit_or_disposal_costs,2016-10-07,2016-10-07,8-K,0000048287-16-000139,1
48287,early_warning,1,exit_or_disposal_costs,2017-02-08,2017-02-08,8-K,0000048287-17-000014,1
48287,early_warning,1,exit_or_disposal_costs,2017-02-09,2017-02-09,8-K/A,0000048287-17-000016,1
48287,early_warning,1,exit_or_disposal_costs,2017-12-06,2017-12-06,8-K,0000048287-17-000196,1
48287,early_warning,1,material_impairment,2017-12-06,2017-12-06,8-K,0000048287-17-000196,1
48287,early_warning,1,exit_or_disposal_costs,2024-05-20,2024-05-20,8-K,0001140361-24-026875,1
48287,early_warning,1,material_impairment,2024-05-20,2024-05-20,8-K,0001140361-24-026875,1
48287,early_warning,1,exit_or_disposal_costs,2026-01-08,2026-01-08,8-K,0001140361-26-000697,1
48287,early_warning,1,material_impairment,2026-01-08,2026-01-08,8-K,0001140361-26-000697,1
50863,early_warning,1,exit_or_disposal_costs,2016-04-19,2016-04-19,8-K,0000050863-16-000122,1
50863,early_warning,1,exit_or_disposal_costs,2024-10-31,2024-10-31,8-K,0000050863-24-000147,1
50863,early_warning,1,exit_or_disposal_costs,2025-04-24,2025-04-24,8-K,0000050863-25-000070,1
50863,early_warning,1,exit_or_disposal_costs,2025-07-24,2025-07-24,8-K,0000050863-25-000107,1
51143,near_default,3,delisting_by_exchange,2019-11-01,2019-11-01,25-NSE,0000876661-19-001101,0
51143,near_default,3,delisting_by_exchange,2019-11-19,2019-11-19,25-NSE,0000876661-19-001156,0
51143,near_default,3,delisting_by_exchange,2020-11-06,2020-11-06,25-NSE,0000876661-20-001032,0
51143,near_default,3,delisting_by_exchange,2020-12-21,2020-12-21,25-NSE,0000876661-20-001238,0
51143,near_default,3,delisting_by_exchange,2021-09-07,2021-09-07,25-NSE,0000876661-21-001282,0
51143,near_default,3,delisting_by_exchange,2022-08-05,2022-08-05,25-NSE,0000876661-22-000615,0
51143,near_default,3,delisting_by_exchange,2023-01-31,2023-01-31,25-NSE,0000876661-23-000073,0
51143,near_default,3,delisting_by_exchange,2023-05-26,2023-05-26,25-NSE,0000876661-23-000447,0
51143,near_default,3,delisting_by_exchange,2024-09-06,2024-09-06,25-NSE,0000876661-24-000820,0
51143,near_default,3,delisting_by_exchange,2025-01-31,2025-01-31,25-NSE,0000876661-25-000057,0
51143,near_default,3,delisting_by_exchange,2025-05-23,2025-05-23,25-NSE,0000876661-25-000377,0
51143,near_default,3,delisting_by_exchange,2025-10-30,2025-10-30,25-NSE,0000876661-25-000808,0
51143,near_default,3,delisting_by_exchange,2025-11-07,2025-11-07,25-NSE,0000876661-25-000849,0
52988,near_default,3,debt_acceleration,2019-06-12,2019-06-12,8-K,0001140361-19-010907,0
52988,near_default,3,delisting_by_exchange,2022-08-29,2022-08-29,25-NSE,0000876661-22-000721,0
57725,early_warning,1,exit_or_disposal_costs,2016-02-03,2016-02-03,8-K,0001104659-16-093511,1
57725,early_warning,1,material_impairment,2016-10-21,2016-10-21,8-K,0001104659-16-151385,1
57725,early_warning,1,material_impairment,2016-10-28,2016-10-28,8-K/A,0001104659-16-152942,1
57725,early_warning,1,exit_or_disposal_costs,2018-06-29,2018-06-29,8-K,0001104659-18-043219,1
57725,early_warning,1,material_impairment,2018-06-29,2018-06-29,8-K,0001104659-18-043219,1
57725,early_warning,1,material_impairment,2018-08-06,2018-08-06,8-K/A,0001104659-18-049855,1
57725,early_warning,1,material_impairment,2018-08-23,2018-08-23,8-K,0001104659-18-053315,1
57725,early_warning,1,material_impairment,2018-10-05,2018-10-05,8-K/A,0001104659-18-060786,1
57725,early_warning,1,material_impairment,2018-10-26,2018-10-26,8-K,0001104659-18-064180,1
57725,early_warning,1,exit_or_disposal_costs,2019-06-17,2019-06-17,8-K,0001104659-19-035950,1
57725,early_warning,1,material_impairment,2019-06-17,2019-06-17,8-K,0001104659-19-035950,1
57725,early_warning,1,exit_or_disposal_costs,2020-07-14,2020-07-14,8-K,0001104659-20-083210,1
57725,early_warning,1,material_impairment,2021-01-14,2021-01-14,8-K,0001104659-21-004265,1
57725,stress,2,listing_rule_failure,2022-03-04,2022-03-04,8-K,0001104659-22-030625,0
57725,stress,2,listing_rule_failure,2022-03-18,2022-03-18,8-K,0001104659-22-035622,0
57725,stress,2,listing_rule_failure,2022-05-31,2022-05-31,8-K,0001104659-22-066576,0
57725,early_warning,1,exit_or_disposal_costs,2022-12-16,2022-12-16,8-K,0001104659-22-127833,1
57725,early_warning,1,material_impairment,2022-12-16,2022-12-16,8-K,0001104659-22-127833,1
57725,stress,2,listing_rule_failure,2023-04-20,2023-04-20,8-K,0001104659-23-047442,0
57725,default,4,chapter11_petition,2023-05-02,2023-05-03,8-K,0001104659-23-055287,0
57725,near_default,3,debt_acceleration,2023-05-03,2023-05-03,8-K,0001104659-23-055287,0
57725,near_default,3,delisting_by_exchange,2023-05-04,2023-05-04,25-NSE,0000876661-23-000382,0
59478,near_default,3,delisting_by_exchange,2015-06-16,2015-06-16,25-NSE,0001143313-15-000028,0
59478,near_default,3,delisting_by_exchange,2022-03-02,2022-03-02,25-NSE,0000876661-22-000220,0
59478,near_default,3,delisting_by_exchange,2025-06-02,2025-06-02,25-NSE,0000876661-25-000413,0
59478,near_default,3,delisting_by_exchange,2026-06-02,2026-06-02,25-NSE,0000876661-26-000494,0
60667,early_warning,1,material_impairment,2016-01-22,2016-01-22,8-K,0000060667-16-000213,1
60667,early_warning,1,material_impairment,2016-02-24,2016-02-24,8-K/A,0000060667-16-000232,1
60667,early_warning,1,exit_or_disposal_costs,2018-08-22,2018-08-22,8-K,0001193125-18-254569,1
60667,early_warning,1,material_impairment,2018-08-22,2018-08-22,8-K,0001193125-18-254569,1
60667,early_warning,1,exit_or_disposal_costs,2018-11-05,2018-11-05,8-K,0000060667-18-000189,1
60667,early_warning,1,material_impairment,2018-11-05,2018-11-05,8-K,0000060667-18-000189,1
63276,near_default,3,debt_acceleration,2018-06-01,2018-06-01,8-K,0001193125-18-181611,0
63276,stress,2,restatement_non_reliance,2019-10-29,2019-10-29,8-K,0001193125-19-277846,0
63276,near_default,3,debt_acceleration,2019-11-20,2019-11-20,8-K,0001193125-19-296474,0
63276,early_warning,1,exit_or_disposal_costs,2020-05-05,2020-05-05,8-K,0001628280-20-006432,1
63276,early_warning,1,exit_or_disposal_costs,2021-02-09,2021-02-09,8-K,0001628280-21-001679,1
63276,near_default,3,debt_acceleration,2021-06-22,2021-06-22,8-K,0001193125-21-195333,0
63276,near_default,3,debt_acceleration,2022-12-01,2022-12-01,8-K,0001193125-22-296570,0
63276,early_warning,1,exit_or_disposal_costs,2024-02-07,2024-02-07,8-K,0001628280-24-003691,1
63276,early_warning,1,late_annual_report,2024-02-29,2024-02-29,NT 10-K,0001628280-24-008014,0
64803,early_warning,1,material_impairment,2021-11-18,2021-11-18,8-K,0000947871-21-001217,1
64803,near_default,3,debt_acceleration,2023-05-02,2023-05-02,8-K,0000947871-23-000511,0
66382,early_warning,1,auditor_change,2019-05-09,2019-05-09,8-K,0000066382-19-000027,1
66382,early_warning,1,exit_or_disposal_costs,2020-05-18,2020-05-18,8-K,0000066382-20-000016,1
70318,early_warning,1,material_impairment,2015-06-01,2015-06-01,8-K,0001193125-15-207810,1
70318,early_warning,1,material_impairment,2017-09-01,2017-09-01,8-K,0001193125-17-275143,1
70318,early_warning,1,exit_or_disposal_costs,2017-10-27,2017-10-27,8-K,0000070318-17-000016,1
76334,near_default,3,delisting_by_exchange,2017-03-24,2017-03-24,25-NSE,0000876661-17-000169,0
77281,near_default,3,delisting_by_exchange,2017-10-12,2017-10-12,25-NSE,0000876661-17-000608,0
77281,early_warning,1,late_quarterly_report,2020-08-11,2020-08-11,NT 10-Q,0001193125-20-216310,0
77281,stress,2,listing_rule_failure,2020-10-01,2020-10-01,8-K,0001193125-20-261314,0
77281,near_default,3,debt_acceleration,2020-10-23,2020-10-23,8-K,0001193125-20-275616,0
77281,default,4,chapter11_petition,2020-11-03,2020-11-03,8-K,0001193125-20-284830,0
77281,near_default,3,debt_acceleration,2020-11-03,2020-11-03,8-K,0001193125-20-284830,0
77281,stress,2,listing_rule_failure,2022-02-10,2022-02-10,8-K,0001193125-22-034596,0
77281,early_warning,1,auditor_change,2022-03-18,2022-03-18,8-K,0001193125-22-079498,1
77281,stress,2,listing_rule_failure,2022-12-16,2022-12-16,8-K,0001193125-22-307310,0
77281,near_default,3,delisting_by_exchange,2023-01-03,2023-01-03,25-NSE,0000876661-23-000010,0
77281,near_default,3,delisting_by_exchange,2023-01-03,2023-01-03,25-NSE,0000876661-23-000008,0
77281,near_default,3,delisting_by_exchange,2023-01-03,2023-01-03,25-NSE,0000876661-23-000006,0
77281,near_default,3,delisting_by_exchange,2023-01-03,2023-01-03,25-NSE,0000876661-23-000004,0
77281,stress,2,restatement_non_reliance,2023-05-10,2023-05-10,8-K,0001193125-23-139585,0
77281,near_default,3,debt_acceleration,2023-12-11,2023-12-11,8-K,0001193125-23-292055,0
77476,near_default,3,debt_acceleration,2016-10-06,2016-10-06,8-K,0001104659-16-149114,0
77476,stress,2,listing_rule_failure,2017-12-08,2017-12-08,8-K,0000950103-17-012290,0
77476,near_default,3,delisting_filed,2017-12-19,2017-12-19,25,0000950103-17-012553,0
77476,near_default,3,delisting_filed,2018-05-29,2018-05-29,25,0001104659-18-036411,0
77476,near_default,3,delisting_filed,2018-12-07,2018-12-07,25,0000950103-18-014473,0
77476,early_warning,1,exit_or_disposal_costs,2019-02-15,2019-02-15,8-K,0000077476-19-000013,1
77476,early_warning,1,material_impairment,2019-02-15,2019-02-15,8-K,0000077476-19-000013,1
77476,near_default,3,delisting_by_exchange,2021-04-28,2021-04-28,25-NSE,0001354457-21-000517,0
77476,near_default,3,delisting_by_exchange,2022-10-31,2022-10-31,25-NSE,0001354457-22-000618,0
77476,near_default,3,delisting_by_exchange,2024-05-03,2024-05-03,25-NSE,0001354457-24-000323,0
77476,near_default,3,delisting_by_exchange,2026-04-27,2026-04-27,25-NSE,0001354457-26-000377,0
78003,near_default,3,delisting_by_exchange,2019-03-06,2019-03-06,25-NSE,0000876661-19-000187,0
78003,near_default,3,delisting_by_exchange,2020-03-06,2020-03-06,25-NSE,0000876661-20-000184,0
78003,near_default,3,delisting_by_exchange,2022-03-07,2022-03-07,25-NSE,0000876661-22-000258,0
78003,early_warning,1,exit_or_disposal_costs,2023-10-13,2023-10-13,8-K,0000078003-23-000099,1
78003,early_warning,1,exit_or_disposal_costs,2024-05-22,2024-05-22,8-K,0000078003-24-000113,1
78003,early_warning,1,exit_or_disposal_costs,2025-04-29,2025-04-29,8-K,0000078003-25-000111,1
78239,early_warning,1,exit_or_disposal_costs,2019-01-11,2019-01-11,8-K,0000078239-19-000002,1
78239,early_warning,1,exit_or_disposal_costs,2020-07-14,2020-07-14,8-K,0000078239-20-000079,1
78239,early_warning,1,exit_or_disposal_costs,2023-07-11,2023-07-11,8-K,0000078239-23-000104,1
80424,near_default,3,delisting_by_exchange,2020-05-08,2020-05-08,25-NSE,0000876661-20-000381,0
80424,near_default,3,delisting_by_exchange,2020-12-07,2020-12-07,25-NSE,0000876661-20-001130,0
80424,near_default,3,delisting_by_exchange,2021-11-05,2021-11-05,25-NSE,0000876661-21-001581,0
80424,near_default,3,delisting_by_exchange,2022-08-16,2022-08-16,25-NSE,0000876661-22-000672,0
80424,near_default,3,delisting_by_exchange,2023-11-02,2023-11-02,25-NSE,0001143362-23-000478,0
80424,early_warning,1,material_impairment,2023-12-05,2023-12-05,8-K,0000080424-23-000107,1
80424,near_default,3,delisting_by_exchange,2024-10-25,2024-10-25,25-NSE,0000876661-24-001014,0
80424,near_default,3,delisting_by_exchange,2024-10-30,2024-10-30,25-NSE,0000876661-24-001021,0
80424,near_default,3,delisting_by_exchange,2025-05-06,2025-05-06,25-NSE,0000876661-25-000293,0
80424,near_default,3,delisting_by_exchange,2026-08-03,2026-08-03,25-NSE,0000876661-26-000657,0
84129,near_default,3,delisting_by_exchange,2018-05-14,2018-05-14,25-NSE,0000876661-18-000503,0
84129,stress,2,listing_rule_failure,2019-01-04,2019-01-04,8-K,0001104659-19-000689,0
84129,early_warning,1,exit_or_disposal_costs,2019-03-13,2019-03-13,8-K,0001341004-19-000180,1
84129,stress,2,listing_rule_failure,2023-10-04,2023-10-04,8-K,0001104659-23-106854,0
84129,early_warning,1,late_quarterly_report,2023-10-12,2023-10-12,NT 10-Q,0001104659-23-108868,0
84129,default,4,chapter11_petition,2023-10-15,2023-10-16,8-K,0001104659-23-109413,0
84129,near_default,3,debt_acceleration,2023-10-16,2023-10-16,8-K/A,0001104659-23-109413,0
84129,near_default,3,debt_acceleration,2023-10-16,2023-10-16,8-K,0001104659-23-109236,0
84129,near_default,3,delisting_by_exchange,2023-10-31,2023-10-31,25-NSE,0001143313-23-000135,0
84129,early_warning,1,late_quarterly_report,2024-01-12,2024-01-12,NT 10-Q,0001104659-24-003740,0
87347,early_warning,1,exit_or_disposal_costs,2015-12-01,2015-12-01,8-K,0001193125-15-391663,1
87347,early_warning,1,material_impairment,2016-12-06,2016-12-06,8-K,0001193125-16-785958,1
87347,early_warning,1,material_impairment,2019-09-04,2019-09-04,8-K,0001193125-19-237414,1
87347,early_warning,1,material_impairment,2019-10-18,2019-10-18,8-K,0001193125-19-269681,1
87347,early_warning,1,exit_or_disposal_costs,2020-06-16,2020-06-16,8-K,0001193125-20-170138,1
92122,early_warning,1,material_impairment,2018-05-21,2018-05-21,8-K,0000092122-18-000031,1
92122,near_default,3,delisting_by_exchange,2020-10-21,2020-10-21,25-NSE,0000876661-20-000956,0
92122,near_default,3,delisting_by_exchange,2021-10-18,2021-10-18,25-NSE,0000876661-21-001502,0
92122,near_default,3,delisting_by_exchange,2022-08-01,2022-08-01,25-NSE,0000876661-22-000604,0
93410,early_warning,1,material_impairment,2019-12-10,2019-12-10,8-K,0000093410-19-000040,1
93556,near_default,3,delisting_by_exchange,2015-11-20,2015-11-20,25-NSE,0000876661-15-000590,0
93556,near_default,3,delisting_by_exchange,2016-11-18,2016-11-18,25-NSE,0000876661-16-001411,0
93556,near_default,3,delisting_by_exchange,2019-12-13,2019-12-13,25-NSE,0000876661-19-001247,0
93556,near_default,3,delisting_by_exchange,2020-05-15,2020-05-15,25-NSE,0000876661-20-000408,0
93556,stress,2,restatement_non_reliance,2022-01-26,2022-01-26,8-K,0001193125-22-018393,0
93556,near_default,3,delisting_by_exchange,2022-11-15,2022-11-15,25-NSE,0000876661-22-000983,0
96021,near_default,3,debt_acceleration,2015-06-29,2015-06-29,8-K,0001193125-15-239493,0
96021,near_default,3,delisting_by_exchange,2023-06-23,2023-06-23,25-NSE,0000876661-23-000530,0
97745,near_default,3,delisting_by_exchange,2015-11-13,2015-11-13,25-NSE,0000876661-15-000570,0
97745,near_default,3,delisting_by_exchange,2018-08-09,2018-08-09,25-NSE,0000876661-18-000872,0
97745,near_default,3,delisting_by_exchange,2019-07-24,2019-07-24,25-NSE,0000876661-19-000778,0
97745,near_default,3,delisting_by_exchange,2019-10-16,2019-10-16,25-NSE,0000876661-19-001049,0
97745,near_default,3,delisting_by_exchange,2020-08-07,2020-08-07,25-NSE,0000876661-20-000625,0
97745,near_default,3,delisting_by_exchange,2021-01-15,2021-01-15,25-NSE,0000876661-21-000076,0
97745,near_default,3,delisting_by_exchange,2024-09-12,2024-09-12,25-NSE,0000876661-24-000847,0
97745,near_default,3,delisting_by_exchange,2025-03-03,2025-03-03,25-NSE,0000876661-25-000146,0
97745,near_default,3,delisting_by_exchange,2025-04-15,2025-04-15,25-NSE,0001143362-25-000121,0
97745,near_default,3,delisting_by_exchange,2026-01-21,2026-01-21,25-NSE,0000876661-26-000051,0
97745,near_default,3,delisting_by_exchange,2026-01-23,2026-01-23,25-NSE,0000876661-26-000058,0
100517,stress,2,listing_rule_failure,2018-08-24,2018-08-24,8-K,0001104659-18-053536,0
100517,near_default,3,delisting_filed,2018-09-05,2018-09-05,25,0001104659-18-055190,0
100517,early_warning,1,exit_or_disposal_costs,2020-07-08,2020-07-08,8-K,0001104659-20-082123,1
100517,early_warning,1,exit_or_disposal_costs,2020-09-02,2020-09-02,8-K/A,0001104659-20-101912,1
100517,early_warning,1,exit_or_disposal_costs,2020-10-14,2020-10-14,8-K/A,0001104659-20-114989,1
101829,near_default,3,delisting_by_exchange,2015-08-10,2015-08-10,25-NSE,0000876661-15-000356,0
101829,near_default,3,delisting_by_exchange,2018-02-22,2018-02-22,25-NSE,0000876661-18-000199,0
101829,near_default,3,delisting_by_exchange,2019-11-13,2019-11-13,25-NSE,0000876661-19-001135,0
101829,near_default,3,delisting_by_exchange,2020-03-31,2020-03-31,25-NSE,0000876661-20-000275,0
101829,near_default,3,delisting_by_exchange,2020-03-31,2020-03-31,25-NSE,0000876661-20-000274,0
101829,near_default,3,delisting_by_exchange,2020-03-31,2020-03-31,25-NSE,0000876661-20-000273,0
101829,near_default,3,delisting_by_exchange,2020-03-31,2020-03-31,25-NSE,0000876661-20-000272,0
101829,near_default,3,delisting_by_exchange,2020-05-18,2020-05-18,25-NSE,0000876661-20-000414,0
103379,early_warning,1,material_impairment,2022-09-28,2022-09-28,8-K,0001193125-22-252793,1
103379,near_default,3,delisting_by_exchange,2023-09-20,2023-09-20,25-NSE,0000876661-23-000742,0
103379,near_default,3,delisting_by_exchange,2026-02-09,2026-02-09,25-NSE,0000876661-26-000097,0
104169,near_default,3,delisting_by_exchange,2022-04-08,2022-04-08,25-NSE,0000876661-22-000350,0
104169,stress,2,listing_rule_failure,2025-11-20,2025-11-20,8-K,0000104169-25-000177,0
104169,near_default,3,delisting_filed,2025-12-08,2025-12-08,25,0000104169-25-000201,0
104169,near_default,3,delisting_by_exchange,2026-04-07,2026-04-07,25-NSE,0001354457-26-000333,0
105319,early_warning,1,exit_or_disposal_costs,2015-02-26,2015-02-26,8-K,0001193125-15-065649,1
105319,stress,2,restatement_non_reliance,2015-05-05,2015-05-05,8-K,0001193125-15-172260,0
105319,stress,2,listing_rule_failure,2018-10-01,2018-10-01,8-K,0001193125-18-289640,0
105319,near_default,3,delisting_filed,2018-10-12,2018-10-12,25,0001193125-18-298423,0
105319,early_warning,1,exit_or_disposal_costs,2020-05-15,2020-05-15,8-K,0001193125-20-143962,1
105319,early_warning,1,exit_or_disposal_costs,2022-04-22,2022-04-22,8-K,0001193125-22-115112,1
105319,early_warning,1,exit_or_disposal_costs,2023-02-02,2023-02-02,8-K,0001193125-23-022739,1
105319,early_warning,1,exit_or_disposal_costs,2024-08-01,2024-08-01,8-K,0001193125-24-190580,1
105319,stress,2,listing_rule_failure,2025-03-21,2025-03-21,8-K,0001193125-25-060217,0
105319,default,4,chapter11_petition,2025-05-06,2025-05-07,8-K,0001193125-25-114307,0
105319,near_default,3,debt_acceleration,2025-05-07,2025-05-07,8-K,0001193125-25-114307,0
105319,stress,2,listing_rule_failure,2025-05-09,2025-05-09,8-K,0001193125-25-116958,0
105319,near_default,3,delisting_by_exchange,2025-07-03,2025-07-03,25-NSE,0001354457-25-000613,0
200406,early_warning,1,exit_or_disposal_costs,2016-01-19,2016-01-19,8-K,0000200406-16-000062,1
200406,early_warning,1,exit_or_disposal_costs,2018-04-17,2018-04-17,8-K,0000200406-18-000015,1
200406,near_default,3,delisting_by_exchange,2019-11-06,2019-11-06,25-NSE,0000876661-19-001116,0
200406,near_default,3,delisting_by_exchange,2022-01-20,2022-01-20,25-NSE,0000876661-22-000070,0
200406,near_default,3,delisting_by_exchange,2024-05-20,2024-05-20,25-NSE,0000876661-24-000368,0
200406,near_default,3,delisting_by_exchange,2024-11-06,2024-11-06,25-NSE,0000876661-24-001042,0
310158,early_warning,1,material_impairment,2017-02-23,2017-02-23,8-K,0001628280-17-001659,1
310158,early_warning,1,exit_or_disposal_costs,2019-04-30,2019-04-30,8-K,0001104659-19-024842,1
310158,near_default,3,delisting_by_exchange,2021-10-15,2021-10-15,25-NSE,0000876661-21-001491,0
310158,early_warning,1,exit_or_disposal_costs,2024-02-01,2024-02-01,8-K,0001104659-24-009109,1
310158,near_default,3,delisting_by_exchange,2024-11-04,2024-11-04,25-NSE,0000876661-24-001036,0
310158,early_warning,1,exit_or_disposal_costs,2025-07-29,2025-07-29,8-K,0001104659-25-071380,1
310764,near_default,3,delisting_by_exchange,2020-11-30,2020-11-30,25-NSE,0000876661-20-001101,0
310764,near_default,3,delisting_by_exchange,2023-11-30,2023-11-30,25-NSE,0000876661-23-000907,0
310764,near_default,3,delisting_by_exchange,2024-12-03,2024-12-03,25-NSE,0000876661-24-001125,0
313616,stress,2,listing_rule_failure,2015-08-31,2015-08-31,8-K,0001193125-15-307569,0
313616,near_default,3,delisting_by_exchange,2017-06-30,2017-06-30,25-NSE,0000876661-17-000369,0
313616,near_default,3,delisting_by_exchange,2019-07-09,2019-07-09,25-NSE,0000876661-19-000727,0
313616,near_default,3,delisting_by_exchange,2020-11-05,2020-11-05,25-NSE,0000876661-20-001026,0
313616,near_default,3,delisting_by_exchange,2021-12-29,2021-12-29,25-NSE,0000876661-21-001834,0
313616,near_default,3,delisting_by_exchange,2022-04-18,2022-04-18,25-NSE,0000876661-22-000372,0
313616,near_default,3,delisting_by_exchange,2022-06-30,2022-06-30,25-NSE,0000876661-22-000536,0
313616,near_default,3,delisting_by_exchange,2023-04-17,2023-04-17,25-NSE,0000876661-23-000345,0
313616,near_default,3,delisting_by_exchange,2024-04-01,2024-04-01,25-NSE,0000876661-24-000243,0
313616,near_default,3,delisting_by_exchange,2026-03-18,2026-03-18,25-NSE,0000876661-26-000268,0
314808,near_default,3,delisting_by_exchange,2015-04-14,2015-04-14,25-NSE,0000876661-15-000163,0
314808,stress,2,listing_rule_failure,2020-04-21,2020-04-21,8-K,0000314808-20-000052,0
314808,default,4,chapter11_petition,2020-08-19,2020-08-19,8-K,0001104659-20-096796,0
314808,near_default,3,debt_acceleration,2020-08-19,2020-08-19,8-K,0001104659-20-096796,0
314808,stress,2,listing_rule_failure,2020-08-25,2020-08-25,8-K,0000314808-20-000147,0
314808,near_default,3,delisting_by_exchange,2020-09-04,2020-09-04,25-NSE,0000876661-20-000738,0
315189,near_default,3,delisting_by_exchange,2022-01-10,2022-01-10,25-NSE,0000876661-22-000030,0
315293,near_default,3,delisting_by_exchange,2020-04-01,2020-04-01,25-NSE,0000876661-20-000277,0
315293,stress,2,listing_rule_failure,2020-04-01,2020-04-01,8-K12B,0001193125-20-093512,0
315293,near_default,3,delisting_by_exchange,2021-02-16,2021-02-16,25-NSE,0000876661-21-000210,0
315293,near_default,3,delisting_by_exchange,2023-11-27,2023-11-27,25-NSE,0000876661-23-000893,0
315293,near_default,3,delisting_by_exchange,2024-06-14,2024-06-14,25-NSE,0000876661-24-000487,0
315293,near_default,3,delisting_by_exchange,2025-12-15,2025-12-15,25-NSE,0000876661-25-000973,0
315293,near_default,3,delisting_by_exchange,2026-02-17,2026-02-17,25-NSE,0000876661-26-000139,0
318154,near_default,3,delisting_filed,2020-12-28,2020-12-28,25,0001193125-20-327646,0
318154,near_default,3,delisting_by_exchange,2022-02-07,2022-02-07,25-NSE,0001354457-22-000109,0
318154,near_default,3,delisting_by_exchange,2026-02-24,2026-02-24,25-NSE,0001354457-26-000212,0
320187,early_warning,1,exit_or_disposal_costs,2023-12-21,2023-12-21,8-K,0000320187-23-000054,1
320187,early_warning,1,exit_or_disposal_costs,2026-03-05,2026-03-05,8-K,0000320187-26-000017,1
320193,near_default,3,delisting_filed,2019-03-14,2019-03-14,25,0001193125-19-074874,0
320193,near_default,3,delisting_by_exchange,2022-11-09,2022-11-09,25-NSE,0001354457-22-000638,0
320193,near_default,3,delisting_by_exchange,2024-01-17,2024-01-17,25-NSE,0001354457-24-000017,0
320193,near_default,3,delisting_by_exchange,2025-05-22,2025-05-22,25-NSE,0001354457-25-000451,0
320193,near_default,3,delisting_by_exchange,2025-11-14,2025-11-14,25-NSE,0001354457-25-001138,0
352998,stress,2,listing_rule_failure,2015-10-14,2015-10-14,8-K,0001144204-15-059317,0
352998,near_default,3,delisting_filed,2015-10-23,2015-10-23,25,0001144204-15-060627,0
352998,stress,2,restatement_non_reliance,2018-03-15,2018-03-15,8-K,0001144204-18-014901,0
352998,early_warning,1,late_annual_report,2018-03-19,2018-03-19,NT 10-K,0001628280-18-003352,0
352998,early_warning,1,late_quarterly_report,2018-05-11,2018-05-11,NT 10-Q,0001144204-18-027706,0
352998,early_warning,1,auditor_change,2018-08-14,2018-08-14,8-K,0001144204-18-044724,1
352998,stress,2,restatement_non_reliance,2018-11-13,2018-11-13,8-K,0001144204-18-059002,0
352998,early_warning,1,late_quarterly_report,2018-11-13,2018-11-13,NT 10-Q,0001144204-18-059001,0
352998,stress,2,listing_rule_failure,2018-11-19,2018-11-19,8-K,0001144204-18-060580,0
352998,early_warning,1,late_annual_report,2019-03-19,2019-03-19,NT 10-K,0001144204-19-014850,0
352998,stress,2,listing_rule_failure,2019-06-07,2019-06-07,8-K,0001144204-19-030301,0
352998,stress,2,listing_rule_failure,2019-12-06,2019-12-06,8-K,0001104659-19-070609,0
352998,early_warning,1,late_annual_report,2020-03-30,2020-03-30,NT 10-K,0001104659-20-039823,0
352998,stress,2,listing_rule_failure,2020-07-31,2020-07-31,8-K,0001104659-20-089056,0
352998,early_warning,1,late_quarterly_report,2020-08-14,2020-08-14,NT 10-Q,0001104659-20-095132,0
352998,early_warning,1,late_quarterly_report,2020-11-13,2020-11-13,NT 10-Q,0001104659-20-125042,0
352998,stress,2,listing_rule_failure,2020-12-01,2020-12-01,8-K,0001104659-20-131123,0
352998,stress,2,listing_rule_failure,2020-12-10,2020-12-10,8-K,0001104659-20-134199,0
352998,early_warning,1,auditor_change,2021-01-22,2021-01-22,8-K,0001104659-21-006658,1
352998,early_warning,1,auditor_change,2021-03-02,2021-03-02,8-K,0001104659-21-030787,1
352998,early_warning,1,late_annual_report,2021-03-31,2021-03-31,NT 10-K,0001104659-21-044797,0
352998,stress,2,listing_rule_failure,2021-04-15,2021-04-15,8-K,0001104659-21-050796,0
352998,stress,2,listing_rule_failure,2021-04-22,2021-04-22,8-K,0001104659-21-053454,0
352998,early_warning,1,auditor_change,2021-05-07,2021-05-07,8-K/A,0001104659-21-063079,1
352998,early_warning,1,late_quarterly_report,2021-05-17,2021-05-17,NT 10-Q,0001104659-21-068023,0
352998,default,4,chapter11_petition,2021-10-15,2021-10-15,8-K,0001104659-21-126768,0
352998,near_default,3,debt_acceleration,2021-10-15,2021-10-15,8-K,0001104659-21-126768,0
352998,stress,2,listing_rule_failure,2021-10-15,2021-10-15,8-K,0001104659-21-126768,0
352998,near_default,3,delisting_by_exchange,2021-10-27,2021-10-27,25-NSE,0001354457-21-001223,0
354190,stress,2,listing_rule_failure,2022-03-04,2022-03-04,8-K,0001193125-22-066271,0
716006,default,4,chapter11_petition,2023-08-06,2023-08-07,8-K,0001193125-23-204370,0
716006,near_default,3,debt_acceleration,2023-08-07,2023-08-07,8-K,0001193125-23-204370,0
716006,stress,2,listing_rule_failure,2023-08-09,2023-08-09,8-K,0000950170-23-040179,0
716006,early_warning,1,late_quarterly_report,2023-08-10,2023-08-10,NT 10-Q,0000950170-23-041000,0
716006,near_default,3,delisting_by_exchange,2023-09-08,2023-09-08,25-NSE,0001354457-23-000648,0
716006,early_warning,1,late_quarterly_report,2023-11-13,2023-11-13,NT 10-Q,0000950170-23-062261,0
720154,stress,2,listing_rule_failure,2016-12-07,2016-12-07,8-K,0001144204-16-138305,0
720154,early_warning,1,auditor_change,2021-11-05,2021-11-05,8-K,0001558370-21-014866,1
720154,stress,2,restatement_non_reliance,2021-12-16,2021-12-16,8-K,0001558370-21-016882,0
720154,early_warning,1,late_quarterly_report,2022-02-15,2022-02-15,NT 10-Q,0001104659-22-023850,0
720154,early_warning,1,exit_or_disposal_costs,2022-06-17,2022-06-17,8-K,0001104659-22-072341,1
720154,early_warning,1,material_impairment,2022-06-17,2022-06-17,8-K,0001104659-22-072341,1
720154,early_warning,1,exit_or_disposal_costs,2022-07-25,2022-07-25,8-K/A,0001104659-22-082461,1
720154,early_warning,1,material_impairment,2022-07-25,2022-07-25,8-K/A,0001104659-22-082461,1
720154,early_warning,1,late_annual_report,2022-12-15,2022-12-15,NT 10-K,0001104659-22-127342,0
720154,early_warning,1,late_quarterly_report,2024-05-13,2024-05-13,NT 10-Q,0001628280-24-022899,0
720154,stress,2,listing_rule_failure,2026-01-07,2026-01-07,8-K,0001628280-26-001160,0
720154,default,4,chapter11_petition,2026-06-03,2026-06-03,8-K,0001104659-26-069950,0
720154,near_default,3,debt_acceleration,2026-06-03,2026-06-03,8-K,0001104659-26-069950,0
720154,near_default,3,delisting_by_exchange,2026-07-10,2026-07-10,25-NSE,0001354457-26-000660,0
720154,early_warning,1,auditor_change,2026-07-29,2026-07-29,8-K15D5,0001104659-26-087684,1
723125,early_warning,1,exit_or_disposal_costs,2016-06-30,2016-06-30,8-K,0000723125-16-000198,1
723125,near_default,3,delisting_filed,2019-08-05,2019-08-05,25,0000723125-19-000059,0
723125,early_warning,1,exit_or_disposal_costs,2022-12-21,2022-12-21,8-K,0000723125-22-000070,1
726728,near_default,3,delisting_by_exchange,2017-04-07,2017-04-07,25-NSE,0000876661-17-000201,0
726728,near_default,3,delisting_by_exchange,2024-09-30,2024-09-30,25-NSE,0000876661-24-000885,0
728535,early_warning,1,auditor_change,2021-06-28,2021-06-28,8-K,0001437749-21-015782,1
730255,early_warning,1,auditor_change,2015-08-31,2015-08-31,8-K,0001206774-15-002980,1
730255,early_warning,1,auditor_change,2017-08-16,2017-08-16,8-K,0001206774-17-002474,1
730255,early_warning,1,exit_or_disposal_costs,2019-03-04,2019-03-04,8-K,0001564590-19-006036,1
730255,early_warning,1,exit_or_disposal_costs,2021-03-17,2021-03-17,8-K,0001564590-21-013689,1
730255,stress,2,listing_rule_failure,2023-08-23,2023-08-23,8-K,0000950170-23-044033,0
730255,stress,2,listing_rule_failure,2024-01-19,2024-01-19,8-K,0000950170-24-005811,0
730255,stress,2,listing_rule_failure,2024-04-24,2024-04-24,8-K,0000950170-24-047631,0
730255,early_warning,1,late_annual_report,2024-05-30,2024-05-30,NT 10-K,0000950170-24-066666,0
730255,default,4,chapter11_petition,2024-06-03,2024-06-03,8-K,0000950170-24-067683,0
730255,stress,2,listing_rule_failure,2024-06-03,2024-06-03,8-K,0000950170-24-068057,0
730255,near_default,3,delisting_by_exchange,2024-06-28,2024-06-28,25-NSE,0001354457-24-000448,0
732712,near_default,3,delisting_by_exchange,2019-03-11,2019-03-11,25-NSE,0000876661-19-000208,0
732712,near_default,3,delisting_by_exchange,2020-06-15,2020-06-15,25-NSE,0000876661-20-000506,0
732712,near_default,3,delisting_by_exchange,2020-06-15,2020-06-15,25-NSE,0000876661-20-000505,0
732712,near_default,3,delisting_by_exchange,2024-03-01,2024-03-01,25-NSE,0000876661-24-000125,0
732712,near_default,3,delisting_by_exchange,2024-06-18,2024-06-18,25-NSE,0000876661-24-000495,0
732712,near_default,3,delisting_by_exchange,2025-04-02,2025-04-02,25-NSE,0000876661-25-000255,0
732712,near_default,3,delisting_by_exchange,2025-09-03,2025-09-03,25-NSE,0000876661-25-000633,0
732717,near_default,3,delisting_by_exchange,2015-04-28,2015-04-28,25-NSE,0000876661-15-000187,0
732717,near_default,3,delisting_by_exchange,2017-05-02,2017-05-02,25-NSE,0000876661-17-000235,0
732717,near_default,3,debt_acceleration,2018-04-23,2018-04-23,8-K,0001193125-18-126146,0
732717,near_default,3,delisting_by_exchange,2018-05-23,2018-05-23,25-NSE,0000876661-18-000609,0
732717,near_default,3,delisting_by_exchange,2018-05-23,2018-05-23,25-NSE,0000876661-18-000608,0
732717,near_default,3,delisting_by_exchange,2018-05-23,2018-05-23,25-NSE,0000876661-18-000607,0
732717,near_default,3,delisting_by_exchange,2018-05-23,2018-05-23,25-NSE,0000876661-18-000597,0
732717,near_default,3,delisting_by_exchange,2018-05-23,2018-05-23,25-NSE,0000876661-18-000596,0
732717,near_default,3,delisting_by_exchange,2019-06-05,2019-06-05,25-NSE,0000876661-19-000542,0
732717,near_default,3,delisting_by_exchange,2020-08-03,2020-08-03,25-NSE,0000876661-20-000606,0
732717,near_default,3,delisting_by_exchange,2020-12-04,2020-12-04,25-NSE,0000876661-20-001119,0
732717,near_default,3,delisting_by_exchange,2021-12-17,2021-12-17,25-NSE,0000876661-21-001770,0
732717,near_default,3,delisting_by_exchange,2022-06-01,2022-06-01,25-NSE,0000876661-22-000465,0
732717,near_default,3,delisting_by_exchange,2023-03-15,2023-03-15,25-NSE,0000876661-23-000238,0
732717,near_default,3,delisting_by_exchange,2023-05-19,2023-05-19,25-NSE,0000876661-23-000415,0
732717,near_default,3,delisting_by_exchange,2023-09-05,2023-09-05,25-NSE,0000876661-23-000704,0
732717,near_default,3,delisting_by_exchange,2023-09-05,2023-09-05,25-NSE,0000876661-23-000703,0
732717,near_default,3,delisting_by_exchange,2023-09-05,2023-09-05,25-NSE,0000876661-23-000700,0
732717,near_default,3,delisting_by_exchange,2023-09-15,2023-09-15,25-NSE,0000876661-23-000735,0
732717,near_default,3,delisting_by_exchange,2024-03-15,2024-03-15,25-NSE,0000876661-24-000169,0
732717,near_default,3,delisting_by_exchange,2025-01-06,2025-01-06,25-NSE,0000876661-25-000012,0
732717,near_default,3,delisting_by_exchange,2025-03-06,2025-03-06,25-NSE,0000876661-25-000155,0
732717,near_default,3,delisting_by_exchange,2025-11-18,2025-11-18,25-NSE,0000876661-25-000880,0
732717,near_default,3,delisting_by_exchange,2025-12-17,2025-12-17,25-NSE,0000876661-25-000982,0
732717,near_default,3,delisting_by_exchange,2026-03-04,2026-03-04,25-NSE,0000876661-26-000208,0
732834,stress,2,listing_rule_failure,2022-11-22,2022-11-22,8-K,0001193125-22-291094,0
732834,near_default,3,delisting_by_exchange,2022-11-23,2022-11-23,25-NSE,0000876661-22-001025,0
742112,near_default,3,delisting_by_exchange,2015-07-15,2015-07-15,25-NSE,0000876661-15-000308,0
742112,early_warning,1,exit_or_disposal_costs,2015-11-09,2015-11-09,8-K,0000742112-15-000079,1
742112,early_warning,1,exit_or_disposal_costs,2017-01-31,2017-01-31,8-K,0000742112-17-000007,1
742112,early_warning,1,exit_or_disposal_costs,2017-05-24,2017-05-24,8-K,0000742112-17-000050,1
742112,early_warning,1,exit_or_disposal_costs,2017-06-26,2017-06-26,8-K,0000742112-17-000067,1
742112,early_warning,1,exit_or_disposal_costs,2017-07-28,2017-07-28,8-K,0000742112-17-000075,1
742112,early_warning,1,exit_or_disposal_costs,2017-12-07,2017-12-07,8-K,0000742112-17-000115,1
742112,early_warning,1,exit_or_disposal_costs,2018-02-13,2018-02-13,8-K,0000742112-18-000013,1
742112,early_warning,1,exit_or_disposal_costs,2018-11-01,2018-11-01,8-K,0000742112-18-000088,1
742112,early_warning,1,exit_or_disposal_costs,2018-11-20,2018-11-20,8-K,0000742112-18-000101,1
742112,early_warning,1,exit_or_disposal_costs,2019-07-02,2019-07-02,8-K,0000742112-19-000050,1
742112,early_warning,1,exit_or_disposal_costs,2019-11-25,2019-11-25,8-K,0000742112-19-000090,1
742112,early_warning,1,exit_or_disposal_costs,2019-12-20,2019-12-20,8-K/A,0000742112-19-000093,1
742112,early_warning,1,exit_or_disposal_costs,2022-05-04,2022-05-04,8-K,0000742112-22-000027,1
742112,stress,2,listing_rule_failure,2022-09-29,2022-09-29,8-K,0000742112-22-000075,0
742112,default,4,chapter11_petition,2023-01-31,2023-02-01,8-K,0000742112-23-000008,0
742112,near_default,3,debt_acceleration,2023-02-01,2023-02-01,8-K,0000742112-23-000008,0
742112,stress,2,listing_rule_failure,2023-02-03,2023-02-03,8-K,0000742112-23-000014,0
742112,near_default,3,delisting_by_exchange,2023-02-16,2023-02-16,25-NSE,0000876661-23-000121,0
742112,early_warning,1,late_annual_report,2023-03-31,2023-03-31,NT 10-K,0000742112-23-000024,0
742112,early_warning,1,exit_or_disposal_costs,2023-04-10,2023-04-10,8-K,0000742112-23-000030,1
742112,early_warning,1,late_quarterly_report,2023-08-14,2023-08-14,NT 10-Q,0000742112-23-000094,0
742112,early_warning,1,auditor_change,2023-09-13,2023-09-13,8-K,0000742112-23-000102,1
742112,early_warning,1,late_quarterly_report,2023-11-15,2023-11-15,NT 10-Q,0000742112-23-000105,0
742112,early_warning,1,late_annual_report,2024-04-02,2024-04-02,NT 10-K,0000742112-24-000016,0
742112,early_warning,1,exit_or_disposal_costs,2024-04-10,2024-04-10,8-K,0000742112-24-000023,1
742112,early_warning,1,late_quarterly_report,2024-05-16,2024-05-16,NT 10-Q,0000742112-24-000025,0
748790,early_warning,1,auditor_change,2016-02-22,2016-02-22,8-K,0001445866-16-001632,1
748790,early_warning,1,late_quarterly_report,2020-11-16,2020-11-16,NT 10-Q,0001096906-20-000309,0
748790,early_warning,1,auditor_change,2021-01-12,2021-01-12,8-K,0001096906-21-000062,1
748790,early_warning,1,late_annual_report,2021-03-31,2021-03-31,NT 10-K,0001096906-21-000643,0
748790,early_warning,1,late_quarterly_report,2021-05-17,2021-05-17,NT 10-Q,0001096906-21-001197,0
748790,early_warning,1,auditor_change,2021-10-06,2021-10-06,8-K,0001575872-21-000257,1
748790,early_warning,1,auditor_change,2022-02-28,2022-02-28,8-K,0001575872-22-000179,1
748790,early_warning,1,late_annual_report,2022-04-01,2022-04-01,NT 10-K,0001575872-22-000233,0
748790,early_warning,1,late_annual_report,2023-04-03,2023-04-03,NT 10-K,0001575872-23-000501,0
748790,early_warning,1,late_annual_report,2024-04-01,2024-04-01,NT 10-K,0001628280-24-014014,0
748790,early_warning,1,late_quarterly_report,2024-08-15,2024-08-15,NT 10-Q,0001628280-24-037314,0
748790,early_warning,1,late_annual_report,2025-04-01,2025-04-01,NT 10-K,0000748790-25-000005,0
748790,default,4,chapter11_petition,2025-04-18,2025-04-18,8-K,0001213900-25-033420,0
748790,near_default,3,debt_acceleration,2025-04-18,2025-04-18,8-K,0001213900-25-033420,0
753308,near_default,3,delisting_by_exchange,2015-09-01,2015-09-01,25-NSE,0000876661-15-000401,0
753308,near_default,3,delisting_by_exchange,2016-09-01,2016-09-01,25-NSE,0000876661-16-001241,0
753308,near_default,3,delisting_by_exchange,2018-09-04,2018-09-04,25-NSE,0000876661-18-000962,0
753308,near_default,3,delisting_by_exchange,2019-09-03,2019-09-03,25-NSE,0000876661-19-000906,0
753308,near_default,3,delisting_by_exchange,2022-09-01,2022-09-01,25-NSE,0000876661-22-000734,0
753308,near_default,3,delisting_by_exchange,2023-03-01,2023-03-01,25-NSE,0000876661-23-000158,0
753308,near_default,3,delisting_by_exchange,2023-09-01,2023-09-01,25-NSE,0000876661-23-000692,0
753308,near_default,3,delisting_by_exchange,2025-09-02,2025-09-02,25-NSE,0000876661-25-000631,0
764065,near_default,3,delisting_by_exchange,2016-02-02,2016-02-02,25-NSE,0000876661-16-000792,0
764065,early_warning,1,exit_or_disposal_costs,2018-04-06,2018-04-06,8-K,0000764065-18-000083,1
764478,early_warning,1,exit_or_disposal_costs,2015-03-30,2015-03-30,8-K,0000764478-15-000012,1
764478,early_warning,1,exit_or_disposal_costs,2018-03-01,2018-03-01,8-K,0000764478-18-000004,1
766704,near_default,3,delisting_by_exchange,2017-03-10,2017-03-10,25-NSE,0000876661-17-000107,0
766704,near_default,3,delisting_by_exchange,2019-03-01,2019-03-01,25-NSE,0000876661-19-000163,0
766704,stress,2,listing_rule_failure,2022-04-01,2022-04-01,8-K12B,0001193125-22-092900,0
766704,near_default,3,delisting_by_exchange,2022-04-05,2022-04-05,25-NSE,0000876661-22-000338,0
768835,near_default,3,debt_acceleration,2023-03-16,2023-03-16,8-K,0000768835-23-000013,0
768835,near_default,3,debt_acceleration,2023-08-31,2023-08-31,8-K,0000768835-23-000101,0
768835,default,4,chapter11_petition,2024-09-09,2024-09-10,8-K,0000768835-24-000062,0
768835,near_default,3,debt_acceleration,2024-09-10,2024-09-10,8-K,0000768835-24-000062,0
768835,near_default,3,delisting_by_exchange,2024-09-10,2024-09-10,25-NSE,0000876661-24-000843,0
768835,stress,2,listing_rule_failure,2024-09-10,2024-09-10,8-K,0000768835-24-000062,0
768835,early_warning,1,late_quarterly_report,2024-12-11,2024-12-11,NT 10-Q,0000768835-24-000071,0
773840,near_default,3,delisting_by_exchange,2016-07-18,2016-07-18,25-NSE,0000876661-16-001099,0
773840,near_default,3,delisting_by_exchange,2018-02-22,2018-02-22,25-NSE,0000876661-18-000197,0
773840,near_default,3,delisting_by_exchange,2020-04-03,2020-04-03,25-NSE,0000876661-20-000293,0
773840,stress,2,listing_rule_failure,2021-04-30,2021-04-30,8-K,0000773840-21-000036,0
773840,near_default,3,delisting_filed,2021-05-10,2021-05-10,25,0000773840-21-000043,0
773840,near_default,3,delisting_by_exchange,2023-02-21,2023-02-21,25-NSE,0001354457-23-000105,0
773840,near_default,3,delisting_by_exchange,2024-03-08,2024-03-08,25-NSE,0001354457-24-000133,0
773840,near_default,3,delisting_by_exchange,2026-04-10,2026-04-10,25-NSE,0001354457-26-000338,0
789019,near_default,3,delisting_filed,2019-11-08,2019-11-08,25,0001193125-19-288425,0
789019,near_default,3,delisting_by_exchange,2021-09-03,2021-09-03,25-NSE,0001354457-21-001009,0
794170,near_default,3,delisting_by_exchange,2021-03-15,2021-03-15,25-NSE,0000876661-21-000386,0
797468,near_default,3,delisting_by_exchange,2019-08-01,2019-08-01,25-NSE,0000876661-19-000812,0
798354,stress,2,listing_rule_failure,2023-05-25,2023-05-25,8-K,0001193125-23-154199,0
798354,near_default,3,delisting_filed,2023-06-06,2023-06-06,25,0001193125-23-161601,0
798354,near_default,3,delisting_by_exchange,2023-06-30,2023-06-30,25-NSE,0001354457-23-000445,0
798354,stress,2,listing_rule_failure,2023-07-05,2023-07-05,8-K,0001193125-23-182020,0
798354,near_default,3,delisting_filed,2023-07-17,2023-07-17,25,0001193125-23-188094,0
798354,early_warning,1,material_impairment,2024-09-25,2024-09-25,8-K,0001193125-24-226107,1
798354,near_default,3,delisting_by_exchange,2025-07-01,2025-07-01,25-NSE,0000876661-25-000481,0
798354,stress,2,listing_rule_failure,2025-10-29,2025-10-29,8-K,0001193125-25-254670,0
798354,near_default,3,delisting_filed,2025-11-10,2025-11-10,25,0001193125-25-274239,0
804328,near_default,3,debt_acceleration,2018-06-05,2018-06-05,8-K,0001193125-18-184011,0
804328,near_default,3,debt_acceleration,2018-08-01,2018-08-01,8-K,0001104659-18-048772,0
812074,stress,2,restatement_non_reliance,2016-05-02,2016-05-02,8-K,0001104659-16-116698,0
812074,early_warning,1,late_quarterly_report,2016-05-11,2016-05-11,NT 10-Q,0001104659-16-119905,0
812074,early_warning,1,exit_or_disposal_costs,2018-05-16,2018-05-16,8-K,0001104659-18-033844,1
812074,early_warning,1,material_impairment,2018-05-16,2018-05-16,8-K,0001104659-18-033844,1
812074,near_default,3,delisting_by_exchange,2019-12-27,2019-12-27,25-NSE,0000876661-19-001306,0
812074,stress,2,listing_rule_failure,2019-12-27,2019-12-27,8-K12B,0001104659-19-076288,0
812074,early_warning,1,exit_or_disposal_costs,2023-09-21,2023-09-21,8-K,0001104659-23-102833,1
812074,early_warning,1,material_impairment,2023-09-21,2023-09-21,8-K,0001104659-23-102833,1
812074,early_warning,1,exit_or_disposal_costs,2024-10-22,2024-10-22,8-K,0001104659-24-110581,1
812074,early_warning,1,material_impairment,2024-10-22,2024-10-22,8-K,0001104659-24-110581,1
812074,early_warning,1,exit_or_disposal_costs,2024-12-17,2024-12-17,8-K,0001104659-24-129387,1
812074,early_warning,1,material_impairment,2024-12-17,2024-12-17,8-K,0001104659-24-129387,1
812074,early_warning,1,exit_or_disposal_costs,2025-03-21,2025-03-21,8-K,0001104659-25-026683,1
814453,early_warning,1,exit_or_disposal_costs,2015-05-01,2015-05-01,8-K,0000814453-15-000052,1
814453,early_warning,1,auditor_change,2016-04-15,2016-04-15,8-K,0001193125-16-543111,1
814453,early_warning,1,auditor_change,2016-05-10,2016-05-10,8-K/A,0000814453-16-000204,1
814453,early_warning,1,material_impairment,2018-06-11,2018-06-11,8-K,0001193125-18-188741,1
814453,stress,2,listing_rule_failure,2018-11-28,2018-11-28,8-K,0001193125-18-335903,0
814453,near_default,3,delisting_filed,2018-12-10,2018-12-10,25,0001193125-18-346171,0
814453,early_warning,1,late_annual_report,2019-03-04,2019-03-04,NT 10-K,0001193125-19-061683,0
814453,early_warning,1,exit_or_disposal_costs,2023-01-23,2023-01-23,8-K,0001193125-23-012746,1
814453,early_warning,1,exit_or_disposal_costs,2023-05-26,2023-05-26,8-K,0001193125-23-155426,1
814453,early_warning,1,exit_or_disposal_costs,2024-01-08,2024-01-08,8-K,0001193125-24-003974,1
814453,early_warning,1,exit_or_disposal_costs,2025-12-01,2025-12-01,8-K,0001193125-25-303185,1
814549,early_warning,1,auditor_change,2018-10-05,2018-10-05,8-K,0000814549-18-000035,1
814549,early_warning,1,auditor_change,2018-10-05,2018-10-05,8-K,0000814549-18-000036,1
814549,early_warning,1,auditor_change,2018-12-28,2018-12-28,8-K,0000814549-18-000053,1
814549,early_warning,1,auditor_change,2021-02-19,2021-02-19,8-K,0001193125-21-049132,1
814549,early_warning,1,auditor_change,2021-02-23,2021-02-23,8-K/A,0001193125-21-051571,1
814549,early_warning,1,late_annual_report,2021-03-01,2021-03-01,NT 10-K,0001193125-21-063710,0
814549,stress,2,listing_rule_failure,2021-03-08,2021-03-08,8-K,0001193125-21-073453,0
814549,early_warning,1,auditor_change,2021-03-08,2021-03-08,8-K,0001193125-21-073453,1
814549,early_warning,1,late_quarterly_report,2021-05-10,2021-05-10,NT 10-Q,0001193125-21-156450,0
814549,early_warning,1,late_quarterly_report,2023-11-09,2023-11-09,NT 10-Q,0001193125-23-274041,0
814549,default,4,chapter11_petition,2023-12-17,2023-12-19,8-K,0001193125-23-298190,0
814549,near_default,3,debt_acceleration,2023-12-19,2023-12-19,8-K,0001193125-23-298190,0
814549,stress,2,listing_rule_failure,2023-12-19,2023-12-19,8-K,0001193125-23-298190,0
814549,near_default,3,delisting_by_exchange,2024-02-15,2024-02-15,25-NSE,0001354457-24-000091,0
814549,stress,2,listing_rule_failure,2024-02-20,2024-02-20,8-K,0001193125-24-039235,0
814549,early_warning,1,late_annual_report,2024-03-15,2024-03-15,NT 10-K,0001193125-24-069067,0
814549,early_warning,1,late_quarterly_report,2024-05-10,2024-05-10,NT 10-Q,0001193125-24-135789,0
814549,early_warning,1,late_quarterly_report,2024-08-21,2024-08-21,NT 10-Q,0001193125-24-204427,0
822416,early_warning,1,material_impairment,2017-05-08,2017-05-08,8-K,0000822416-17-000027,1
822416,near_default,3,delisting_by_exchange,2025-06-02,2025-06-02,25-NSE,0000876661-25-000420,0
823277,early_warning,1,material_impairment,2015-08-12,2015-08-12,8-K,0001104659-15-058860,1
823277,stress,2,restatement_non_reliance,2018-10-26,2018-10-26,8-K,0000823277-18-000055,0
823277,early_warning,1,late_annual_report,2018-11-30,2018-11-30,NT 10-K,0000823277-18-000063,0
827187,early_warning,1,exit_or_disposal_costs,2023-11-07,2023-11-07,8-K,0000827187-23-000091,1
827187,default,4,chapter11_petition,2026-06-12,2026-06-12,8-K,0000950103-26-008891,0
827187,near_default,3,debt_acceleration,2026-06-12,2026-06-12,8-K,0000950103-26-008891,0
827187,stress,2,listing_rule_failure,2026-06-17,2026-06-17,8-K,0000827187-26-000053,0
827187,near_default,3,delisting_by_exchange,2026-07-14,2026-07-14,25-NSE,0001354457-26-000682,0
829224,early_warning,1,exit_or_disposal_costs,2025-09-25,2025-09-25,8-K,0000829224-25-000067,1
829224,early_warning,1,exit_or_disposal_costs,2026-05-15,2026-05-15,8-K,0000829224-26-000088,1
837852,stress,2,listing_rule_failure,2017-04-12,2017-04-12,8-K,0001571049-17-003519,0
837852,early_warning,1,auditor_change,2017-05-03,2017-05-03,8-K,0001571049-17-004366,1
837852,early_warning,1,auditor_change,2018-02-22,2018-02-22,8-K,0001144204-18-010289,1
837852,stress,2,listing_rule_failure,2020-01-10,2020-01-10,8-K,0001104659-20-003109,0
837852,stress,2,listing_rule_failure,2020-11-09,2020-11-09,8-K,0001104659-20-123062,0
837852,early_warning,1,auditor_change,2021-09-27,2021-09-27,8-K,0001104659-21-119816,1
837852,early_warning,1,late_quarterly_report,2021-11-15,2021-11-15,NT 10-Q,0001104659-21-138844,0
837852,stress,2,restatement_non_reliance,2021-11-16,2021-11-16,8-K,0001104659-21-139669,0
837852,stress,2,restatement_non_reliance,2021-11-22,2021-11-22,8-K/A,0001104659-21-142567,0
837852,early_warning,1,late_annual_report,2022-03-02,2022-03-02,NT 10-K,0001104659-22-028959,0
837852,stress,2,listing_rule_failure,2022-03-18,2022-03-18,8-K,0001104659-22-035657,0
837852,stress,2,listing_rule_failure,2022-05-20,2022-05-20,8-K,0001104659-22-063448,0
837852,early_warning,1,auditor_change,2022-07-27,2022-07-27,8-K,0001104659-22-083154,1
837852,early_warning,1,auditor_change,2022-08-08,2022-08-08,8-K/A,0001104659-22-087382,1
837852,stress,2,listing_rule_failure,2022-12-02,2022-12-02,8-K,0001104659-22-124087,0
837852,early_warning,1,late_annual_report,2023-03-15,2023-03-15,NT 10-K,0001104659-23-032900,0
837852,stress,2,listing_rule_failure,2023-04-21,2023-04-21,8-K,0001104659-23-048494,0
837852,early_warning,1,late_quarterly_report,2023-05-10,2023-05-10,NT 10-Q,0001104659-23-058542,0
837852,stress,2,listing_rule_failure,2023-06-12,2023-06-12,8-K,0001104659-23-070224,0
837852,early_warning,1,late_quarterly_report,2023-08-10,2023-08-10,NT 10-Q,0001104659-23-089893,0
837852,early_warning,1,late_quarterly_report,2023-11-13,2023-11-13,NT 10-Q,0001628280-23-038371,0
837852,early_warning,1,late_annual_report,2024-04-01,2024-04-01,NT 10-K,0001628280-24-014059,0
837852,early_warning,1,late_quarterly_report,2024-05-15,2024-05-15,NT 10-Q,0001628280-24-023646,0
837852,stress,2,listing_rule_failure,2024-07-10,2024-07-10,8-K,0001628280-24-031572,0
837852,near_default,3,delisting_by_exchange,2024-09-06,2024-09-06,25-NSE,0001354457-24-000652,0
837852,default,4,chapter11_petition,2024-12-06,2024-12-06,8-K,0001628280-24-050149,0
837852,early_warning,1,auditor_change,2025-01-23,2025-01-23,8-K,0001628280-25-002386,1
849395,near_default,3,delisting_by_exchange,2023-09-25,2023-09-25,25-NSE,0000876661-23-000754,0
849395,early_warning,1,auditor_change,2025-02-28,2025-02-28,8-K,0001628280-25-009105,1
850261,early_warning,1,late_quarterly_report,2015-11-09,2015-11-09,NT 10-Q,0001193125-15-372044,0
850261,early_warning,1,auditor_change,2016-09-07,2016-09-07,8-K,0001193125-16-703441,1
850261,early_warning,1,late_annual_report,2017-03-16,2017-03-16,NT 10-K,0001193125-17-084348,0
850261,early_warning,1,late_quarterly_report,2017-05-10,2017-05-10,NT 10-Q,0001144204-17-026059,0
850261,stress,2,restatement_non_reliance,2018-02-27,2018-02-27,8-K,0001144204-18-011016,0
850261,early_warning,1,material_impairment,2018-02-27,2018-02-27,8-K,0001144204-18-011016,1
850261,early_warning,1,late_annual_report,2019-03-01,2019-03-01,NT 10-K,0001144204-19-011673,0
850261,early_warning,1,late_quarterly_report,2019-05-10,2019-05-10,NT 10-Q,0001144204-19-025257,0
850261,near_default,3,debt_acceleration,2020-06-12,2020-06-12,8-K,0001104659-20-072906,0
850261,early_warning,1,auditor_change,2020-06-30,2020-06-30,8-K,0001104659-20-079044,1
850261,early_warning,1,late_annual_report,2022-03-01,2022-03-01,NT 10-K,0000950170-22-002557,0
850261,early_warning,1,late_quarterly_report,2022-08-09,2022-08-09,NT 10-Q,0001104659-22-087884,0
850261,near_default,3,debt_acceleration,2022-09-29,2022-09-29,8-K,0001104659-22-103907,0
850261,default,4,chapter11_petition,2023-02-13,2023-02-13,8-K,0001104659-23-018890,0
850261,stress,2,listing_rule_failure,2023-02-13,2023-02-13,8-K,0001104659-23-019893,0
850261,early_warning,1,late_annual_report,2023-03-01,2023-03-01,NT 10-K,0000950170-23-005286,0
850261,near_default,3,delisting_by_exchange,2023-04-12,2023-04-12,25-NSE,0001354457-23-000267,0
850261,early_warning,1,late_quarterly_report,2023-05-09,2023-05-09,NT 10-Q,0000950170-23-019075,0
850261,early_warning,1,late_quarterly_report,2023-08-07,2023-08-07,NT 10-Q,0000950170-23-039079,0
858470,early_warning,1,material_impairment,2017-12-22,2017-12-22,8-K,0001104659-17-074783,1
858470,near_default,3,delisting_by_exchange,2026-05-07,2026-05-07,25-NSE,0000876661-26-000399,0
858470,stress,2,listing_rule_failure,2026-05-07,2026-05-07,8-K,0001104659-26-057278,0
858877,early_warning,1,exit_or_disposal_costs,2016-08-17,2016-08-17,8-K,0001193125-16-684126,1
858877,early_warning,1,exit_or_disposal_costs,2020-08-12,2020-08-12,8-K,0001193125-20-217658,1
858877,early_warning,1,exit_or_disposal_costs,2022-11-16,2022-11-16,8-K,0001193125-22-286782,1
858877,early_warning,1,exit_or_disposal_costs,2024-02-14,2024-02-14,8-K,0001193125-24-036201,1
858877,early_warning,1,exit_or_disposal_costs,2024-08-14,2024-08-14,8-K,0001193125-24-200636,1
858877,early_warning,1,exit_or_disposal_costs,2026-05-13,2026-05-13,8-K,0000858877-26-000075,1
866609,stress,2,listing_rule_failure,2015-08-17,2015-08-17,8-K,0000866609-15-000044,0
866609,early_warning,1,exit_or_disposal_costs,2015-09-02,2015-09-02,8-K,0000866609-15-000048,1
866609,stress,2,listing_rule_failure,2017-07-21,2017-07-21,8-K,0000866609-17-000014,0
866609,stress,2,listing_rule_failure,2020-04-01,2020-04-01,8-K,0000866609-20-000020,0
866609,near_default,3,debt_acceleration,2021-12-16,2021-12-16,8-K,0001437749-21-028758,0
866609,stress,2,listing_rule_failure,2021-12-23,2021-12-23,8-K,0001437749-21-029204,0
866609,near_default,3,debt_acceleration,2022-01-18,2022-01-18,8-K,0001437749-22-000985,0
866609,stress,2,listing_rule_failure,2022-02-04,2022-02-04,8-K,0001437749-22-002506,0
866609,near_default,3,debt_acceleration,2022-02-15,2022-02-15,8-K,0001437749-22-003360,0
866609,near_default,3,debt_acceleration,2022-03-09,2022-03-09,8-K,0001437749-22-005722,0
866609,early_warning,1,late_annual_report,2022-04-01,2022-04-01,NT 10-K,0001437749-22-007933,0
866609,near_default,3,debt_acceleration,2022-04-05,2022-04-05,8-K,0001437749-22-008269,0
866609,default,4,chapter11_petition,2022-04-13,2022-04-13,8-K,0001437749-22-008791,0
866609,near_default,3,debt_acceleration,2022-04-13,2022-04-13,8-K,0001437749-22-008791,0
866609,stress,2,listing_rule_failure,2022-04-22,2022-04-22,8-K,0001437749-22-009552,0
866609,near_default,3,debt_acceleration,2022-05-19,2022-05-19,8-K,0001437749-22-013087,0
866609,near_default,3,delisting_by_exchange,2022-06-03,2022-06-03,25-NSE,0000876661-22-000472,0
867773,early_warning,1,exit_or_disposal_costs,2016-08-09,2016-08-09,8-K,0000867773-16-000142,1
867773,early_warning,1,exit_or_disposal_costs,2016-12-07,2016-12-07,8-K,0000867773-16-000172,1
867773,early_warning,1,material_impairment,2016-12-07,2016-12-07,8-K,0000867773-16-000172,1
867773,early_warning,1,exit_or_disposal_costs,2018-02-22,2018-02-22,8-K,0001193125-18-053526,1
867773,early_warning,1,exit_or_disposal_costs,2019-12-30,2019-12-30,8-K,0000867773-19-000069,1
867773,early_warning,1,exit_or_disposal_costs,2021-01-07,2021-01-07,8-K,0000867773-21-000004,1
867773,stress,2,listing_rule_failure,2023-01-05,2023-01-05,8-K,0000867773-23-000006,0
867773,early_warning,1,late_annual_report,2023-03-02,2023-03-02,NT 10-K,0000867773-23-000020,0
867773,early_warning,1,exit_or_disposal_costs,2023-07-26,2023-07-26,8-K,0000867773-23-000070,1
867773,stress,2,restatement_non_reliance,2023-10-24,2023-10-24,8-K,0000867773-23-000089,0
867773,early_warning,1,exit_or_disposal_costs,2023-11-01,2023-11-01,8-K,0000867773-23-000093,1
867773,early_warning,1,late_quarterly_report,2023-11-13,2023-11-13,NT 10-Q,0000867773-23-000095,0
867773,stress,2,listing_rule_failure,2023-11-27,2023-11-27,8-K,0000867773-23-000099,0
867773,near_default,3,debt_acceleration,2023-12-18,2023-12-18,8-K,0000867773-23-000135,0
867773,near_default,3,debt_acceleration,2023-12-22,2023-12-22,8-K,0000867773-23-000137,0
867773,early_warning,1,exit_or_disposal_costs,2024-01-16,2024-01-16,8-K,0000867773-24-000003,1
867773,near_default,3,debt_acceleration,2024-01-19,2024-01-19,8-K,0000867773-24-000005,0
867773,near_default,3,debt_acceleration,2024-02-01,2024-02-01,8-K,0000867773-24-000007,0
867773,near_default,3,debt_acceleration,2024-02-15,2024-02-15,8-K,0000867773-24-000015,0
867773,early_warning,1,late_annual_report,2024-02-29,2024-02-29,NT 10-K,0000867773-24-000026,0
867773,stress,2,listing_rule_failure,2024-03-21,2024-03-21,8-K,0000867773-24-000045,0
867773,stress,2,restatement_non_reliance,2024-04-23,2024-04-23,8-K,0000867773-24-000047,0
867773,early_warning,1,exit_or_disposal_costs,2024-04-24,2024-04-24,8-K,0000867773-24-000051,1
867773,early_warning,1,late_quarterly_report,2024-05-13,2024-05-13,NT 10-Q,0000867773-24-000055,0
867773,stress,2,listing_rule_failure,2024-05-20,2024-05-20,8-K,0000867773-24-000058,0
867773,early_warning,1,auditor_change,2024-07-03,2024-07-03,8-K,0000867773-24-000074,1
867773,early_warning,1,auditor_change,2024-07-12,2024-07-12,8-K/A,0000867773-24-000079,1
867773,default,4,chapter11_petition,2024-08-05,2024-08-06,8-K,0000867773-24-000086,0
867773,near_default,3,debt_acceleration,2024-08-06,2024-08-06,8-K,0000867773-24-000086,0
867773,near_default,3,debt_acceleration,2024-08-12,2024-08-12,8-K,0000867773-24-000093,0
867773,stress,2,listing_rule_failure,2024-08-12,2024-08-12,8-K,0000867773-24-000093,0
867773,early_warning,1,late_quarterly_report,2024-08-12,2024-08-12,NT 10-Q,0000867773-24-000091,0
867773,near_default,3,delisting_by_exchange,2024-09-20,2024-09-20,25-NSE,0001354457-24-000708,0
870826,stress,2,listing_rule_failure,2016-03-23,2016-03-23,8-K,0001144204-16-089674,0
870826,stress,2,listing_rule_failure,2019-01-17,2019-01-17,8-K,0001144204-19-001989,0
870826,early_warning,1,exit_or_disposal_costs,2019-05-29,2019-05-29,8-K,0001144204-19-028510,1
870826,stress,2,listing_rule_failure,2019-07-16,2019-07-16,8-K,0001144204-19-034860,0
870826,early_warning,1,exit_or_disposal_costs,2020-02-06,2020-02-06,8-K,0001104659-20-012037,1
870826,early_warning,1,late_annual_report,2022-04-14,2022-04-14,NT 10-K,0001104659-22-045670,0
870826,early_warning,1,auditor_change,2022-08-08,2022-08-08,8-K,0001104659-22-087363,1
870826,early_warning,1,late_quarterly_report,2022-09-07,2022-09-07,NT 10-Q,0001104659-22-098196,0
870826,stress,2,listing_rule_failure,2022-10-20,2022-10-20,8-K,0001104659-22-110290,0
870826,early_warning,1,late_quarterly_report,2022-12-09,2022-12-09,NT 10-Q,0001104659-22-125951,0
870826,stress,2,listing_rule_failure,2023-04-24,2023-04-24,8-K,0001104659-23-048700,0
870826,early_warning,1,late_annual_report,2023-05-01,2023-05-01,NT 10-K,0001104659-23-054421,0
870826,early_warning,1,material_impairment,2023-05-01,2023-05-01,8-K,0001104659-23-054419,1
870826,stress,2,listing_rule_failure,2023-05-09,2023-05-09,8-K,0001104659-23-057765,0
870826,near_default,3,debt_acceleration,2023-05-10,2023-05-10,8-K,0001104659-23-058544,0
870826,stress,2,listing_rule_failure,2023-06-23,2023-06-23,8-K,0001104659-23-074238,0
870826,default,4,chapter11_petition,2023-06-28,2023-06-29,8-K,0001104659-23-076399,0
870826,near_default,3,debt_acceleration,2023-06-29,2023-06-29,8-K,0001104659-23-076399,0
870826,stress,2,listing_rule_failure,2023-06-29,2023-06-29,8-K,0001104659-23-076399,0
870826,near_default,3,delisting_by_exchange,2023-07-27,2023-07-27,25-NSE,0001354457-23-000540,0
874499,stress,2,restatement_non_reliance,2020-02-27,2020-02-27,8-K,0001193125-20-052671,0
874499,stress,2,listing_rule_failure,2020-04-22,2020-04-22,8-K,0001193125-20-115100,0
874499,stress,2,listing_rule_failure,2020-09-25,2020-09-25,8-K,0001193125-20-253886,0
874499,default,4,chapter11_petition,2020-11-13,2020-11-16,8-K,0001213900-20-037077,0
874499,near_default,3,debt_acceleration,2020-11-16,2020-11-16,8-K,0001213900-20-037077,0
874499,stress,2,listing_rule_failure,2020-11-20,2020-11-20,8-K,0001213900-20-038501,0
874499,near_default,3,delisting_by_exchange,2021-02-02,2021-02-02,25-NSE,0001354457-21-000141,0
882184,early_warning,1,auditor_change,2018-12-13,2018-12-13,8-K,0000882184-18-000145,1
882184,near_default,3,delisting_by_exchange,2023-07-06,2023-07-06,25-NSE,0000876661-23-000562,0
883943,early_warning,1,auditor_change,2017-03-23,2017-03-23,8-K,0000883943-17-000056,1
883943,stress,2,listing_rule_failure,2018-06-18,2018-06-18,8-K,0000883943-18-000095,0
883943,stress,2,listing_rule_failure,2019-04-18,2019-04-18,8-K,0000883943-19-000034,0
883943,near_default,3,delisting_by_exchange,2019-07-17,2019-07-17,25-NSE,0000876661-19-000762,0
883943,stress,2,listing_rule_failure,2019-07-17,2019-07-17,8-K,0000883943-19-000071,0
883943,near_default,3,debt_acceleration,2021-01-07,2021-01-07,8-K,0000897101-21-000016,0
883943,default,4,chapter11_petition,2021-01-13,2021-01-14,8-K,0000897101-21-000029,0
885725,early_warning,1,exit_or_disposal_costs,2016-06-09,2016-06-09,8-K,0000885725-16-000037,1
885725,early_warning,1,exit_or_disposal_costs,2018-11-15,2018-11-15,8-K,0000885725-18-000047,1
885725,early_warning,1,exit_or_disposal_costs,2020-11-18,2020-11-18,8-K,0000885725-20-000046,1
885725,early_warning,1,exit_or_disposal_costs,2020-12-01,2020-12-01,8-K,0000885725-20-000051,1
885725,near_default,3,delisting_by_exchange,2023-06-01,2023-06-01,25-NSE,0000876661-23-000463,0
885725,early_warning,1,exit_or_disposal_costs,2026-07-27,2026-07-27,8-K,0000885725-26-000049,1
886158,early_warning,1,exit_or_disposal_costs,2017-08-04,2017-08-04,8-K,0001171843-17-004710,1
886158,early_warning,1,exit_or_disposal_costs,2019-07-23,2019-07-23,8-K,0001193125-19-200143,1
886158,early_warning,1,exit_or_disposal_costs,2020-02-27,2020-02-27,8-K,0001193125-20-052888,1
886158,early_warning,1,exit_or_disposal_costs,2020-07-08,2020-07-08,8-K,0000886158-20-000016,1
886158,early_warning,1,exit_or_disposal_costs,2020-07-29,2020-07-29,8-K/A,0001193125-20-202642,1
886158,early_warning,1,late_quarterly_report,2023-01-05,2023-01-05,NT 10-Q,0001193125-23-001983,0
886158,near_default,3,debt_acceleration,2023-03-30,2023-03-30,8-K,0001193125-23-084725,0
886158,default,4,chapter11_petition,2023-04-23,2023-04-24,8-K,0001193125-23-111754,0
886158,near_default,3,debt_acceleration,2023-04-24,2023-04-24,8-K,0001193125-23-111754,0
886158,stress,2,listing_rule_failure,2023-04-25,2023-04-25,8-K,0001193125-23-115523,0
886158,early_warning,1,late_annual_report,2023-04-26,2023-04-26,NT 10-K,0001193125-23-118718,0
886158,near_default,3,delisting_by_exchange,2023-07-10,2023-07-10,25-NSE,0001354457-23-000478,0
886835,stress,2,listing_rule_failure,2019-08-12,2019-08-12,8-K,0001193125-19-219130,0
886835,stress,2,listing_rule_failure,2019-09-30,2019-09-30,8-K,0001193125-19-257747,0
886835,early_warning,1,exit_or_disposal_costs,2019-12-16,2019-12-16,8-K,0001193125-19-314612,1
886835,early_warning,1,material_impairment,2019-12-16,2019-12-16,8-K,0001193125-19-314612,1
886835,stress,2,listing_rule_failure,2020-03-31,2020-03-31,8-K,0001564590-20-014367,0
886835,stress,2,listing_rule_failure,2020-09-18,2020-09-18,8-K,0001193125-20-248926,0
886835,near_default,3,delisting_by_exchange,2020-10-02,2020-10-02,25-NSE,0000876661-20-000875,0
886835,default,4,chapter11_petition,2020-12-07,2020-12-07,8-K,0001193125-20-311144,0
886835,near_default,3,debt_acceleration,2020-12-07,2020-12-07,8-K,0001193125-20-311144,0
886835,early_warning,1,late_quarterly_report,2021-05-18,2021-05-18,NT 10-Q,0001193125-21-165350,0
886835,early_warning,1,auditor_change,2021-07-27,2021-07-27,8-K,0001193125-21-225403,1
886835,early_warning,1,late_quarterly_report,2021-08-13,2021-08-13,NT 10-Q,0001193125-21-245788,0
886835,early_warning,1,late_quarterly_report,2021-11-15,2021-11-15,NT 10-Q,0000950170-21-004506,0
887921,early_warning,1,exit_or_disposal_costs,2017-01-03,2017-01-03,8-K,0001157523-17-000003,1
887921,early_warning,1,late_annual_report,2019-03-18,2019-03-18,NT 10-K,0001157523-19-000627,0
887921,early_warning,1,exit_or_disposal_costs,2020-03-09,2020-03-09,8-K,0001157523-20-000317,1
887921,early_warning,1,exit_or_disposal_costs,2020-03-11,2020-03-11,8-K/A,0000950142-20-000764,1
887921,near_default,3,debt_acceleration,2020-08-14,2020-08-14,8-K,0001157523-20-001187,0
887921,early_warning,1,late_quarterly_report,2020-11-06,2020-11-06,NT 10-Q,0001140361-20-024879,0
887921,default,4,chapter11_petition,2022-06-15,2022-06-16,8-K,0001140361-22-023182,0
887921,near_default,3,debt_acceleration,2022-06-16,2022-06-16,8-K,0001140361-22-023182,0
887921,stress,2,listing_rule_failure,2022-06-23,2022-06-23,8-K,0001140361-22-023907,0
887921,stress,2,listing_rule_failure,2022-10-20,2022-10-20,8-K,0000950142-22-002955,0
887921,near_default,3,delisting_by_exchange,2022-10-21,2022-10-21,25-NSE,0000876661-22-000877,0
890447,early_warning,1,late_annual_report,2015-03-13,2015-03-13,NT 10-K,0001580695-15-000077,0
890447,early_warning,1,auditor_change,2015-05-01,2015-05-01,8-K,0001580695-15-000154,1
890447,early_warning,1,late_quarterly_report,2015-05-05,2015-05-05,NT 10-Q,0001580695-15-000160,0
890447,early_warning,1,late_quarterly_report,2015-08-11,2015-08-11,NT 10-Q,0001214782-15-000102,0
890447,early_warning,1,late_annual_report,2016-03-31,2016-03-31,NT 10-K,0001580695-16-000304,0
890447,early_warning,1,auditor_change,2017-04-06,2017-04-06,8-K,0001580695-17-000208,1
890447,stress,2,listing_rule_failure,2017-09-25,2017-09-25,8-K,0001580695-17-000431,0
890447,stress,2,listing_rule_failure,2020-04-24,2020-04-24,8-K,0001580695-20-000175,0
890447,stress,2,listing_rule_failure,2020-12-31,2020-12-31,8-K,0001580695-20-000461,0
890447,stress,2,listing_rule_failure,2021-02-02,2021-02-02,8-K,0001580695-21-000030,0
890447,stress,2,listing_rule_failure,2024-08-30,2024-08-30,8-K,0001999371-24-011146,0
890447,default,4,chapter11_petition,2024-09-24,2024-09-26,8-K,0001999371-24-012469,0
890447,near_default,3,debt_acceleration,2024-09-26,2024-09-26,8-K,0001999371-24-012469,0
890447,stress,2,listing_rule_failure,2024-10-01,2024-10-01,8-K,0001999371-24-012788,0
890447,early_warning,1,late_quarterly_report,2024-11-13,2024-11-13,NT 10-Q,0001999371-24-014594,0
890447,near_default,3,delisting_filed,2025-01-23,2025-01-23,25,0001839882-25-003579,0
890447,near_default,3,delisting_by_exchange,2025-01-29,2025-01-29,25-NSE,0001354457-25-000050,0
895126,early_warning,1,exit_or_disposal_costs,2015-09-29,2015-09-29,8-K,0000895126-15-000228,1
895126,near_default,3,delisting_by_exchange,2016-03-17,2016-03-17,25-NSE,0000876661-16-000864,0
895126,near_default,3,delisting_by_exchange,2017-02-13,2017-02-13,25-NSE,0000876661-17-000068,0
895126,early_warning,1,late_annual_report,2017-03-02,2017-03-02,NT 10-K,0000895126-17-000061,0
895126,near_default,3,delisting_by_exchange,2017-06-06,2017-06-06,25-NSE,0000876661-17-000295,0
895126,near_default,3,delisting_by_exchange,2017-07-24,2017-07-24,25-NSE,0000876661-17-000426,0
895126,near_default,3,delisting_by_exchange,2017-07-24,2017-07-24,25-NSE,0000876661-17-000425,0
895126,near_default,3,delisting_by_exchange,2018-12-17,2018-12-17,25-NSE,0000876661-18-001336,0
895126,near_default,3,delisting_by_exchange,2019-01-28,2019-01-28,25-NSE,0000876661-19-000070,0
895126,near_default,3,delisting_by_exchange,2019-04-16,2019-04-16,25-NSE,0000876661-19-000364,0
895126,stress,2,listing_rule_failure,2019-12-13,2019-12-13,8-K,0000895126-19-000247,0
895126,near_default,3,debt_acceleration,2020-06-29,2020-06-29,8-K,0001104659-20-077745,0
895126,stress,2,listing_rule_failure,2020-06-30,2020-06-30,8-K,0000895126-20-000131,0
895126,near_default,3,delisting_by_exchange,2020-07-20,2020-07-20,25-NSE,0000876661-20-000569,0
895126,near_default,3,delisting_by_exchange,2026-02-06,2026-02-06,25-NSE,0001354457-26-000148,0
895419,stress,2,listing_rule_failure,2021-09-16,2021-09-16,8-K,0000895419-21-000113,0
895419,near_default,3,delisting_filed,2021-10-01,2021-10-01,25,0000895419-21-000120,0
895419,near_default,3,debt_acceleration,2021-12-08,2021-12-08,8-K,0000895419-21-000149,0
895419,early_warning,1,exit_or_disposal_costs,2024-11-06,2024-11-06,8-K,0000895419-24-000087,1
895419,default,4,chapter11_petition,2025-06-30,2025-07-01,8-K,0001193125-25-153145,0
895419,near_default,3,debt_acceleration,2025-07-01,2025-07-01,8-K,0001193125-25-153145,0
895419,near_default,3,delisting_by_exchange,2025-09-29,2025-09-29,25-NSE,0000876661-25-000713,0
904979,early_warning,1,late_quarterly_report,2015-09-09,2015-09-09,NT 10-Q,0001193125-15-315995,0
904979,stress,2,restatement_non_reliance,2015-09-14,2015-09-14,8-K,0000904979-15-000029,0
904979,default,4,chapter11_petition,2020-08-31,2020-08-31,8-K,0001193125-20-236224,0
904979,near_default,3,debt_acceleration,2020-08-31,2020-08-31,8-K,0001193125-20-236224,0
904979,stress,2,listing_rule_failure,2020-09-08,2020-09-08,8-K,0001564590-20-042800,0
904979,near_default,3,delisting_by_exchange,2020-09-22,2020-09-22,25-NSE,0001354457-20-000509,0
909832,stress,2,listing_rule_failure,2015-05-07,2015-05-07,8-K,0001193125-15-177189,0
910612,early_warning,1,material_impairment,2018-06-08,2018-06-08,8-K,0000910612-18-000044,1
910612,stress,2,listing_rule_failure,2019-08-22,2019-08-22,8-K,0000910612-19-000069,0
910612,stress,2,listing_rule_failure,2020-02-10,2020-02-10,8-K,0001564590-20-004076,0
910612,early_warning,1,late_quarterly_report,2020-08-11,2020-08-11,NT 10-Q,0001564590-20-039138,0
910612,near_default,3,debt_acceleration,2020-08-25,2020-08-25,8-K,0001564590-20-041200,0
910612,default,4,chapter11_petition,2020-11-02,2020-11-02,8-K,0001564590-20-049434,0
910612,near_default,3,debt_acceleration,2020-11-02,2020-11-02,8-K,0001564590-20-049434,0
910612,stress,2,listing_rule_failure,2020-11-04,2020-11-04,8-K,0001564590-20-050276,0
910612,early_warning,1,late_quarterly_report,2020-11-10,2020-11-10,NT 10-Q,0001564590-20-052985,0
910612,early_warning,1,late_annual_report,2021-04-01,2021-04-01,NT 10-K,0001564590-21-017293,0
910612,near_default,3,delisting_by_exchange,2021-11-02,2021-11-02,25-NSE,0000876661-21-001567,0
910612,near_default,3,delisting_by_exchange,2021-11-02,2021-11-02,25-NSE,0000876661-21-001566,0
910612,near_default,3,debt_acceleration,2022-04-26,2022-04-26,8-K,0001564590-22-015641,0
910612,near_default,3,debt_acceleration,2022-05-27,2022-05-27,8-K,0001564590-22-021536,0
912615,early_warning,1,exit_or_disposal_costs,2017-04-27,2017-04-27,8-K,0001193125-17-143163,1
912767,early_warning,1,late_annual_report,2021-02-24,2021-02-24,NT 10-K,0001558370-21-001645,0
920148,early_warning,1,exit_or_disposal_costs,2017-04-25,2017-04-25,8-K,0000920148-17-000040,1
920148,early_warning,1,auditor_change,2020-11-05,2020-11-05,8-K,0001193125-20-287013,1
920148,early_warning,1,auditor_change,2021-03-03,2021-03-03,8-K/A,0000920148-21-000021,1
920148,stress,2,listing_rule_failure,2024-05-17,2024-05-17,8-K12B,0000920148-24-000063,0
920148,near_default,3,delisting_by_exchange,2024-05-20,2024-05-20,25-NSE,0000876661-24-000366,0
922358,stress,2,listing_rule_failure,2019-01-11,2019-01-11,8-K,0001564590-19-000588,0
922358,stress,2,listing_rule_failure,2019-07-26,2019-07-26,8-K,0001564590-19-026387,0
922358,stress,2,listing_rule_failure,2019-12-20,2019-12-20,8-K,0001564590-19-046566,0
922358,near_default,3,delisting_filed,2019-12-30,2019-12-30,25,0001104659-19-076796,0
922358,stress,2,listing_rule_failure,2020-01-09,2020-01-09,8-K/A,0001564590-20-000658,0
922358,default,4,chapter11_petition,2021-01-11,2021-01-11,8-K,0001104659-21-002790,0
922358,early_warning,1,late_quarterly_report,2024-06-14,2024-06-14,NT 10-Q,0001558370-24-009195,0
922358,early_warning,1,late_quarterly_report,2024-12-13,2024-12-13,NT 10-Q,0001558370-24-016216,0
927066,early_warning,1,material_impairment,2018-12-17,2018-12-17,8-K,0001193125-18-350364,1
927653,early_warning,1,material_impairment,2016-02-01,2016-02-01,8-K,0001193125-16-445218,1
927653,early_warning,1,exit_or_disposal_costs,2016-03-18,2016-03-18,8-K,0001193125-16-509495,1
927653,early_warning,1,exit_or_disposal_costs,2018-04-25,2018-04-25,8-K,0001193125-18-131673,1
927653,near_default,3,delisting_by_exchange,2020-02-12,2020-02-12,25-NSE,0000876661-20-000103,0
927653,near_default,3,delisting_by_exchange,2021-07-19,2021-07-19,25-NSE,0000876661-21-001083,0
927653,near_default,3,delisting_by_exchange,2025-11-17,2025-11-17,25-NSE,0000876661-25-000874,0
932696,early_warning,1,late_quarterly_report,2018-08-09,2018-08-09,NT 10-Q,0001193125-18-244565,0
1001233,early_warning,1,exit_or_disposal_costs,2023-04-26,2023-04-26,8-K,0001628280-23-013290,1
1001233,stress,2,listing_rule_failure,2024-04-30,2024-04-30,8-K,0001628280-24-019337,0
1001233,stress,2,listing_rule_failure,2025-05-06,2025-05-06,8-K,0001628280-25-022664,0
1001233,stress,2,listing_rule_failure,2025-10-29,2025-10-29,8-K,0001001233-25-000015,0
1001233,stress,2,listing_rule_failure,2026-04-29,2026-04-29,8-K,0001628280-26-028128,0
1001233,default,4,chapter11_petition,2026-06-23,2026-06-23,8-K,0001193125-26-278582,0
1001233,early_warning,1,exit_or_disposal_costs,2026-06-23,2026-06-23,8-K,0001193125-26-278582,1
1001233,early_warning,1,auditor_change,2026-07-01,2026-07-01,8-K,0001193125-26-292501,1
1001233,stress,2,listing_rule_failure,2026-07-20,2026-07-20,8-K,0001193125-26-309012,0
1001838,early_warning,1,late_annual_report,2022-03-02,2022-03-02,NT 10-K,0001104659-22-028871,0
1008654,early_warning,1,late_annual_report,2016-02-24,2016-02-24,NT 10-K,0001008654-16-000033,0
1008654,early_warning,1,exit_or_disposal_costs,2017-07-26,2017-07-26,8-K,0001008654-17-000024,1
1008654,early_warning,1,late_annual_report,2020-02-27,2020-02-27,NT 10-K,0001008654-20-000011,0
1008654,stress,2,restatement_non_reliance,2023-03-16,2023-03-16,8-K,0001008654-23-000022,0
1008654,early_warning,1,late_annual_report,2023-03-16,2023-03-16,NT 10-K,0001008654-23-000024,0
1008654,stress,2,listing_rule_failure,2023-04-07,2023-04-07,8-K,0001008654-23-000027,0
1008654,early_warning,1,late_quarterly_report,2023-05-08,2023-05-08,NT 10-Q,0001008654-23-000037,0
1008654,stress,2,listing_rule_failure,2023-06-07,2023-06-07,8-K,0001008654-23-000054,0
1008654,early_warning,1,late_quarterly_report,2023-08-03,2023-08-03,NT 10-Q,0001008654-23-000060,0
1008654,early_warning,1,auditor_change,2023-10-27,2023-10-27,8-K,0001008654-23-000087,1
1008654,early_warning,1,late_quarterly_report,2023-11-09,2023-11-09,NT 10-Q,0001008654-23-000091,0
1008654,stress,2,listing_rule_failure,2024-01-11,2024-01-11,8-K,0001008654-24-000003,0
1008654,early_warning,1,auditor_change,2024-01-29,2024-01-29,8-K,0001008654-24-000009,1
1008654,early_warning,1,late_annual_report,2024-03-29,2024-03-29,NT 10-K,0001008654-24-000036,0
1008654,stress,2,listing_rule_failure,2024-04-19,2024-04-19,8-K,0001008654-24-000040,0
1008654,early_warning,1,late_quarterly_report,2024-05-10,2024-05-10,NT 10-Q,0001008654-24-000043,0
1008654,early_warning,1,late_quarterly_report,2024-08-14,2024-08-14,NT 10-Q,0001008654-24-000064,0
1008654,default,4,chapter11_petition,2024-09-17,2024-09-18,8-K,0001008654-24-000068,0
1008654,near_default,3,debt_acceleration,2024-09-18,2024-09-18,8-K,0001008654-24-000068,0
1008654,stress,2,listing_rule_failure,2024-09-23,2024-09-23,8-K,0001008654-24-000073,0
1008654,near_default,3,delisting_by_exchange,2024-10-04,2024-10-04,25-NSE,0000876661-24-000918,0
1008848,early_warning,1,exit_or_disposal_costs,2017-04-06,2017-04-06,8-K,0001564590-17-006156,1
1008848,early_warning,1,exit_or_disposal_costs,2018-01-19,2018-01-19,8-K/A,0001564590-18-000621,1
1008848,early_warning,1,exit_or_disposal_costs,2019-10-23,2019-10-23,8-K,0001564590-19-037557,1
1008848,stress,2,listing_rule_failure,2020-07-24,2020-07-24,8-K,0001564590-20-033398,0
1008848,early_warning,1,exit_or_disposal_costs,2021-01-13,2021-01-13,8-K,0001193125-21-007731,1
1008848,early_warning,1,exit_or_disposal_costs,2021-09-09,2021-09-09,8-K,0001564590-21-047412,1
1008848,stress,2,listing_rule_failure,2022-06-24,2022-06-24,8-K,0001564590-22-024126,0
1008848,stress,2,listing_rule_failure,2022-12-21,2022-12-21,8-K,0001193125-22-309544,0
1008848,stress,2,listing_rule_failure,2023-02-15,2023-02-15,8-K,0001193125-23-039919,0
1008848,default,4,chapter11_petition,2024-04-01,2024-04-02,8-K,0000950170-24-039674,0
1008848,near_default,3,debt_acceleration,2024-04-02,2024-04-02,8-K,0000950170-24-039674,0
1008848,stress,2,listing_rule_failure,2024-04-04,2024-04-04,8-K,0000950170-24-041350,0
1008848,stress,2,listing_rule_failure,2024-04-17,2024-04-17,8-K,0000950170-24-044938,0
1008848,near_default,3,delisting_by_exchange,2024-04-25,2024-04-25,25-NSE,0001354457-24-000306,0
1008848,stress,2,listing_rule_failure,2024-04-26,2024-04-26,8-K,0000950170-24-048583,0
1009759,stress,2,listing_rule_failure,2015-06-19,2015-06-19,8-K,0001104659-15-046441,0
1009759,early_warning,1,auditor_change,2016-12-07,2016-12-07,8-K,0001171843-16-013534,1
1009759,stress,2,listing_rule_failure,2016-12-16,2016-12-16,8-K,0001171843-16-013681,0
1009759,stress,2,listing_rule_failure,2017-06-14,2017-06-14,8-K,0001171843-17-003640,0
1009759,stress,2,listing_rule_failure,2017-10-26,2017-10-26,8-K,0001171843-17-006334,0
1009759,stress,2,listing_rule_failure,2017-12-22,2017-12-22,8-K,0001558370-17-009442,0
1009759,stress,2,listing_rule_failure,2018-04-04,2018-04-04,8-K,0001171843-18-002532,0
1009759,stress,2,listing_rule_failure,2018-11-29,2018-11-29,8-K,0001558370-18-009504,0
1009759,stress,2,listing_rule_failure,2019-05-24,2019-05-24,8-K,0001558370-19-005306,0
1009759,early_warning,1,late_annual_report,2022-06-29,2022-06-29,NT 10-K,0001558370-22-010446,0
1009759,stress,2,listing_rule_failure,2023-03-31,2023-03-31,8-K,0001558370-23-005275,0
1009759,early_warning,1,late_annual_report,2023-06-30,2023-06-30,NT 10-K,0001558370-23-011656,0
1009759,early_warning,1,late_quarterly_report,2023-08-15,2023-08-15,NT 10-Q,0001558370-23-014999,0
1009759,stress,2,listing_rule_failure,2023-08-18,2023-08-18,8-K,0001558370-23-015108,0
1009759,stress,2,listing_rule_failure,2023-09-15,2023-09-15,8-K,0001558370-23-015767,0
1009759,stress,2,restatement_non_reliance,2023-09-22,2023-09-22,8-K,0001558370-23-015948,0
1009759,default,4,chapter11_petition,2023-09-28,2023-09-28,8-K,0001558370-23-016108,0
1009759,stress,2,listing_rule_failure,2023-09-28,2023-09-28,8-K,0001558370-23-016108,0
1009759,near_default,3,delisting_by_exchange,2023-10-12,2023-10-12,25-NSE,0001354457-23-000753,0
1009759,early_warning,1,late_quarterly_report,2023-11-15,2023-11-15,NT 10-Q,0001558370-23-019113,0
1009759,early_warning,1,late_annual_report,2024-07-01,2024-07-01,NT 10-K,0001558370-24-009641,0
1009759,early_warning,1,late_quarterly_report,2024-08-14,2024-08-14,NT 10-Q,0001558370-24-012260,0
1009759,early_warning,1,auditor_change,2025-02-07,2025-02-07,8-K,0001558370-25-000719,1
1009759,early_warning,1,auditor_change,2025-03-17,2025-03-17,8-K/A,0001009759-25-000010,1
1019849,early_warning,1,auditor_change,2015-12-24,2015-12-24,8-K,0001299933-15-001848,1
1019849,early_warning,1,auditor_change,2017-05-15,2017-05-15,8-K,0001299933-17-000489,1
1021096,early_warning,1,auditor_change,2015-02-26,2015-02-26,8-K,0001117768-15-000108,1
1021096,early_warning,1,late_annual_report,2015-03-31,2015-03-31,NT 10-K,0001117768-15-000226,0
1021096,early_warning,1,late_quarterly_report,2015-05-18,2015-05-18,NT 10-Q,0001117768-15-000398,0
1021096,early_warning,1,auditor_change,2015-06-26,2015-06-26,8-K,0001117768-15-000475,1
1021096,early_warning,1,late_annual_report,2016-03-30,2016-03-30,NT 10-K,0001117768-16-001034,0
1021096,near_default,3,debt_acceleration,2016-05-03,2016-05-03,8-K,0001117768-16-001107,0
1021096,near_default,3,debt_acceleration,2016-07-12,2016-07-12,8-K,0001117768-16-001267,0
1021096,early_warning,1,late_annual_report,2021-09-29,2021-09-29,NT 10-K,0001477932-21-006829,0
1021096,early_warning,1,late_quarterly_report,2022-05-17,2022-05-17,NT 10-Q,0001477932-22-003553,0
1021096,stress,2,listing_rule_failure,2022-05-25,2022-05-25,8-K,0001477932-22-003901,0
1021096,stress,2,listing_rule_failure,2022-07-01,2022-07-01,8-K/A,0001477932-22-004828,0
1021096,stress,2,listing_rule_failure,2022-07-08,2022-07-08,8-K,0001628280-22-018743,0
1021096,near_default,3,debt_acceleration,2022-10-04,2022-10-04,8-K,0001628280-22-025985,0
1021096,stress,2,listing_rule_failure,2022-11-21,2022-11-21,8-K,0001628280-22-030582,0
1021096,stress,2,listing_rule_failure,2023-05-18,2023-05-18,8-K,0001628280-23-018843,0
1021096,stress,2,listing_rule_failure,2023-06-21,2023-06-21,8-K,0001628280-23-022894,0
1021096,early_warning,1,late_quarterly_report,2023-08-15,2023-08-15,NT 10-Q,0001628280-23-029586,0
1021096,stress,2,listing_rule_failure,2023-08-24,2023-08-24,8-K,0001628280-23-030468,0
1021096,stress,2,listing_rule_failure,2023-10-31,2023-10-31,8-K,0001628280-23-035714,0
1021096,early_warning,1,late_quarterly_report,2023-11-14,2023-11-14,NT 10-Q,0001628280-23-038945,0
1021096,stress,2,listing_rule_failure,2023-11-20,2023-11-20,8-K,0001628280-23-039638,0
1021096,default,4,chapter11_petition,2023-12-07,2023-12-07,8-K,0001628280-23-040998,0
1021096,near_default,3,debt_acceleration,2023-12-07,2023-12-07,8-K,0001628280-23-040998,0
1021096,stress,2,listing_rule_failure,2023-12-07,2023-12-07,8-K,0001628280-23-041088,0
1021096,near_default,3,delisting_by_exchange,2023-12-27,2023-12-27,25-NSE,0001354457-23-001005,0
1022079,early_warning,1,exit_or_disposal_costs,2015-01-29,2015-01-29,8-K,0001022079-15-000005,1
1036848,near_default,3,debt_acceleration,2020-03-20,2020-03-20,8-K,0001654954-20-002932,0
1036848,stress,2,listing_rule_failure,2020-09-16,2020-09-16,8-K,0001654954-20-010154,0
1036848,stress,2,listing_rule_failure,2020-12-28,2020-12-28,8-K,0001654954-20-013899,0
1036848,default,4,chapter11_petition,2021-03-29,2021-03-30,8-K,0001654954-21-003441,0
1036848,near_default,3,debt_acceleration,2021-03-30,2021-03-30,8-K,0001654954-21-003441,0
1036848,early_warning,1,late_annual_report,2021-04-01,2021-04-01,NT 10-K,0001654954-21-003676,0
1036848,early_warning,1,late_quarterly_report,2021-05-17,2021-05-17,NT 10-Q,0001654954-21-005743,0
1036848,stress,2,listing_rule_failure,2021-06-03,2021-06-03,8-K,0001654954-21-006540,0
1036848,early_warning,1,late_quarterly_report,2021-08-17,2021-08-17,NT 10-Q,0001654954-21-009121,0
1036848,early_warning,1,auditor_change,2021-09-29,2021-09-29,8-K,0001654954-21-010508,1
1036848,early_warning,1,auditor_change,2021-10-25,2021-10-25,8-K,0001213900-21-054434,1
1036848,early_warning,1,late_quarterly_report,2021-11-15,2021-11-15,NT 10-Q,0001213900-21-059328,0
1036848,early_warning,1,late_quarterly_report,2022-08-16,2022-08-16,NT 10-Q,0001213900-22-048694,0
1043219,near_default,3,delisting_by_exchange,2017-08-28,2017-08-28,25-NSE,0000876661-17-000478,0
1043219,near_default,3,delisting_by_exchange,2018-02-08,2018-02-08,25-NSE,0000876661-18-000119,0
1043219,near_default,3,delisting_by_exchange,2019-05-31,2019-05-31,25-NSE,0000876661-19-000519,0
1043219,near_default,3,delisting_by_exchange,2019-07-22,2019-07-22,25-NSE,0000876661-19-000768,0
1043219,near_default,3,delisting_by_exchange,2020-12-23,2020-12-23,25-NSE,0000876661-20-001263,0
1045609,near_default,3,delisting_by_exchange,2017-10-19,2017-10-19,25-NSE,0000876661-17-000633,0
1045609,near_default,3,delisting_by_exchange,2019-09-30,2019-09-30,25-NSE,0000876661-19-001014,0
1045609,near_default,3,delisting_by_exchange,2020-01-06,2020-01-06,25-NSE,0000876661-20-000008,0
1045609,near_default,3,delisting_by_exchange,2020-03-05,2020-03-05,25-NSE,0000876661-20-000179,0
1045609,near_default,3,delisting_by_exchange,2020-12-30,2020-12-30,25-NSE,0000876661-20-001290,0
1045609,near_default,3,delisting_by_exchange,2021-03-05,2021-03-05,25-NSE,0000876661-21-000310,0
1045609,near_default,3,delisting_by_exchange,2026-01-09,2026-01-09,25-NSE,0000876661-26-000024,0
1048911,early_warning,1,exit_or_disposal_costs,2015-06-01,2015-06-01,8-K,0001193125-15-209371,1
1048911,early_warning,1,material_impairment,2015-06-01,2015-06-01,8-K,0001193125-15-209371,1
1048911,early_warning,1,material_impairment,2018-05-29,2018-05-29,8-K,0001193125-18-176815,1
1048911,early_warning,1,exit_or_disposal_costs,2019-01-18,2019-01-18,8-K,0001193125-19-012949,1
1048911,near_default,3,delisting_by_exchange,2019-04-12,2019-04-12,25-NSE,0000876661-19-000340,0
1048911,near_default,3,delisting_by_exchange,2019-08-21,2019-08-21,25-NSE,0000876661-19-000865,0
1048911,early_warning,1,material_impairment,2020-06-19,2020-06-19,8-K,0001193125-20-174218,1
1048911,early_warning,1,exit_or_disposal_costs,2021-01-19,2021-01-19,8-K,0001193125-21-010918,1
1048911,near_default,3,delisting_by_exchange,2021-05-05,2021-05-05,25-NSE,0000876661-21-000657,0
1048911,near_default,3,delisting_by_exchange,2021-05-20,2021-05-20,25-NSE,0000876661-21-000750,0
1048911,early_warning,1,exit_or_disposal_costs,2024-06-12,2024-06-12,8-K,0001193125-24-159578,1
1048911,near_default,3,delisting_by_exchange,2025-08-05,2025-08-05,25-NSE,0000876661-25-000573,0
1048911,early_warning,1,exit_or_disposal_costs,2026-01-29,2026-01-29,8-K,0001104659-26-007986,1
1048911,near_default,3,delisting_by_exchange,2026-05-28,2026-05-28,25-NSE,0000876661-26-000461,0
1058623,stress,2,listing_rule_failure,2015-11-05,2015-11-05,8-K,0001058623-15-000034,0
1058623,stress,2,listing_rule_failure,2017-03-27,2017-03-27,8-K,0001058623-17-000023,0
1058623,stress,2,listing_rule_failure,2017-04-07,2017-04-07,8-K,0001058623-17-000025,0
1058623,stress,2,listing_rule_failure,2017-09-08,2017-09-08,8-K,0001058623-17-000063,0
1058623,stress,2,listing_rule_failure,2017-10-06,2017-10-06,8-K,0001058623-17-000070,0
1058623,stress,2,listing_rule_failure,2017-11-21,2017-11-21,8-K,0001058623-17-000089,0
1058623,near_default,3,debt_acceleration,2017-11-30,2017-11-30,8-K,0001193125-17-356291,0
1058623,near_default,3,delisting_by_exchange,2018-01-25,2018-01-25,25-NSE,0001354457-18-000011,0
1058623,early_warning,1,late_quarterly_report,2018-08-14,2018-08-14,NT 10-Q,0001058623-18-000029,0
1058623,stress,2,listing_rule_failure,2024-12-20,2024-12-20,8-K,0001058623-24-000109,0
1058623,stress,2,listing_rule_failure,2025-03-07,2025-03-07,8-K,0001058623-25-000034,0
1058623,stress,2,listing_rule_failure,2025-04-23,2025-04-23,8-K,0001058623-25-000039,0
1058623,near_default,3,delisting_by_exchange,2025-07-21,2025-07-21,25-NSE,0001354457-25-000698,0
1058623,default,4,chapter11_petition,2026-03-04,2026-03-05,8-K,0001104659-26-023855,0
1058623,near_default,3,debt_acceleration,2026-03-05,2026-03-05,8-K,0001104659-26-023855,0
1058623,early_warning,1,late_annual_report,2026-03-31,2026-03-31,NT 10-K,0001058623-26-000008,0
1067837,early_warning,1,auditor_change,2020-03-13,2020-03-13,8-K,0001193125-20-072788,1
1067837,early_warning,1,exit_or_disposal_costs,2020-04-09,2020-04-09,8-K,0001193125-20-102721,1
1067837,near_default,3,delisting_by_exchange,2021-04-23,2021-04-23,25-NSE,0000876661-21-000591,0
1067837,stress,2,listing_rule_failure,2022-08-05,2022-08-05,8-K,0001193125-22-213176,0
1067837,stress,2,listing_rule_failure,2023-05-17,2023-05-17,8-K,0001193125-23-146495,0
1067837,stress,2,listing_rule_failure,2023-06-06,2023-06-06,8-K,0001193125-23-161604,0
1067837,near_default,3,delisting_by_exchange,2023-10-30,2023-10-30,25-NSE,0001143313-23-000125,0
1067837,stress,2,listing_rule_failure,2023-10-30,2023-10-30,8-K,0001193125-23-266190,0
1067837,default,4,chapter11_petition,2024-01-05,2024-01-08,8-K,0001193125-24-003834,0
1067837,near_default,3,debt_acceleration,2024-01-08,2024-01-08,8-K,0001193125-24-003834,0
1067983,near_default,3,delisting_by_exchange,2020-03-16,2020-03-16,25-NSE,0000876661-20-000222,0
1067983,near_default,3,delisting_by_exchange,2021-01-19,2021-01-19,25-NSE,0000876661-21-000079,0
1067983,stress,2,listing_rule_failure,2022-02-18,2022-02-18,8-K,0001193125-22-046708,0
1067983,stress,2,listing_rule_failure,2022-10-04,2022-10-04,8-K,0001193125-22-257636,0
1067983,near_default,3,delisting_by_exchange,2023-01-17,2023-01-17,25-NSE,0000876661-23-000052,0
1067983,near_default,3,delisting_by_exchange,2023-03-16,2023-03-16,25-NSE,0000876661-23-000251,0
1067983,near_default,3,delisting_by_exchange,2024-03-15,2024-03-15,25-NSE,0000876661-24-000179,0
1067983,near_default,3,delisting_by_exchange,2025-03-12,2025-03-12,25-NSE,0000876661-25-000173,0
1069996,early_warning,1,auditor_change,2015-07-17,2015-07-17,8-K,0001140361-15-027823,1
1069996,early_warning,1,late_annual_report,2021-03-16,2021-03-16,NT 10-K,0001069996-21-000014,0
1069996,early_warning,1,late_annual_report,2022-03-16,2022-03-16,NT 10-K,0001069996-22-000009,0
1069996,stress,2,listing_rule_failure,2022-03-31,2022-03-31,8-K,0001069996-22-000015,0
1069996,stress,2,listing_rule_failure,2022-04-14,2022-04-14,8-K,0001069996-22-000017,0
1069996,early_warning,1,late_quarterly_report,2022-05-10,2022-05-10,NT 10-Q,0001069996-22-000043,0
1069996,stress,2,listing_rule_failure,2022-05-18,2022-05-18,8-K,0001069996-22-000049,0
1069996,stress,2,listing_rule_failure,2022-06-03,2022-06-03,8-K,0001069996-22-000066,0
1069996,early_warning,1,auditor_change,2022-07-28,2022-07-28,8-K,0001069996-22-000079,1
1069996,early_warning,1,late_quarterly_report,2022-08-10,2022-08-10,NT 10-Q,0001069996-22-000081,0
1069996,stress,2,listing_rule_failure,2022-08-19,2022-08-19,8-K,0001069996-22-000086,0
1069996,near_default,3,debt_acceleration,2022-09-21,2022-09-21,8-K,0001069996-22-000090,0
1069996,near_default,3,debt_acceleration,2022-09-23,2022-09-23,8-K,0001069996-22-000092,0
1069996,stress,2,listing_rule_failure,2022-10-26,2022-10-26,8-K/A,0001069996-22-000096,0
1069996,stress,2,listing_rule_failure,2022-10-26,2022-10-26,8-K,0001069996-22-000094,0
1069996,near_default,3,debt_acceleration,2022-11-04,2022-11-04,8-K,0001069996-22-000098,0
1069996,near_default,3,delisting_filed,2022-11-07,2022-11-07,25,0001069996-22-000100,0
1069996,default,4,chapter11_petition,2022-12-12,2022-12-12,8-K,0001069996-22-000102,0
1069996,early_warning,1,auditor_change,2023-02-16,2023-02-16,8-K/A,0001493152-23-005313,1
1075531,near_default,3,delisting_filed,2019-12-06,2019-12-06,25,0000950157-19-001388,0
1075531,early_warning,1,exit_or_disposal_costs,2020-08-04,2020-08-04,8-K,0001075531-20-000042,1
1075531,early_warning,1,exit_or_disposal_costs,2020-09-10,2020-09-10,8-K/A,0001075531-20-000054,1
1075531,early_warning,1,exit_or_disposal_costs,2020-10-15,2020-10-15,8-K/A,0001075531-20-000060,1
1075531,early_warning,1,exit_or_disposal_costs,2020-11-05,2020-11-05,8-K/A,0001075531-20-000072,1
1075531,early_warning,1,exit_or_disposal_costs,2021-01-27,2021-01-27,8-K/A,0001075531-21-000003,1
1075531,near_default,3,delisting_by_exchange,2022-03-09,2022-03-09,25-NSE,0001354457-22-000175,0
1075531,near_default,3,delisting_by_exchange,2022-11-23,2022-11-23,25-NSE,0001354457-22-000664,0
1075531,near_default,3,delisting_by_exchange,2024-09-20,2024-09-20,25-NSE,0001354457-24-000713,0
1075531,early_warning,1,exit_or_disposal_costs,2024-11-08,2024-11-08,8-K,0000950157-24-001497,1
1075531,early_warning,1,exit_or_disposal_costs,2024-12-10,2024-12-10,8-K/A,0001075531-24-000051,1
1075531,near_default,3,delisting_by_exchange,2025-03-07,2025-03-07,25-NSE,0001354457-25-000191,0
1078207,early_warning,1,auditor_change,2017-03-10,2017-03-10,8-K,0001078207-17-000011,1
1078207,early_warning,1,auditor_change,2021-03-03,2021-03-03,8-K,0001078207-21-000041,1
1078207,stress,2,listing_rule_failure,2023-09-27,2023-09-27,8-K,0001078207-23-000123,0
1078207,stress,2,listing_rule_failure,2023-12-01,2023-12-01,8-K,0001078207-23-000141,0
1078207,early_warning,1,late_quarterly_report,2024-02-14,2024-02-14,NT 10-Q,0001078207-24-000011,0
1078207,default,4,chapter11_petition,2024-03-04,2024-03-05,8-K,0001628280-24-008736,0
1078207,stress,2,listing_rule_failure,2024-03-06,2024-03-06,8-K,0001078207-24-000033,0
1078207,near_default,3,delisting_by_exchange,2024-03-15,2024-03-15,25-NSE,0000876661-24-000181,0
1078207,early_warning,1,late_annual_report,2024-06-28,2024-06-28,NT 10-K,0001078207-24-000079,0
1084384,early_warning,1,late_annual_report,2015-03-16,2015-03-16,NT 10-K,0001144204-15-016325,0
1084384,stress,2,restatement_non_reliance,2015-04-02,2015-04-02,8-K,0001144204-15-020669,0
1084384,early_warning,1,late_quarterly_report,2015-11-09,2015-11-09,NT 10-Q,0001144204-15-063907,0
1084384,stress,2,listing_rule_failure,2016-06-02,2016-06-02,8-K,0001144204-16-106456,0
1084384,stress,2,listing_rule_failure,2016-08-12,2016-08-12,8-K,0001144204-16-118802,0
1084384,early_warning,1,late_quarterly_report,2016-08-16,2016-08-16,NT 10-Q,0001144204-16-119627,0
1084384,stress,2,listing_rule_failure,2016-09-09,2016-09-09,8-K,0001144204-16-123434,0
1084384,stress,2,listing_rule_failure,2016-12-09,2016-12-09,8-K,0001144204-16-138782,0
1084384,stress,2,listing_rule_failure,2017-01-09,2017-01-09,8-K,0001144204-17-001274,0
1084384,stress,2,listing_rule_failure,2017-07-14,2017-07-14,8-K,0001144204-17-036830,0
1084384,stress,2,listing_rule_failure,2018-10-11,2018-10-11,8-K,0001144204-18-053487,0
1084384,near_default,3,delisting_filed,2018-10-22,2018-10-22,25,0001144204-18-054740,0
1084384,stress,2,restatement_non_reliance,2019-10-21,2019-10-21,8-K,0001104659-19-055290,0
1084384,early_warning,1,late_quarterly_report,2019-11-13,2019-11-13,NT 10-Q,0001104659-19-063419,0
1084384,stress,2,listing_rule_failure,2019-11-15,2019-11-15,8-K,0001104659-19-064783,0
1084384,stress,2,listing_rule_failure,2019-12-06,2019-12-06,8-K,0001104659-19-070675,0
1084384,stress,2,listing_rule_failure,2020-05-15,2020-05-15,8-K,0001104659-20-062656,0
1084384,stress,2,listing_rule_failure,2020-07-09,2020-07-09,8-K,0001104659-20-082258,0
1084384,stress,2,listing_rule_failure,2020-08-19,2020-08-19,8-K,0001104659-20-096715,0
1084384,stress,2,listing_rule_failure,2020-08-27,2020-08-27,8-K,0001104659-20-099625,0
1084384,stress,2,listing_rule_failure,2020-10-15,2020-10-15,8-K,0001104659-20-115313,0
1084384,early_warning,1,auditor_change,2020-11-06,2020-11-06,8-K,0001104659-20-122561,1
1084384,stress,2,listing_rule_failure,2020-11-10,2020-11-10,8-K,0001104659-20-123617,0
1084384,near_default,3,debt_acceleration,2020-12-01,2020-12-01,8-K,0001104659-20-131073,0
1084384,near_default,3,delisting_by_exchange,2021-02-02,2021-02-02,25-NSE,0001354457-21-000143,0
1084384,stress,2,restatement_non_reliance,2021-03-08,2021-03-08,8-K,0001104659-21-033360,0
1084384,early_warning,1,late_annual_report,2021-03-31,2021-03-31,NT 10-K,0001628280-21-006264,0
1084384,near_default,3,debt_acceleration,2021-05-25,2021-05-25,8-K,0001628280-21-011048,0
1084384,near_default,3,debt_acceleration,2021-08-20,2021-08-20,8-K,0001628280-21-017439,0
1084384,default,4,chapter11_petition,2022-05-15,2022-05-19,8-K,0001193125-22-155078,0
1084384,near_default,3,debt_acceleration,2022-05-19,2022-05-19,8-K,0001193125-22-155078,0
1089063,early_warning,1,exit_or_disposal_costs,2023-08-22,2023-08-22,8-K,0001089063-23-000122,1
1090012,early_warning,1,exit_or_disposal_costs,2016-02-16,2016-02-16,8-K,0001193125-16-465602,1
1090012,early_warning,1,material_impairment,2019-12-18,2019-12-18,8-K,0001193125-19-317560,1
1090012,early_warning,1,exit_or_disposal_costs,2021-02-17,2021-02-17,8-K/A,0001193125-21-046154,1
1090727,near_default,3,delisting_by_exchange,2020-07-15,2020-07-15,25-NSE,0000876661-20-000561,0
1090727,early_warning,1,material_impairment,2021-01-25,2021-01-25,8-K,0001090727-21-000006,1
1090727,near_default,3,delisting_by_exchange,2023-11-15,2023-11-15,25-NSE,0000876661-23-000848,0
1090727,near_default,3,delisting_by_exchange,2025-11-17,2025-11-17,25-NSE,0000876661-25-000870,0
1091667,near_default,3,debt_acceleration,2015-04-22,2015-04-22,8-K,0001091667-15-000073,0
1091667,near_default,3,debt_acceleration,2019-10-07,2019-10-07,8-K,0001410578-19-001548,0
1091667,near_default,3,debt_acceleration,2020-02-21,2020-02-21,8-K,0001104659-20-023531,0
1091667,near_default,3,debt_acceleration,2020-03-23,2020-03-23,8-K,0001104659-20-037363,0
1091667,near_default,3,debt_acceleration,2020-07-13,2020-07-13,8-K,0001104659-20-083132,0
1091667,near_default,3,debt_acceleration,2020-07-28,2020-07-28,8-K,0001104659-20-087372,0
1091667,near_default,3,debt_acceleration,2020-10-16,2020-10-16,8-K,0001104659-20-115651,0
1099219,near_default,3,delisting_by_exchange,2015-07-01,2015-07-01,25-NSE,0000876661-15-000276,0
1101396,early_warning,1,auditor_change,2016-03-09,2016-03-09,8-K,0001101396-16-000074,1
1101396,early_warning,1,late_annual_report,2023-12-14,2023-12-14,NT 10-K,0001437749-23-034446,0
1101396,early_warning,1,late_quarterly_report,2024-02-09,2024-02-09,NT 10-Q,0001437749-24-003623,0
1101396,early_warning,1,exit_or_disposal_costs,2024-06-17,2024-06-17,8-K,0001437749-24-020480,1
1101396,early_warning,1,exit_or_disposal_costs,2024-06-18,2024-06-18,8-K,0001437749-24-020642,1
1101396,default,4,chapter11_petition,2024-06-30,2024-07-01,8-K,0001437749-24-021637,0
1101396,near_default,3,debt_acceleration,2024-07-01,2024-07-01,8-K,0001437749-24-021637,0
1101396,stress,2,listing_rule_failure,2024-07-03,2024-07-03,8-K,0001437749-24-022022,0
1101396,near_default,3,delisting_by_exchange,2024-07-10,2024-07-10,25-NSE,0001143313-24-000066,0
1101396,early_warning,1,auditor_change,2024-07-18,2024-07-18,8-K,0001437749-24-022983,1
1101680,early_warning,1,late_annual_report,2016-03-16,2016-03-16,NT 10-K,0001101680-16-000056,0
1101680,stress,2,listing_rule_failure,2016-09-12,2016-09-12,8-K,0001101680-16-000103,0
1101680,early_warning,1,auditor_change,2016-09-12,2016-09-12,8-K,0001101680-16-000103,1
1101680,stress,2,listing_rule_failure,2016-09-13,2016-09-13,8-K,0001101680-16-000105,0
1101680,early_warning,1,auditor_change,2016-10-17,2016-10-17,8-K,0001101680-16-000108,1
1101680,early_warning,1,late_quarterly_report,2016-11-10,2016-11-10,NT 10-Q,0001101680-16-000113,0
1101680,stress,2,listing_rule_failure,2016-11-18,2016-11-18,8-K,0001101680-16-000119,0
1101680,early_warning,1,auditor_change,2016-12-02,2016-12-02,8-K,0001101680-16-000123,1
1101680,stress,2,listing_rule_failure,2017-02-09,2017-02-09,8-K,0001101680-17-000004,0
1101680,stress,2,restatement_non_reliance,2017-02-24,2017-02-24,8-K,0001101680-17-000008,0
1101680,stress,2,restatement_non_reliance,2017-03-22,2017-03-22,8-K,0001101680-17-000015,0
1101680,stress,2,restatement_non_reliance,2017-04-03,2017-04-03,8-K/A,0001101680-17-000019,0
1101680,early_warning,1,late_annual_report,2017-04-03,2017-04-03,NT 10-K,0001101680-17-000021,0
1101680,stress,2,listing_rule_failure,2017-04-11,2017-04-11,8-K,0001101680-17-000023,0
1101680,early_warning,1,late_quarterly_report,2017-05-17,2017-05-17,NT 10-Q,0001101680-17-000031,0
1101680,stress,2,listing_rule_failure,2017-05-18,2017-05-18,8-K,0001101680-17-000033,0
1101680,early_warning,1,late_quarterly_report,2017-08-15,2017-08-15,NT 10-Q,0001101680-17-000046,0
1101680,early_warning,1,late_quarterly_report,2017-11-15,2017-11-15,NT 10-Q,0001101680-17-000087,0
1101680,early_warning,1,late_annual_report,2018-03-30,2018-03-30,NT 10-K,0001101680-18-000006,0
1101680,early_warning,1,auditor_change,2019-06-14,2019-06-14,8-K,0001564590-19-022597,1
1101680,stress,2,listing_rule_failure,2019-11-15,2019-11-15,8-K,0001564590-19-043631,0
1101680,stress,2,listing_rule_failure,2019-11-26,2019-11-26,8-K,0001564590-19-044423,0
1101680,early_warning,1,late_annual_report,2020-03-16,2020-03-16,NT 10-K,0001564590-20-011184,0
1101680,early_warning,1,auditor_change,2021-06-10,2021-06-10,8-K,0001564590-21-032448,1
1101680,early_warning,1,late_quarterly_report,2021-08-10,2021-08-10,NT 10-Q,0001564590-21-043041,0
1101680,stress,2,restatement_non_reliance,2023-06-01,2023-06-01,8-K,0001101680-23-000048,0
1101680,early_warning,1,late_quarterly_report,2023-08-09,2023-08-09,NT 10-Q,0001101680-23-000095,0
1101680,stress,2,listing_rule_failure,2023-08-18,2023-08-18,8-K,0001101680-23-000098,0
1101680,stress,2,restatement_non_reliance,2023-11-09,2023-11-09,8-K,0001101680-23-000123,0
1101680,early_warning,1,late_quarterly_report,2023-11-09,2023-11-09,NT 10-Q,0001101680-23-000122,0
1101680,stress,2,listing_rule_failure,2023-11-16,2023-11-16,8-K,0001101680-23-000125,0
1101680,early_warning,1,auditor_change,2024-01-30,2024-01-30,8-K,0001101680-24-000021,1
1101680,stress,2,listing_rule_failure,2024-02-09,2024-02-09,8-K,0001101680-24-000023,0
1101680,early_warning,1,late_annual_report,2024-03-18,2024-03-18,NT 10-K,0001101680-24-000030,0
1101680,early_warning,1,auditor_change,2024-03-21,2024-03-21,8-K,0001101680-24-000032,1
1101680,stress,2,listing_rule_failure,2024-04-05,2024-04-05,8-K,0001101680-24-000034,0
1101680,early_warning,1,late_quarterly_report,2024-05-10,2024-05-10,NT 10-Q,0001101680-24-000054,0
1101680,stress,2,listing_rule_failure,2024-05-17,2024-05-17,8-K,0001101680-24-000058,0
1101680,stress,2,listing_rule_failure,2024-08-06,2024-08-06,8-K,0001101680-24-000080,0
1101680,early_warning,1,late_quarterly_report,2024-08-12,2024-08-12,NT 10-Q,0001101680-24-000082,0
1101680,near_default,3,delisting_by_exchange,2024-10-15,2024-10-15,25-NSE,0001354457-24-000787,0
1101680,stress,2,listing_rule_failure,2024-10-16,2024-10-16,8-K,0001101680-24-000164,0
1101680,default,4,chapter11_petition,2025-03-14,2025-03-14,8-K,0001101680-25-000021,0
1101680,near_default,3,debt_acceleration,2025-03-14,2025-03-14,8-K,0001101680-25-000021,0
1103982,near_default,3,delisting_by_exchange,2015-06-16,2015-06-16,25-NSE,0000876661-15-000253,0
1103982,near_default,3,delisting_by_exchange,2017-01-31,2017-01-31,25-NSE,0000876661-17-000048,0
1103982,early_warning,1,exit_or_disposal_costs,2018-09-07,2018-09-07,8-K,0001193125-18-268664,1
1103982,near_default,3,delisting_filed,2019-02-25,2019-02-25,25,0001193125-19-049974,0
1103982,near_default,3,delisting_by_exchange,2021-01-25,2021-01-25,25-NSE,0001354457-21-000102,0
1103982,near_default,3,delisting_by_exchange,2021-03-30,2021-03-30,25-NSE,0001354457-21-000427,0
1108109,near_default,3,delisting_by_exchange,2017-04-04,2017-04-04,25-NSE,0000876661-17-000191,0
1108109,near_default,3,delisting_by_exchange,2019-01-11,2019-01-11,25-NSE,0001354457-19-000026,0
1108524,early_warning,1,exit_or_disposal_costs,2023-01-04,2023-01-04,8-K,0001108524-23-000003,1
1108967,early_warning,1,late_quarterly_report,2019-05-10,2019-05-10,NT 10-Q,0001437749-19-009356,0
1108967,early_warning,1,auditor_change,2019-06-24,2019-06-24,8-K,0001437749-19-012485,1
1108967,stress,2,listing_rule_failure,2019-07-23,2019-07-23,8-K,0001437749-19-014459,0
1108967,early_warning,1,late_quarterly_report,2019-08-09,2019-08-09,NT 10-Q,0001437749-19-016109,0
1108967,stress,2,listing_rule_failure,2020-04-27,2020-04-27,8-K,0001437749-20-008588,0
1108967,early_warning,1,late_quarterly_report,2020-05-15,2020-05-15,NT 10-Q,0001437749-20-011029,0
1108967,early_warning,1,late_quarterly_report,2020-08-17,2020-08-17,NT 10-Q,0001437749-20-018136,0
1108967,stress,2,listing_rule_failure,2021-12-14,2021-12-14,8-K/A,0001437749-21-028569,0
1108967,early_warning,1,exit_or_disposal_costs,2022-01-03,2022-01-03,8-K,0001437749-22-000170,1
1108967,early_warning,1,material_impairment,2022-01-03,2022-01-03,8-K,0001437749-22-000170,1
1108967,early_warning,1,exit_or_disposal_costs,2022-04-04,2022-04-04,8-K/A,0001437749-22-008172,1
1108967,early_warning,1,material_impairment,2022-04-04,2022-04-04,8-K/A,0001437749-22-008172,1
1108967,stress,2,listing_rule_failure,2022-07-25,2022-07-25,8-K,0001437749-22-017708,0
1108967,early_warning,1,auditor_change,2022-08-24,2022-08-24,8-K,0001437749-22-021259,1
1108967,stress,2,listing_rule_failure,2023-01-04,2023-01-04,8-K,0001437749-23-000337,0
1108967,stress,2,listing_rule_failure,2023-01-23,2023-01-23,8-K,0001437749-23-001618,0
1108967,stress,2,listing_rule_failure,2023-03-27,2023-03-27,8-K,0001437749-23-007943,0
1108967,early_warning,1,late_annual_report,2023-04-03,2023-04-03,NT 10-K,0001437749-23-009054,0
1108967,stress,2,listing_rule_failure,2023-06-30,2023-06-30,8-K,0001437749-23-019022,0
1108967,early_warning,1,late_quarterly_report,2023-08-15,2023-08-15,NT 10-Q,0001437749-23-023816,0
1108967,default,4,chapter11_petition,2023-08-23,2023-08-24,8-K,0001437749-23-024627,0
1108967,stress,2,listing_rule_failure,2023-08-23,2023-08-23,8-K,0001437749-23-024489,0
1108967,near_default,3,debt_acceleration,2023-08-24,2023-08-24,8-K,0001437749-23-024627,0
1108967,stress,2,listing_rule_failure,2023-08-30,2023-08-30,8-K,0001437749-23-024889,0
1108967,near_default,3,delisting_by_exchange,2023-10-12,2023-10-12,25-NSE,0001354457-23-000759,0
1108967,early_warning,1,late_quarterly_report,2023-11-14,2023-11-14,NT 10-Q,0001437749-23-032037,0
1109189,stress,2,listing_rule_failure,2016-08-23,2016-08-23,8-K,0001109189-16-000316,0
1109189,near_default,3,debt_acceleration,2016-10-25,2016-10-25,8-K,0001109189-16-000330,0
1109189,near_default,3,delisting_by_exchange,2016-12-27,2016-12-27,25-NSE,0000876661-16-001488,0
1109189,early_warning,1,late_annual_report,2017-03-16,2017-03-16,NT 10-K,0001109189-17-000020,0
1109189,stress,2,listing_rule_failure,2019-11-08,2019-11-08,8-K,0001109189-19-000158,0
1109189,stress,2,listing_rule_failure,2019-12-03,2019-12-03,8-K,0001109189-19-000164,0
1109189,near_default,3,delisting_by_exchange,2019-12-17,2019-12-17,25-NSE,0000876661-19-001271,0
1109189,early_warning,1,late_quarterly_report,2021-08-17,2021-08-17,NT 10-Q,0001104659-21-107073,0
1109189,default,4,chapter11_petition,2021-08-18,2021-08-18,8-K,0001104659-21-107217,0
1109189,near_default,3,debt_acceleration,2021-08-18,2021-08-18,8-K,0001104659-21-107217,0
1124198,early_warning,1,late_annual_report,2020-03-03,2020-03-03,NT 10-K,0001104659-20-028564,0
1124198,stress,2,listing_rule_failure,2020-03-19,2020-03-19,8-K,0001104659-20-035905,0
1124198,early_warning,1,late_quarterly_report,2020-05-12,2020-05-12,NT 10-Q,0001104659-20-060204,0
1124198,early_warning,1,late_quarterly_report,2020-08-11,2020-08-11,NT 10-Q,0001104659-20-093292,0
1124198,stress,2,restatement_non_reliance,2020-09-08,2020-09-08,8-K,0001104659-20-103080,0
1124198,early_warning,1,material_impairment,2020-09-08,2020-09-08,8-K,0001104659-20-103080,1
1124198,early_warning,1,late_quarterly_report,2020-11-10,2020-11-10,NT 10-Q,0001104659-20-123664,0
1124198,stress,2,listing_rule_failure,2020-11-18,2020-11-18,8-K,0001104659-20-126890,0
1124198,near_default,3,delisting_by_exchange,2023-01-31,2023-01-31,25-NSE,0000876661-23-000078,0
1136294,stress,2,restatement_non_reliance,2015-05-06,2015-05-06,8-K,0001104659-15-034958,0
1136294,near_default,3,debt_acceleration,2015-05-11,2015-05-11,8-K,0001104659-15-036897,0
1136294,early_warning,1,late_quarterly_report,2015-05-11,2015-05-11,NT 10-Q,0001104659-15-036894,0
1136294,stress,2,listing_rule_failure,2015-05-26,2015-05-26,8-K,0001104659-15-040503,0
1136294,early_warning,1,late_quarterly_report,2015-08-11,2015-08-11,NT 10-Q,0001104659-15-058727,0
1136294,stress,2,restatement_non_reliance,2015-10-26,2015-10-26,8-K,0001104659-15-072573,0
1136294,early_warning,1,late_quarterly_report,2015-11-09,2015-11-09,NT 10-Q,0001104659-15-076866,0
1136294,early_warning,1,auditor_change,2015-12-16,2015-12-16,8-K,0001104659-15-085236,1
1136294,early_warning,1,auditor_change,2015-12-21,2015-12-21,8-K/A,0001104659-15-085868,1
1136294,stress,2,restatement_non_reliance,2016-01-26,2016-01-26,8-K,0001104659-16-091321,0
1136294,early_warning,1,late_annual_report,2016-03-15,2016-03-15,NT 10-K,0001104659-16-105215,0
1136294,stress,2,listing_rule_failure,2016-03-30,2016-03-30,8-K,0001104659-16-108694,0
1136294,early_warning,1,auditor_change,2016-03-30,2016-03-30,8-K,0001104659-16-108694,1
1136294,stress,2,listing_rule_failure,2016-04-04,2016-04-04,8-K,0001104659-16-109412,0
1136294,early_warning,1,auditor_change,2016-04-04,2016-04-04,8-K/A,0001104659-16-109411,1
1136294,near_default,3,delisting_by_exchange,2016-04-18,2016-04-18,25-NSE,0000876661-16-000934,0
1136294,early_warning,1,late_quarterly_report,2016-05-13,2016-05-13,NT 10-Q,0001104659-16-120696,0
1136294,early_warning,1,late_quarterly_report,2016-08-12,2016-08-12,NT 10-Q,0001104659-16-139346,0
1136294,early_warning,1,material_impairment,2016-09-28,2016-09-28,8-K,0001104659-16-147203,1
1136294,early_warning,1,late_quarterly_report,2016-11-10,2016-11-10,NT 10-Q,0001104659-16-156240,0
1136294,early_warning,1,late_annual_report,2017-04-03,2017-04-03,NT 10-K,0001104659-17-020761,0
1136294,early_warning,1,late_quarterly_report,2017-05-18,2017-05-18,NT 10-Q,0001104659-17-033595,0
1136294,early_warning,1,late_quarterly_report,2017-08-11,2017-08-11,NT 10-Q,0001104659-17-051380,0
1136294,early_warning,1,late_quarterly_report,2017-11-14,2017-11-14,NT 10-Q,0001104659-17-068530,0
1136294,early_warning,1,auditor_change,2017-11-21,2017-11-21,8-K,0001104659-17-069700,1
1136294,early_warning,1,late_annual_report,2018-04-02,2018-04-02,NT 10-K,0001104659-18-021869,0
1136294,early_warning,1,late_quarterly_report,2018-05-15,2018-05-15,NT 10-Q,0001104659-18-033470,0
1136294,early_warning,1,exit_or_disposal_costs,2018-07-11,2018-07-11,8-K,0001104659-18-044610,1
1136294,early_warning,1,late_quarterly_report,2019-11-14,2019-11-14,NT 10-Q,0001104659-19-064320,0
1136294,default,4,chapter11_petition,2023-07-24,2023-07-24,8-K,0001104659-23-083246,0
1136294,near_default,3,debt_acceleration,2023-07-24,2023-07-24,8-K,0001104659-23-083246,0
1136294,stress,2,listing_rule_failure,2023-07-28,2023-07-28,8-K,0001104659-23-085345,0
1136294,near_default,3,delisting_by_exchange,2023-08-01,2023-08-01,25-NSE,0001143313-23-000048,0
1137774,near_default,3,delisting_by_exchange,2018-04-18,2018-04-18,25-NSE,0000876661-18-000385,0
1137774,near_default,3,delisting_by_exchange,2020-09-23,2020-09-23,25-NSE,0000876661-20-000811,0
1137774,near_default,3,delisting_by_exchange,2020-09-23,2020-09-23,25-NSE,0000876661-20-000810,0
1140859,early_warning,1,exit_or_disposal_costs,2020-01-30,2020-01-30,8-K,0001140859-20-000006,1
1140859,early_warning,1,material_impairment,2020-01-30,2020-01-30,8-K,0001140859-20-000006,1
1159167,early_warning,1,exit_or_disposal_costs,2022-08-05,2022-08-05,8-K,0001159167-22-000052,1
1159167,early_warning,1,exit_or_disposal_costs,2023-02-13,2023-02-13,8-K,0001159167-23-000007,1
1159167,near_default,3,debt_acceleration,2024-01-29,2024-01-29,8-K,0001193125-24-017523,0
1159167,early_warning,1,exit_or_disposal_costs,2024-01-29,2024-01-29,8-K,0001193125-24-017523,1
1159167,early_warning,1,exit_or_disposal_costs,2024-11-05,2024-11-05,8-K,0001159167-24-000077,1
1159167,default,4,chapter11_petition,2025-12-14,2025-12-15,8-K,0001193125-25-318337,0
1159167,near_default,3,debt_acceleration,2025-12-15,2025-12-15,8-K,0001193125-25-318337,0
1159167,stress,2,listing_rule_failure,2025-12-15,2025-12-15,8-K,0001159167-25-000097,0
1159167,near_default,3,delisting_by_exchange,2026-01-15,2026-01-15,25-NSE,0001354457-26-000045,0
1162461,early_warning,1,late_annual_report,2018-03-16,2018-03-16,NT 10-K,0001193125-18-085911,0
1162461,early_warning,1,late_annual_report,2021-03-17,2021-03-17,NT 10-K,0001193125-21-084089,0
1162461,early_warning,1,late_annual_report,2023-02-28,2023-02-28,NT 10-K,0001628280-23-005638,0
1162461,stress,2,listing_rule_failure,2023-03-24,2023-03-24,8-K,0001193125-23-079289,0
1162461,early_warning,1,late_quarterly_report,2023-11-13,2023-11-13,NT 10-Q,0001628280-23-038601,0
1162461,stress,2,restatement_non_reliance,2023-12-21,2023-12-21,8-K,0001628280-23-042507,0
1162461,early_warning,1,late_annual_report,2024-03-18,2024-03-18,NT 10-K,0001628280-24-011654,0
1162461,stress,2,listing_rule_failure,2024-10-01,2024-10-01,8-K,0001628280-24-041735,0
1162461,stress,2,listing_rule_failure,2024-11-22,2024-11-22,8-K,0001628280-24-048982,0
1162461,default,4,chapter11_petition,2025-03-05,2025-03-05,8-K,0001193125-25-046217,0
1162461,near_default,3,debt_acceleration,2025-03-05,2025-03-05,8-K,0001193125-25-046217,0
1162461,stress,2,listing_rule_failure,2025-03-07,2025-03-07,8-K,0001628280-25-011029,0
1162461,stress,2,listing_rule_failure,2025-03-10,2025-03-10,8-K,0001628280-25-011587,0
1162461,near_default,3,delisting_filed,2025-03-20,2025-03-20,25,0001628280-25-014047,0
1162461,near_default,3,delisting_by_exchange,2025-07-16,2025-07-16,25-NSE,0001354457-25-000682,0
1163165,early_warning,1,material_impairment,2017-06-29,2017-06-29,8-K,0001104659-17-042332,1
1164727,early_warning,1,material_impairment,2016-12-13,2016-12-13,8-K,0001558370-16-010540,1
1166691,near_default,3,delisting_by_exchange,2015-12-11,2015-12-11,25-NSE,0001354457-15-000245,0
1166691,stress,2,listing_rule_failure,2015-12-15,2015-12-15,8-K,0000950103-15-009516,0
1166691,near_default,3,delisting_by_exchange,2017-12-18,2017-12-18,25-NSE,0000876661-17-000770,0
1206264,early_warning,1,material_impairment,2019-01-11,2019-01-11,8-K,0001206264-19-000017,1
1206264,near_default,3,delisting_by_exchange,2020-09-15,2020-09-15,25-NSE,0000876661-20-000771,0
1219601,near_default,3,delisting_by_exchange,2025-12-22,2025-12-22,25-NSE,0000876661-25-001002,0
1220754,stress,2,listing_rule_failure,2015-06-02,2015-06-02,8-K,0001437749-15-011655,0
1220754,stress,2,listing_rule_failure,2015-08-27,2015-08-27,8-K,0001437749-15-016531,0
1220754,early_warning,1,late_annual_report,2023-03-02,2023-03-02,NT 10-K,0001437749-23-005124,0
1220754,stress,2,listing_rule_failure,2025-05-08,2025-05-08,8-K,0001220754-25-000034,0
1220754,early_warning,1,late_quarterly_report,2025-08-12,2025-08-12,NT 10-Q,0001220754-25-000055,0
1220754,default,4,chapter11_petition,2025-08-20,2025-08-21,8-K,0001437749-25-027478,0
1220754,near_default,3,debt_acceleration,2025-08-21,2025-08-21,8-K,0001437749-25-027478,0
1220754,stress,2,listing_rule_failure,2025-08-22,2025-08-22,8-K,0001437749-25-027610,0
1220754,near_default,3,delisting_by_exchange,2025-10-01,2025-10-01,25-NSE,0001354457-25-000972,0
1220754,early_warning,1,late_quarterly_report,2025-11-12,2025-11-12,NT 10-Q,0001220754-25-000057,0
1223389,stress,2,restatement_non_reliance,2020-04-14,2020-04-14,8-K,0001223389-20-000015,0
1223389,early_warning,1,late_quarterly_report,2023-12-12,2023-12-12,NT 10-Q,0001193125-23-292930,0
1223389,early_warning,1,late_annual_report,2024-04-16,2024-04-16,NT 10-K,0001193125-24-097846,0
1223389,early_warning,1,late_quarterly_report,2024-06-11,2024-06-11,NT 10-Q,0001223389-24-000044,0
1223389,stress,2,listing_rule_failure,2024-06-26,2024-06-26,8-K,0001223389-24-000047,0
1223389,default,4,chapter11_petition,2024-07-25,2024-07-25,8-K,0001193125-24-184837,0
1223389,near_default,3,debt_acceleration,2024-07-25,2024-07-25,8-K,0001193125-24-184837,0
1223389,stress,2,listing_rule_failure,2024-08-01,2024-08-01,8-K,0001223389-24-000052,0
1223389,near_default,3,delisting_by_exchange,2024-09-06,2024-09-06,25-NSE,0001354457-24-000657,0
1254699,early_warning,1,late_annual_report,2026-04-01,2026-04-01,NT 10-K,0001104659-26-037942,0
1254699,default,4,chapter11_petition,2026-04-16,2026-04-17,8-K,0001104659-26-044600,0
1254699,near_default,3,debt_acceleration,2026-04-17,2026-04-17,8-K,0001104659-26-044600,0
1254699,stress,2,listing_rule_failure,2026-04-20,2026-04-20,8-K,0001254699-26-000006,0
1254699,near_default,3,delisting_by_exchange,2026-05-04,2026-05-04,25-NSE,0000876661-26-000384,0
1271833,near_default,3,debt_acceleration,2019-10-07,2019-10-07,8-K,0001410578-19-001548,0
1271833,near_default,3,debt_acceleration,2020-02-21,2020-02-21,8-K,0001104659-20-023531,0
1271833,near_default,3,debt_acceleration,2020-03-23,2020-03-23,8-K,0001104659-20-037363,0
1271833,near_default,3,debt_acceleration,2020-07-13,2020-07-13,8-K,0001104659-20-083132,0
1271833,near_default,3,debt_acceleration,2020-07-28,2020-07-28,8-K,0001104659-20-087372,0
1271833,near_default,3,debt_acceleration,2020-10-16,2020-10-16,8-K,0001104659-20-115651,0
1275229,stress,2,listing_rule_failure,2018-12-18,2018-12-18,8-K,0001104659-18-073462,0
1275229,early_warning,1,auditor_change,2019-01-22,2019-01-22,8-K,0001104659-19-002592,1
1275229,stress,2,listing_rule_failure,2019-09-18,2019-09-18,8-K,0001104659-19-050546,0
1275229,early_warning,1,late_quarterly_report,2019-11-14,2019-11-14,NT 10-Q,0001104659-19-064232,0
1275229,stress,2,listing_rule_failure,2020-03-17,2020-03-17,8-K,0001104659-20-034509,0
1275229,early_warning,1,late_quarterly_report,2020-08-17,2020-08-17,NT 10-Q,0001654954-20-009222,0
1275229,stress,2,listing_rule_failure,2020-09-04,2020-09-04,8-K,0001654954-20-009847,0
1275229,stress,2,listing_rule_failure,2020-10-01,2020-10-01,8-K,0001654954-20-010729,0
1275229,near_default,3,delisting_by_exchange,2020-10-09,2020-10-09,25-NSE,0001143313-20-000063,0
1275229,default,4,chapter11_petition,2020-11-18,2020-11-20,8-K,0001654954-20-012741,0
1275229,near_default,3,debt_acceleration,2020-11-20,2020-11-20,8-K,0001654954-20-012741,0
1275229,stress,2,listing_rule_failure,2020-11-20,2020-11-20,8-K,0001654954-20-012741,0
1275229,stress,2,listing_rule_failure,2020-12-02,2020-12-02,8-K,0001654954-20-013131,0
1275229,early_warning,1,auditor_change,2021-02-09,2021-02-09,8-K,0001654954-21-001336,1
1277250,early_warning,1,auditor_change,2022-04-21,2022-04-21,8-K,0001654954-22-005227,1
1277250,early_warning,1,late_quarterly_report,2023-08-09,2023-08-09,NT 10-Q,0001654954-23-010382,0
1277250,stress,2,listing_rule_failure,2023-08-25,2023-08-25,8-K,0001654954-23-011253,0
1277250,near_default,3,debt_acceleration,2023-11-21,2023-11-21,8-K,0001437749-23-032777,0
1277250,near_default,3,debt_acceleration,2023-12-06,2023-12-06,8-K,0001437749-23-033773,0
1277250,early_warning,1,exit_or_disposal_costs,2023-12-06,2023-12-06,8-K,0001437749-23-033773,1
1277250,stress,2,listing_rule_failure,2024-02-13,2024-02-13,8-K,0001437749-24-003921,0
1277250,stress,2,listing_rule_failure,2024-02-22,2024-02-22,8-K,0001437749-24-005222,0
1277250,near_default,3,debt_acceleration,2024-02-28,2024-02-28,8-K,0001437749-24-005816,0
1277250,default,4,chapter11_petition,2024-03-07,2024-03-12,8-K,0001437749-24-007478,0
1277250,near_default,3,debt_acceleration,2024-03-12,2024-03-12,8-K,0001437749-24-007478,0
1277250,early_warning,1,late_annual_report,2024-03-15,2024-03-15,NT 10-K,0001437749-24-007956,0
1277250,near_default,3,delisting_by_exchange,2024-04-09,2024-04-09,25-NSE,0001354457-24-000256,0
1281774,stress,2,listing_rule_failure,2020-04-06,2020-04-06,8-K,0000921895-20-001026,0
1281774,early_warning,1,auditor_change,2020-04-06,2020-04-06,8-K,0000921895-20-001026,1
1281774,stress,2,listing_rule_failure,2020-04-23,2020-04-23,8-K,0000921895-20-001172,0
1281774,stress,2,listing_rule_failure,2020-04-29,2020-04-29,8-K,0000921895-20-001224,0
1281774,early_warning,1,late_quarterly_report,2020-06-26,2020-06-26,NT 10-Q,0000921895-20-001866,0
1281774,early_warning,1,material_impairment,2020-07-06,2020-07-06,8-K,0001193805-20-000787,1
1281774,stress,2,listing_rule_failure,2020-07-13,2020-07-13,8-K,0000921895-20-001969,0
1281774,near_default,3,debt_acceleration,2020-08-20,2020-08-20,8-K,0001281774-20-000045,0
1281774,stress,2,listing_rule_failure,2020-08-20,2020-08-20,8-K,0001281774-20-000045,0
1281774,default,4,chapter11_petition,2020-09-14,2020-09-14,8-K,0000921895-20-002399,0
1281774,near_default,3,debt_acceleration,2020-09-14,2020-09-14,8-K,0000921895-20-002399,0
1281774,stress,2,listing_rule_failure,2020-09-21,2020-09-21,8-K,0000921895-20-002449,0
1281774,near_default,3,delisting_by_exchange,2020-10-27,2020-10-27,25-NSE,0001354457-20-000636,0
1283699,stress,2,listing_rule_failure,2015-10-16,2015-10-16,8-K,0001283699-15-000045,0
1283699,near_default,3,delisting_filed,2015-10-26,2015-10-26,25,0001193125-15-353305,0
1283699,near_default,3,delisting_by_exchange,2017-12-15,2017-12-15,25-NSE,0001354457-17-000258,0
1283699,early_warning,1,material_impairment,2020-06-17,2020-06-17,8-K,0001140361-20-014081,1
1283699,near_default,3,delisting_by_exchange,2020-07-27,2020-07-27,25-NSE,0001354457-20-000356,0
1283699,early_warning,1,auditor_change,2022-04-15,2022-04-15,8-K,0001283699-22-000073,1
1283699,early_warning,1,auditor_change,2022-05-06,2022-05-06,8-K/A,0001283699-22-000086,1
1300699,near_default,3,debt_acceleration,2022-01-21,2022-01-21,8-K,0001193125-22-014821,0
1300699,stress,2,listing_rule_failure,2022-03-24,2022-03-24,8-K,0001193125-22-083906,0
1300699,near_default,3,debt_acceleration,2022-06-24,2022-06-24,8-K,0001193125-22-181558,0
1300699,near_default,3,debt_acceleration,2022-07-01,2022-07-01,8-K,0001193125-22-187217,0
1300699,near_default,3,debt_acceleration,2022-08-18,2022-08-18,8-K,0001193125-22-224125,0
1300699,stress,2,listing_rule_failure,2022-09-16,2022-09-16,8-K,0001193125-22-246363,0
1300699,stress,2,listing_rule_failure,2023-05-03,2023-05-03,8-K,0001193125-23-134421,0
1300699,default,4,chapter11_petition,2023-05-14,2023-05-22,8-K,0001193125-23-150484,0
1300699,near_default,3,debt_acceleration,2023-05-22,2023-05-22,8-K,0001193125-23-150484,0
1300699,stress,2,listing_rule_failure,2023-05-22,2023-05-22,8-K,0001193125-23-150484,0
1300699,early_warning,1,exit_or_disposal_costs,2023-05-22,2023-05-22,8-K,0001193125-23-150484,1
1300699,early_warning,1,late_quarterly_report,2023-05-23,2023-05-23,NT 10-Q,0001193125-23-151153,0
1300699,near_default,3,delisting_by_exchange,2023-07-10,2023-07-10,25-NSE,0001354457-23-000482,0
1305253,early_warning,1,exit_or_disposal_costs,2015-04-30,2015-04-30,8-K,0001193125-15-162463,1
1305253,early_warning,1,exit_or_disposal_costs,2015-06-26,2015-06-26,8-K,0001193125-15-236195,1
1305253,early_warning,1,exit_or_disposal_costs,2015-11-19,2015-11-19,8-K,0001193125-15-381300,1
1305253,early_warning,1,auditor_change,2016-04-28,2016-04-28,8-K,0001193125-16-564088,1
1305253,stress,2,listing_rule_failure,2023-07-28,2023-07-28,8-K,0001193125-23-197717,0
1305253,stress,2,listing_rule_failure,2023-11-13,2023-11-13,8-K,0001193125-23-275985,0
1305253,default,4,chapter11_petition,2024-04-01,2024-04-01,8-K,0001193125-24-083403,0
1305253,near_default,3,debt_acceleration,2024-04-01,2024-04-01,8-K,0001193125-24-083403,0
1305253,early_warning,1,late_annual_report,2024-04-01,2024-04-01,NT 10-K,0001193125-24-083560,0
1305253,stress,2,listing_rule_failure,2024-04-03,2024-04-03,8-K,0001193125-24-086059,0
1305253,near_default,3,delisting_by_exchange,2024-04-25,2024-04-25,25-NSE,0001354457-24-000305,0
1319161,early_warning,1,auditor_change,2015-03-05,2015-03-05,8-K,0001193125-15-077723,1
1319161,early_warning,1,exit_or_disposal_costs,2023-03-29,2023-03-29,8-K,0001193125-23-083797,1
1319161,early_warning,1,exit_or_disposal_costs,2024-02-07,2024-02-07,8-K,0001319161-24-000007,1
1319161,early_warning,1,exit_or_disposal_costs,2024-09-19,2024-09-19,8-K/A,0001193125-24-222169,1
1319161,early_warning,1,exit_or_disposal_costs,2025-07-01,2025-07-01,8-K,0001193125-25-154044,1
1324424,early_warning,1,exit_or_disposal_costs,2015-11-18,2015-11-18,8-K,0001193125-15-380906,1
1324424,stress,2,listing_rule_failure,2018-06-22,2018-06-22,8-K,0001324424-18-000029,0
1324424,stress,2,listing_rule_failure,2019-06-07,2019-06-07,8-K,0001324424-19-000023,0
1324424,early_warning,1,exit_or_disposal_costs,2020-02-25,2020-02-25,8-K,0001324424-20-000012,1
1324424,stress,2,listing_rule_failure,2021-01-12,2021-01-12,8-K,0001324424-21-000008,0
1324424,stress,2,listing_rule_failure,2021-04-07,2021-04-07,8-K,0001324424-21-000026,0
1324424,near_default,3,delisting_by_exchange,2022-03-03,2022-03-03,25-NSE,0000876661-22-000238,0
1324424,stress,2,listing_rule_failure,2022-09-14,2022-09-14,8-K,0001324424-22-000056,0
1324424,stress,2,listing_rule_failure,2022-10-31,2022-10-31,8-K,0001324424-22-000059,0
1324424,stress,2,listing_rule_failure,2023-02-16,2023-02-16,8-K,0001324424-23-000010,0
1324424,early_warning,1,exit_or_disposal_costs,2024-02-26,2024-02-26,8-K,0001324424-24-000009,1
1326160,early_warning,1,exit_or_disposal_costs,2016-10-13,2016-10-13,8-K,0001326160-16-000401,1
1326160,early_warning,1,material_impairment,2016-10-13,2016-10-13,8-K,0001326160-16-000401,1
1326160,early_warning,1,material_impairment,2017-08-29,2017-08-29,8-K,0001104659-17-054184,1
1326160,early_warning,1,material_impairment,2020-07-06,2020-07-06,8-K,0001104659-20-080869,1
1326160,early_warning,1,material_impairment,2021-01-25,2021-01-25,8-K,0001326160-21-000004,1
1326160,near_default,3,delisting_by_exchange,2021-10-07,2021-10-07,25-NSE,0000876661-21-001452,0
1326160,early_warning,1,material_impairment,2021-10-29,2021-10-29,8-K,0001104659-21-131412,1
1326160,early_warning,1,material_impairment,2022-03-15,2022-03-15,8-K,0001104659-22-033597,1
1326160,early_warning,1,material_impairment,2023-06-12,2023-06-12,8-K,0001104659-23-070360,1
1326380,early_warning,1,material_impairment,2018-01-12,2018-01-12,8-K,0001326380-18-000003,1
1326380,near_default,3,debt_acceleration,2019-03-06,2019-03-06,8-K,0001326380-19-000026,0
1326380,near_default,3,debt_acceleration,2020-11-10,2020-11-10,8-K,0001326380-20-000126,0
1326380,near_default,3,debt_acceleration,2021-04-13,2021-04-13,8-K,0001193125-21-114706,0
1326380,early_warning,1,auditor_change,2024-12-10,2024-12-10,8-K,0001326380-24-000168,1
1333835,early_warning,1,auditor_change,2020-08-27,2020-08-27,8-K,0001193125-20-233121,1
1333835,stress,2,listing_rule_failure,2023-09-29,2023-09-29,8-K,0001193125-23-247380,0
1333835,stress,2,listing_rule_failure,2024-04-02,2024-04-02,8-K,0001193125-24-084927,0
1333835,default,4,chapter11_petition,2024-04-03,2024-04-03,8-K,0001193125-24-085992,0
1333835,near_default,3,debt_acceleration,2024-04-03,2024-04-03,8-K,0001193125-24-085992,0
1333835,near_default,3,delisting_by_exchange,2024-04-25,2024-04-25,25-NSE,0001354457-24-000303,0
1341439,near_default,3,delisting_by_exchange,2021-01-11,2021-01-11,25-NSE,0000876661-21-000039,0
1341439,near_default,3,delisting_by_exchange,2025-07-10,2025-07-10,25-NSE,0000876661-25-000500,0
1346980,early_warning,1,exit_or_disposal_costs,2015-02-06,2015-02-06,8-K,0001346980-15-000004,1
1346980,near_default,3,debt_acceleration,2016-04-05,2016-04-05,8-K,0001564590-16-015902,0
1346980,near_default,3,debt_acceleration,2016-05-09,2016-05-09,8-K,0001564590-16-018643,0
1346980,stress,2,listing_rule_failure,2019-11-15,2019-11-15,8-K,0001193125-19-293511,0
1346980,stress,2,listing_rule_failure,2020-03-05,2020-03-05,8-K,0001346980-20-000026,0
1346980,near_default,3,debt_acceleration,2020-07-15,2020-07-15,8-K,0001193125-20-193387,0
1346980,near_default,3,debt_acceleration,2020-08-04,2020-08-04,8-K,0001193125-20-209344,0
1346980,early_warning,1,late_quarterly_report,2020-08-10,2020-08-10,NT 10-Q,0001193125-20-214930,0
1346980,default,4,chapter11_petition,2020-08-17,2020-08-17,8-K,0001193125-20-221605,0
1346980,near_default,3,debt_acceleration,2020-08-17,2020-08-17,8-K,0001193125-20-221605,0
1346980,stress,2,listing_rule_failure,2020-08-19,2020-08-19,8-K,0001193125-20-224691,0
1346980,near_default,3,delisting_by_exchange,2020-09-01,2020-09-01,25-NSE,0000876661-20-000729,0
1347652,early_warning,1,late_quarterly_report,2015-11-10,2015-11-10,NT 10-Q,0001347652-15-000013,0
1347652,early_warning,1,late_annual_report,2019-03-20,2019-03-20,NT 10-K,0001140361-19-005235,0
1347652,early_warning,1,material_impairment,2020-07-07,2020-07-07,8-K,0001347652-20-000066,1
1347652,stress,2,restatement_non_reliance,2023-03-07,2023-03-07,8-K,0001347652-23-000021,0
1347652,stress,2,restatement_non_reliance,2023-03-24,2023-03-24,8-K/A,0001347652-23-000029,0
1347652,stress,2,listing_rule_failure,2023-09-13,2023-09-13,8-K,0001347652-23-000070,0
1347652,stress,2,listing_rule_failure,2023-12-04,2023-12-04,8-K,0001347652-23-000083,0
1347652,near_default,3,debt_acceleration,2024-02-16,2024-02-16,8-K,0001347652-24-000011,0
1347652,default,4,chapter11_petition,2024-02-25,2024-02-26,8-K,0001347652-24-000017,0
1347652,near_default,3,debt_acceleration,2024-02-26,2024-02-26,8-K,0001347652-24-000017,0
1347652,stress,2,listing_rule_failure,2024-02-26,2024-02-26,8-K,0001347652-24-000017,0
1347652,near_default,3,delisting_by_exchange,2024-02-27,2024-02-27,25-NSE,0000876661-24-000114,0
1347652,early_warning,1,late_annual_report,2024-04-01,2024-04-01,NT 10-K,0001347652-24-000041,0
1347652,early_warning,1,material_impairment,2024-04-17,2024-04-17,8-K,0001347652-24-000044,1
1347652,early_warning,1,auditor_change,2024-05-10,2024-05-10,8-K,0001347652-24-000046,1
1353538,early_warning,1,late_quarterly_report,2015-11-16,2015-11-16,NT 10-Q,0001144204-15-065958,0
1353538,early_warning,1,late_quarterly_report,2016-02-16,2016-02-16,NT 10-Q,0001144204-16-082537,0
1353538,early_warning,1,late_annual_report,2016-06-30,2016-06-30,NT 10-K,0001144204-16-110684,0
1353538,early_warning,1,late_quarterly_report,2016-08-15,2016-08-15,NT 10-Q,0001144204-16-119375,0
1353538,early_warning,1,late_annual_report,2017-06-30,2017-06-30,NT 10-K,0001615774-17-003421,0
1353538,early_warning,1,late_quarterly_report,2017-11-14,2017-11-14,NT 10-Q,0001615774-17-006693,0
1353538,early_warning,1,late_quarterly_report,2019-02-14,2019-02-14,NT 10-Q,0001615774-19-002448,0
1353538,early_warning,1,late_annual_report,2019-07-01,2019-07-01,NT 10-K,0001213900-19-011811,0
1353538,early_warning,1,auditor_change,2021-10-15,2021-10-15,8-K,0001213900-21-052921,1
1353538,early_warning,1,exit_or_disposal_costs,2022-07-25,2022-07-25,8-K,0001213900-22-041296,1
1353538,stress,2,restatement_non_reliance,2022-11-08,2022-11-08,8-K,0001628280-22-028963,0
1353538,early_warning,1,exit_or_disposal_costs,2023-02-06,2023-02-06,8-K,0001628280-23-002415,1
1353538,early_warning,1,late_quarterly_report,2023-08-14,2023-08-14,NT 10-Q,0001628280-23-029448,0
1353538,early_warning,1,late_annual_report,2024-04-01,2024-04-01,NT 10-K,0001628280-24-014017,0
1353538,default,4,chapter11_petition,2024-05-06,2024-05-06,8-K,0001628280-24-020689,0
1353538,near_default,3,debt_acceleration,2024-05-06,2024-05-06,8-K,0001628280-24-020689,0
1355096,near_default,3,delisting_by_exchange,2018-03-09,2018-03-09,25-NSE,0001354457-18-000053,0
1355096,stress,2,listing_rule_failure,2018-03-15,2018-03-15,8-K,0001104659-18-017857,0
1355096,stress,2,listing_rule_failure,2023-05-01,2023-05-01,8-K,0001355096-23-000014,0
1355096,stress,2,listing_rule_failure,2023-09-14,2023-09-14,8-K,0001355096-23-000048,0
1355096,stress,2,listing_rule_failure,2024-06-10,2024-06-10,8-K,0001355096-24-000027,0
1355096,stress,2,listing_rule_failure,2024-12-03,2024-12-03,8-K,0001355096-24-000050,0
1355096,stress,2,listing_rule_failure,2024-12-10,2024-12-10,8-K,0001355096-24-000052,0
1355096,stress,2,listing_rule_failure,2025-05-16,2025-05-16,8-K,0001104659-25-049822,0
1355096,near_default,3,delisting_filed,2025-05-27,2025-05-27,25,0001104659-25-052986,0
1355096,early_warning,1,late_annual_report,2026-04-01,2026-04-01,NT 10-K,0001104659-26-037941,0
1355096,default,4,chapter11_petition,2026-04-16,2026-04-17,8-K,0001104659-26-044521,0
1355096,near_default,3,debt_acceleration,2026-04-17,2026-04-17,8-K,0001104659-26-044521,0
1355096,stress,2,listing_rule_failure,2026-04-20,2026-04-20,8-K,0001355096-26-000015,0
1355096,near_default,3,delisting_by_exchange,2026-06-08,2026-06-08,25-NSE,0001354457-26-000540,0
1365916,early_warning,1,late_annual_report,2015-03-16,2015-03-16,NT 10-K,0001171843-15-001446,0
1365916,early_warning,1,late_annual_report,2016-03-15,2016-03-15,NT 10-K,0001171843-16-008593,0
1365916,stress,2,listing_rule_failure,2016-06-20,2016-06-20,8-K,0001171843-16-010749,0
1365916,stress,2,listing_rule_failure,2016-12-23,2016-12-23,8-K,0001171843-16-013773,0
1365916,early_warning,1,late_annual_report,2017-04-03,2017-04-03,NT 10-K,0001171843-17-001901,0
1365916,early_warning,1,auditor_change,2017-06-15,2017-06-15,8-K,0001171843-17-003656,1
1365916,early_warning,1,auditor_change,2017-06-29,2017-06-29,8-K,0001171843-17-003870,1
1365916,early_warning,1,late_quarterly_report,2017-11-15,2017-11-15,NT 10-Q,0001171843-17-007064,0
1365916,early_warning,1,late_annual_report,2018-04-02,2018-04-02,NT 10-K,0001171843-18-002473,0
1365916,early_warning,1,late_quarterly_report,2018-05-16,2018-05-16,NT 10-Q,0001171843-18-003985,0
1365916,early_warning,1,late_quarterly_report,2018-11-15,2018-11-15,NT 10-Q,0001171843-18-007990,0
1365916,early_warning,1,late_annual_report,2019-03-19,2019-03-19,NT 10-K,0001171843-19-001831,0
1365916,stress,2,listing_rule_failure,2019-04-09,2019-04-09,8-K,0001171843-19-002314,0
1365916,stress,2,restatement_non_reliance,2019-04-11,2019-04-11,8-K,0001171843-19-002369,0
1365916,near_default,3,debt_acceleration,2019-04-19,2019-04-19,8-K,0001171843-19-002520,0
1365916,early_warning,1,late_quarterly_report,2019-05-13,2019-05-13,NT 10-Q,0001171843-19-003319,0
1365916,stress,2,restatement_non_reliance,2019-05-16,2019-05-16,8-K,0001171843-19-003428,0
1365916,early_warning,1,auditor_change,2019-05-16,2019-05-16,8-K,0001171843-19-003428,1
1365916,early_warning,1,auditor_change,2019-07-11,2019-07-11,8-K,0001171843-19-004514,1
1365916,near_default,3,debt_acceleration,2019-07-19,2019-07-19,8-K,0001171843-19-004669,0
1365916,early_warning,1,late_quarterly_report,2019-08-12,2019-08-12,NT 10-Q,0001171843-19-005420,0
1365916,stress,2,listing_rule_failure,2019-10-07,2019-10-07,8-K,0001171843-19-006394,0
1365916,stress,2,listing_rule_failure,2020-04-24,2020-04-24,8-K,0001365916-20-000054,0
1365916,near_default,3,debt_acceleration,2020-06-04,2020-06-04,8-K,0001365916-20-000092,0
1365916,early_warning,1,late_annual_report,2022-03-02,2022-03-02,NT 10-K,0001365916-22-000030,0
1365916,stress,2,listing_rule_failure,2023-05-26,2023-05-26,8-K,0001365916-23-000063,0
1365916,stress,2,listing_rule_failure,2023-06-26,2023-06-26,8-K,0001365916-23-000075,0
1365916,default,4,chapter11_petition,2023-08-09,2023-08-10,8-K,0001365916-23-000094,0
1365916,near_default,3,debt_acceleration,2023-08-10,2023-08-10,8-K,0001365916-23-000094,0
1365916,early_warning,1,exit_or_disposal_costs,2023-08-10,2023-08-10,8-K,0001365916-23-000094,1
1365916,early_warning,1,late_quarterly_report,2023-08-10,2023-08-10,NT 10-Q,0001365916-23-000095,0
1365916,stress,2,listing_rule_failure,2023-08-11,2023-08-11,8-K,0001365916-23-000099,0
1365916,near_default,3,delisting_by_exchange,2023-09-08,2023-09-08,25-NSE,0001354457-23-000646,0
1365916,early_warning,1,late_quarterly_report,2023-11-13,2023-11-13,NT 10-Q,0001365916-23-000139,0
1365916,early_warning,1,exit_or_disposal_costs,2023-12-29,2023-12-29,8-K,0001365916-23-000151,1
1365916,early_warning,1,auditor_change,2024-02-09,2024-02-09,8-K,0001365916-24-000008,1
1365916,early_warning,1,exit_or_disposal_costs,2024-02-09,2024-02-09,8-K,0001365916-24-000008,1
1365916,early_warning,1,late_annual_report,2024-04-02,2024-04-02,NT 10-K,0001193125-24-084014,0
1370946,early_warning,1,material_impairment,2025-02-14,2025-02-14,8-K,0001370946-25-000070,1
1370946,early_warning,1,material_impairment,2025-04-30,2025-04-30,8-K/A,0001370946-25-000163,1
1370946,early_warning,1,material_impairment,2026-04-15,2026-04-15,8-K,0001370946-26-000129,1
1377630,near_default,3,debt_acceleration,2016-08-19,2016-08-19,8-K,0001193125-16-686539,0
1377630,early_warning,1,late_annual_report,2018-03-14,2018-03-14,NT 10-K,0001193125-18-081240,0
1377630,near_default,3,debt_acceleration,2019-10-08,2019-10-08,8-K,0001377630-19-000114,0
1377630,stress,2,listing_rule_failure,2020-04-02,2020-04-02,8-K,0001377630-20-000080,0
1377630,stress,2,listing_rule_failure,2022-11-03,2022-11-03,8-K,0001377630-22-000151,0
1377630,early_warning,1,late_annual_report,2023-03-29,2023-03-29,NT 10-K,0001377630-23-000046,0
1377630,default,4,chapter11_petition,2023-04-11,2023-04-12,8-K,0001377630-23-000056,0
1377630,near_default,3,debt_acceleration,2023-04-12,2023-04-12,8-K,0001377630-23-000056,0
1377630,stress,2,listing_rule_failure,2023-04-21,2023-04-21,8-K,0001377630-23-000063,0
1377630,stress,2,listing_rule_failure,2023-05-02,2023-05-02,8-K,0001377630-23-000066,0
1377630,stress,2,listing_rule_failure,2023-06-15,2023-06-15,8-K,0001377630-23-000080,0
1377630,early_warning,1,auditor_change,2024-03-22,2024-03-22,8-K,0001377630-24-000048,1
1385157,early_warning,1,exit_or_disposal_costs,2019-04-24,2019-04-24,8-K,0001104659-19-023211,1
1385157,early_warning,1,exit_or_disposal_costs,2019-07-24,2019-07-24,8-K/A,0001104659-19-041508,1
1385157,early_warning,1,exit_or_disposal_costs,2019-10-30,2019-10-30,8-K,0001104659-19-057468,1
1385157,near_default,3,delisting_by_exchange,2023-03-02,2023-03-02,25-NSE,0000876661-23-000168,0
1385157,early_warning,1,exit_or_disposal_costs,2023-03-16,2023-03-16,8-K,0001104659-23-032991,1
1385157,near_default,3,delisting_by_exchange,2024-09-30,2024-09-30,25-NSE,0000876661-24-000890,0
1385157,near_default,3,delisting_by_exchange,2025-02-14,2025-02-14,25-NSE,0000876661-25-000124,0
1391127,early_warning,1,exit_or_disposal_costs,2015-10-22,2015-10-22,8-K,0001391127-15-000111,1
1391127,early_warning,1,exit_or_disposal_costs,2022-12-14,2022-12-14,8-K,0001628280-22-031915,1
1391127,stress,2,restatement_non_reliance,2023-03-13,2023-03-13,8-K,0001193125-23-068486,0
1391127,early_warning,1,late_annual_report,2023-03-13,2023-03-13,NT 10-K,0001193125-23-068491,0
1391127,stress,2,listing_rule_failure,2023-03-27,2023-03-27,8-K,0001193125-23-080637,0
1391127,stress,2,listing_rule_failure,2023-05-01,2023-05-01,8-K,0001193125-23-130745,0
1391127,early_warning,1,late_quarterly_report,2023-05-10,2023-05-10,NT 10-Q,0001193125-23-140694,0
1391127,stress,2,listing_rule_failure,2023-05-17,2023-05-17,8-K,0001193125-23-147107,0
1391127,early_warning,1,exit_or_disposal_costs,2023-06-07,2023-06-07,8-K,0001193125-23-162681,1
1391127,early_warning,1,late_quarterly_report,2023-08-10,2023-08-10,NT 10-Q,0001193125-23-209205,0
1391127,stress,2,listing_rule_failure,2023-08-18,2023-08-18,8-K,0001193125-23-215978,0
1391127,stress,2,listing_rule_failure,2023-10-26,2023-10-26,8-K,0001193125-23-264190,0
1391127,early_warning,1,late_quarterly_report,2023-11-13,2023-11-13,NT 10-Q,0001193125-23-276204,0
1391127,early_warning,1,auditor_change,2023-12-21,2023-12-21,8-K,0001193125-23-301335,1
1391127,early_warning,1,auditor_change,2024-01-29,2024-01-29,8-K,0001193125-24-017331,1
1391127,early_warning,1,exit_or_disposal_costs,2024-03-07,2024-03-07,8-K,0001193125-24-061295,1
1391127,early_warning,1,late_annual_report,2024-03-18,2024-03-18,NT 10-K,0001193125-24-069313,0
1391127,stress,2,listing_rule_failure,2024-04-05,2024-04-05,8-K,0001193125-24-087862,0
1391127,early_warning,1,late_quarterly_report,2024-05-13,2024-05-13,NT 10-Q,0001193125-24-137325,0
1391127,stress,2,listing_rule_failure,2024-05-21,2024-05-21,8-K,0001193125-24-143964,0
1391127,stress,2,listing_rule_failure,2024-07-03,2024-07-03,8-K/A,0001193125-24-174422,0
1391127,early_warning,1,late_quarterly_report,2024-08-12,2024-08-12,NT 10-Q,0001193125-24-198322,0
1391127,default,4,chapter11_petition,2024-09-09,2024-09-09,8-K,0001193125-24-215572,0
1391127,near_default,3,debt_acceleration,2024-09-09,2024-09-09,8-K,0001193125-24-215572,0
1391127,stress,2,listing_rule_failure,2024-09-13,2024-09-13,8-K,0001193125-24-218466,0
1391127,near_default,3,delisting_by_exchange,2024-10-15,2024-10-15,25-NSE,0001354457-24-000792,0
1396033,default,4,chapter11_petition,2024-08-11,2024-08-12,8-K,0001193125-24-198385,0
1396033,near_default,3,debt_acceleration,2024-08-12,2024-08-12,8-K,0001193125-24-198385,0
1396033,early_warning,1,exit_or_disposal_costs,2024-08-12,2024-08-12,8-K,0001193125-24-198385,1
1396033,early_warning,1,late_quarterly_report,2024-08-12,2024-08-12,NT 10-Q,0001193125-24-198391,0
1396033,stress,2,listing_rule_failure,2024-08-13,2024-08-13,8-K,0001193125-24-199834,0
1396033,near_default,3,delisting_by_exchange,2024-08-14,2024-08-14,25-NSE,0000876661-24-000763,0
1399935,stress,2,listing_rule_failure,2019-02-04,2019-02-04,8-K,0001144204-19-004851,0
1399935,early_warning,1,late_annual_report,2019-04-18,2019-04-18,NT 10-K,0001144204-19-020262,0
1399935,early_warning,1,material_impairment,2020-11-16,2020-11-16,8-K,0001104659-20-125480,1
1399935,default,4,chapter11_petition,2020-12-03,2020-12-04,8-K,0001104659-20-132137,0
1399935,near_default,3,debt_acceleration,2020-12-04,2020-12-04,8-K,0001104659-20-132137,0
1399935,stress,2,listing_rule_failure,2020-12-07,2020-12-07,8-K,0001104659-20-132839,0
1399935,early_warning,1,late_quarterly_report,2020-12-15,2020-12-15,NT 10-Q,0001104659-20-135464,0
1399935,early_warning,1,exit_or_disposal_costs,2021-02-03,2021-02-03,8-K,0001104659-21-011546,1
1399935,near_default,3,delisting_by_exchange,2021-04-26,2021-04-26,25-NSE,0001354457-21-000510,0
1401708,early_warning,1,auditor_change,2020-03-20,2020-03-20,8-K,0001401708-20-000088,1
1401708,early_warning,1,exit_or_disposal_costs,2022-11-07,2022-11-07,8-K,0001401708-22-000152,1
1401708,early_warning,1,exit_or_disposal_costs,2023-10-10,2023-10-10,8-K,0001401708-23-000225,1
1401708,stress,2,listing_rule_failure,2024-01-05,2024-01-05,8-K,0001401708-24-000004,0
1401708,early_warning,1,exit_or_disposal_costs,2024-01-05,2024-01-05,8-K,0001401708-24-000004,1
1401708,default,4,chapter11_petition,2024-02-05,2024-02-05,8-K,0001401708-24-000012,0
1401708,near_default,3,debt_acceleration,2024-02-05,2024-02-05,8-K,0001401708-24-000012,0
1401708,stress,2,listing_rule_failure,2024-02-08,2024-02-08,8-K,0001401708-24-000019,0
1401708,early_warning,1,late_annual_report,2024-03-15,2024-03-15,NT 10-K,0001401708-24-000041,0
1401708,near_default,3,delisting_by_exchange,2024-04-09,2024-04-09,25-NSE,0001354457-24-000250,0
1401708,early_warning,1,late_quarterly_report,2024-05-10,2024-05-10,NT 10-Q,0001401708-24-000094,0
1402057,near_default,3,debt_acceleration,2015-03-03,2015-03-03,8-K,0001193125-15-075146,0
1402057,near_default,3,debt_acceleration,2017-03-02,2017-03-02,8-K,0001193125-17-067674,0
1402057,near_default,3,debt_acceleration,2019-09-26,2019-09-26,8-K,0001193125-19-256068,0
1402057,near_default,3,debt_acceleration,2020-08-13,2020-08-13,8-K,0001193125-20-219159,0
1403161,near_default,3,debt_acceleration,2017-09-11,2017-09-11,8-K,0001193125-17-281776,0
1403161,near_default,3,delisting_by_exchange,2026-06-15,2026-06-15,25-NSE,0000876661-26-000531,0
1403568,near_default,3,delisting_by_exchange,2017-01-30,2017-01-30,25-NSE,0001354457-17-000026,0
1411342,near_default,3,delisting_by_exchange,2019-03-04,2019-03-04,25-NSE,0000876661-19-000175,0
1411342,stress,2,listing_rule_failure,2019-03-04,2019-03-04,8-K,0001411342-19-000027,0
1411342,near_default,3,delisting_by_exchange,2024-12-13,2024-12-13,25-NSE,0000876661-24-001160,0
1411342,near_default,3,delisting_by_exchange,2026-02-27,2026-02-27,25-NSE,0000876661-26-000184,0
1411579,early_warning,1,auditor_change,2019-11-20,2019-11-20,8-K,0001411579-19-000066,1
1411579,near_default,3,debt_acceleration,2022-02-02,2022-02-02,8-K,0001104659-22-010606,0
1411579,near_default,3,debt_acceleration,2022-02-07,2022-02-07,8-K,0001104659-22-012143,0
1411579,near_default,3,debt_acceleration,2022-10-14,2022-10-14,8-K,0001104659-22-108904,0
1411579,near_default,3,delisting_by_exchange,2023-08-25,2023-08-25,25-NSE,0000876661-23-000680,0
1411579,near_default,3,debt_acceleration,2026-02-23,2026-02-23,8-K,0001104659-26-018352,0
1411579,near_default,3,debt_acceleration,2026-06-25,2026-06-25,8-K,0001104659-26-077513,0
1411688,early_warning,1,exit_or_disposal_costs,2017-05-23,2017-05-23,8-K,0001104659-17-034597,1
1411688,stress,2,listing_rule_failure,2024-05-14,2024-05-14,8-K,0001628280-24-023049,0
1411688,near_default,3,delisting_by_exchange,2024-12-10,2024-12-10,25-NSE,0000876661-24-001154,0
1411688,stress,2,listing_rule_failure,2024-12-10,2024-12-10,8-K,0001104659-24-127224,0
1411688,default,4,chapter11_petition,2024-12-22,2024-12-23,8-K,0001104659-24-131067,0
1411688,near_default,3,debt_acceleration,2024-12-23,2024-12-23,8-K,0001104659-24-131067,0
1415404,near_default,3,debt_acceleration,2025-05-30,2025-05-30,8-K,0001415404-25-000017,0
1415404,near_default,3,debt_acceleration,2025-06-02,2025-06-02,8-K,0001415404-25-000024,0
1415404,near_default,3,debt_acceleration,2025-06-27,2025-06-27,8-K,0001415404-25-000031,0
1415404,near_default,3,debt_acceleration,2026-06-01,2026-06-01,8-K,0001415404-26-000020,0
1415404,default,4,chapter11_petition,2026-08-02,2026-08-03,8-K,0001415404-26-000038,0
1415404,near_default,3,debt_acceleration,2026-08-03,2026-08-03,8-K,0001415404-26-000038,0
1418100,early_warning,1,late_quarterly_report,2019-02-15,2019-02-15,NT 10-Q,0001193125-19-041431,0
1418100,early_warning,1,late_quarterly_report,2022-08-09,2022-08-09,NT 10-Q,0001418100-22-000083,0
1418100,early_warning,1,material_impairment,2022-08-09,2022-08-09,8-K,0001418100-22-000082,1
1418100,stress,2,listing_rule_failure,2022-08-16,2022-08-16,8-K,0001418100-22-000085,0
1418100,early_warning,1,exit_or_disposal_costs,2022-09-06,2022-09-06,8-K,0001418100-22-000087,1
1418100,early_warning,1,late_annual_report,2022-11-30,2022-11-30,NT 10-K,0001418100-22-000110,0
1418100,stress,2,listing_rule_failure,2022-12-30,2022-12-30,8-K,0001418100-22-000121,0
1418100,early_warning,1,exit_or_disposal_costs,2023-01-13,2023-01-13,8-K,0001418100-23-000003,1
1418100,early_warning,1,late_quarterly_report,2023-02-10,2023-02-10,NT 10-Q,0001418100-23-000010,0
1418100,default,4,chapter11_petition,2023-02-14,2023-02-14,8-K,0001193125-23-039349,0
1418100,near_default,3,debt_acceleration,2023-02-14,2023-02-14,8-K,0001193125-23-039349,0
1418100,near_default,3,delisting_by_exchange,2023-02-15,2023-02-15,25-NSE,0000876661-23-000119,0
1418100,stress,2,listing_rule_failure,2023-02-22,2023-02-22,8-K,0001193125-23-044808,0
1418135,stress,2,listing_rule_failure,2020-09-08,2020-09-08,8-K,0001418135-20-000024,0
1418135,near_default,3,delisting_filed,2020-09-18,2020-09-18,25,0001418135-20-000027,0
1423689,near_default,3,delisting_by_exchange,2017-09-14,2017-09-14,25-NSE,0001354457-17-000183,0
1423689,near_default,3,delisting_by_exchange,2019-11-25,2019-11-25,25-NSE,0001354457-19-000622,0
1446687,early_warning,1,late_annual_report,2017-03-31,2017-03-31,NT 10-K,0001446687-17-000014,0
1446687,early_warning,1,late_quarterly_report,2017-05-15,2017-05-15,NT 10-Q,0001446687-17-000034,0
1446687,early_warning,1,auditor_change,2018-02-09,2018-02-09,8-K,0001446687-18-000011,1
1446687,early_warning,1,late_annual_report,2019-04-01,2019-04-01,NT 10-K,0001446687-19-000007,0
1446687,early_warning,1,late_quarterly_report,2019-05-15,2019-05-15,NT 10-Q,0001446687-19-000015,0
1446687,early_warning,1,late_quarterly_report,2019-08-15,2019-08-15,NT 10-Q,0001446687-19-000029,0
1446687,early_warning,1,auditor_change,2019-12-18,2019-12-18,8-K,0001446687-19-000052,1
1446687,early_warning,1,late_quarterly_report,2020-11-16,2020-11-16,NT 10-Q,0001446687-20-000061,0
1446687,early_warning,1,late_annual_report,2021-03-31,2021-03-31,NT 10-K,0001446687-21-000010,0
1446687,early_warning,1,late_quarterly_report,2022-05-16,2022-05-16,NT 10-Q,0001446687-22-000007,0
1446687,early_warning,1,late_annual_report,2023-03-30,2023-03-30,NT 10-K,0001446687-23-000009,0
1446687,early_warning,1,late_quarterly_report,2023-05-15,2023-05-15,NT 10-Q,0001446687-23-000021,0
1446687,default,4,chapter11_petition,2023-09-13,2023-09-14,8-K,0001446687-23-000050,0
1446687,near_default,3,debt_acceleration,2023-09-14,2023-09-14,8-K,0001446687-23-000050,0
1446687,early_warning,1,late_quarterly_report,2023-11-14,2023-11-14,NT 10-Q,0001446687-23-000058,0
1446687,early_warning,1,auditor_change,2023-12-04,2023-12-04,8-K,0001446687-23-000085,1
1446687,early_warning,1,auditor_change,2024-01-09,2024-01-09,8-K,0001446687-24-000008,1
1446687,early_warning,1,auditor_change,2024-01-19,2024-01-19,8-K,0001446687-24-000037,1
1446687,early_warning,1,late_annual_report,2024-03-29,2024-03-29,NT 10-K,0001446687-24-000066,0
1446687,early_warning,1,late_quarterly_report,2024-05-14,2024-05-14,NT 10-Q,0001628280-24-023163,0
1446687,early_warning,1,late_quarterly_report,2024-08-14,2024-08-14,NT 10-Q,0001628280-24-037077,0
1446687,early_warning,1,late_quarterly_report,2024-11-14,2024-11-14,NT 10-Q,0001446687-24-000086,0
1446687,early_warning,1,auditor_change,2024-12-26,2024-12-26,8-K,0001446687-24-000102,1
1446687,early_warning,1,late_annual_report,2025-03-31,2025-03-31,NT 10-K,0001446687-25-000006,0
1446687,early_warning,1,late_quarterly_report,2025-05-16,2025-05-16,NT 10-Q,0001446687-25-000015,0
1446687,early_warning,1,late_quarterly_report,2025-08-14,2025-08-14,NT 10-Q,0001446687-25-000123,0
1446687,near_default,3,debt_acceleration,2025-09-02,2025-09-02,8-K,0001446687-25-000132,0
1446687,early_warning,1,late_quarterly_report,2025-11-17,2025-11-17,NT 10-Q,0001446687-25-000186,0
1446687,near_default,3,debt_acceleration,2026-06-08,2026-06-08,8-K,0001437749-26-019764,0
1455684,early_warning,1,exit_or_disposal_costs,2022-12-02,2022-12-02,8-K,0001171843-22-007795,1
1455684,early_warning,1,exit_or_disposal_costs,2023-08-11,2023-08-11,8-K,0001171843-23-005270,1
1455684,early_warning,1,material_impairment,2023-08-11,2023-08-11,8-K,0001171843-23-005270,1
1455684,early_warning,1,material_impairment,2024-06-17,2024-06-17,8-K,0001193125-24-162590,1
1455684,early_warning,1,exit_or_disposal_costs,2024-12-31,2024-12-31,8-K,0001171843-24-007129,1
1455684,stress,2,listing_rule_failure,2025-05-08,2025-05-08,8-K,0001171843-25-002983,0
1455684,stress,2,listing_rule_failure,2025-05-12,2025-05-12,8-K,0001171843-25-003086,0
1455684,default,4,chapter11_petition,2025-08-11,2025-08-15,8-K,0001171843-25-005450,0
1455684,near_default,3,debt_acceleration,2025-08-15,2025-08-15,8-K,0001171843-25-005450,0
1455684,stress,2,listing_rule_failure,2025-08-15,2025-08-15,8-K,0001171843-25-005450,0
1455684,near_default,3,delisting_by_exchange,2025-09-18,2025-09-18,25-NSE,0001354457-25-000923,0
1455684,near_default,3,debt_acceleration,2026-03-05,2026-03-05,8-K,0001193125-26-094276,0
1456772,stress,2,listing_rule_failure,2016-06-20,2016-06-20,8-K,0001104659-16-128203,0
1456772,near_default,3,delisting_filed,2016-06-30,2016-06-30,25,0001104659-16-130394,0
1456772,near_default,3,delisting_filed,2016-06-30,2016-06-30,25,0001104659-16-130393,0
1456772,early_warning,1,auditor_change,2020-06-15,2020-06-15,8-K,0001104659-20-073182,1
1456772,near_default,3,delisting_by_exchange,2021-06-11,2021-06-11,25-NSE,0001354457-21-000647,0
1456772,stress,2,listing_rule_failure,2025-03-26,2025-03-26,8-K,0001104659-25-028016,0
1456772,stress,2,listing_rule_failure,2025-10-01,2025-10-01,8-K,0001104659-25-095186,0
1456772,default,4,chapter11_petition,2025-10-30,2025-10-31,8-K,0001104659-25-104631,0
1456772,near_default,3,debt_acceleration,2025-10-31,2025-10-31,8-K,0001104659-25-104631,0
1456772,near_default,3,delisting_by_exchange,2025-11-14,2025-11-14,25-NSE,0001354457-25-001127,0
1456772,early_warning,1,late_quarterly_report,2026-05-15,2026-05-15,NT 10-Q,0001104659-26-062797,0
1459417,early_warning,1,late_annual_report,2016-02-29,2016-02-29,NT 10-K,0001104659-16-101032,0
1459417,early_warning,1,exit_or_disposal_costs,2022-07-28,2022-07-28,8-K,0001193125-22-204805,1
1459417,stress,2,listing_rule_failure,2024-03-15,2024-03-15,8-K,0001459417-24-000014,0
1459417,default,4,chapter11_petition,2024-07-24,2024-07-25,8-K,0001193125-24-184277,0
1459417,near_default,3,debt_acceleration,2024-07-25,2024-07-25,8-K,0001193125-24-184277,0
1459417,stress,2,listing_rule_failure,2024-08-01,2024-08-01,8-K,0001193125-24-191570,0
1459417,near_default,3,delisting_by_exchange,2024-09-06,2024-09-06,25-NSE,0001354457-24-000658,0
1466301,near_default,3,debt_acceleration,2022-12-02,2022-12-02,8-K,0001193125-22-297593,0
1466301,default,4,chapter11_petition,2022-12-13,2022-12-13,8-K,0001193125-22-303179,0
1466301,near_default,3,debt_acceleration,2022-12-13,2022-12-13,8-K,0001193125-22-303179,0
1466301,stress,2,listing_rule_failure,2022-12-13,2022-12-13,8-K,0001193125-22-303183,0
1466301,near_default,3,delisting_by_exchange,2022-12-29,2022-12-29,25-NSE,0001354457-22-000797,0
1467154,early_warning,1,auditor_change,2018-04-18,2018-04-18,8-K,0001564590-18-008408,1
1467154,stress,2,listing_rule_failure,2019-01-18,2019-01-18,8-K,0001467154-19-000008,0
1467154,stress,2,listing_rule_failure,2020-04-23,2020-04-23,8-K,0001467154-20-000055,0
1467154,stress,2,restatement_non_reliance,2020-05-15,2020-05-15,8-K,0001467154-20-000059,0
1467154,early_warning,1,late_quarterly_report,2020-05-15,2020-05-15,NT 10-Q,0001467154-20-000060,0
1467154,early_warning,1,exit_or_disposal_costs,2020-07-16,2020-07-16,8-K,0001467154-20-000095,1
1467154,early_warning,1,material_impairment,2020-07-16,2020-07-16,8-K,0001467154-20-000095,1
1467154,stress,2,listing_rule_failure,2020-11-04,2020-11-04,8-K,0001467154-20-000156,0
1467154,near_default,3,debt_acceleration,2022-07-19,2022-07-19,8-K,0001467154-22-000108,0
1467154,early_warning,1,exit_or_disposal_costs,2023-05-31,2023-05-31,8-K,0001467154-23-000051,1
1467154,stress,2,listing_rule_failure,2023-07-06,2023-07-06,8-K,0001467154-23-000077,0
1467154,default,4,chapter11_petition,2023-07-17,2023-07-17,8-K,0001467154-23-000081,0
1467154,stress,2,listing_rule_failure,2023-07-17,2023-07-17,8-K,0001467154-23-000084,0
1467154,near_default,3,delisting_by_exchange,2023-09-08,2023-09-08,25-NSE,0001354457-23-000654,0
1467858,early_warning,1,exit_or_disposal_costs,2015-03-18,2015-03-18,8-K,0001467858-15-000097,1
1467858,near_default,3,delisting_by_exchange,2015-12-31,2015-12-31,25-NSE,0000876661-15-000671,0
1467858,near_default,3,delisting_by_exchange,2016-07-05,2016-07-05,25-NSE,0000876661-16-001074,0
1467858,early_warning,1,exit_or_disposal_costs,2017-03-06,2017-03-06,8-K,0001467858-17-000060,1
1467858,early_warning,1,auditor_change,2017-09-29,2017-09-29,8-K,0001467858-17-000123,1
1467858,early_warning,1,auditor_change,2018-02-12,2018-02-12,8-K/A,0001467858-18-000025,1
1467858,early_warning,1,exit_or_disposal_costs,2018-02-13,2018-02-13,8-K,0001467858-18-000028,1
1467858,early_warning,1,material_impairment,2018-02-13,2018-02-13,8-K,0001467858-18-000028,1
1467858,early_warning,1,exit_or_disposal_costs,2018-11-27,2018-11-27,8-K,0001193125-18-334127,1
1467858,near_default,3,delisting_by_exchange,2019-07-10,2019-07-10,25-NSE,0000876661-19-000731,0
1467858,early_warning,1,exit_or_disposal_costs,2020-02-18,2020-02-18,8-K,0001467858-20-000050,1
1467858,early_warning,1,material_impairment,2024-12-04,2024-12-04,8-K,0001193125-24-270298,1
1467858,early_warning,1,material_impairment,2025-10-14,2025-10-14,8-K,0001467858-25-000136,1
1483510,near_default,3,delisting_by_exchange,2016-03-30,2016-03-30,25-NSE,0000876661-16-000876,0
1483510,early_warning,1,exit_or_disposal_costs,2017-05-04,2017-05-04,8-K,0001483510-17-000057,1
1483510,early_warning,1,material_impairment,2017-05-04,2017-05-04,8-K,0001483510-17-000057,1
1483510,stress,2,listing_rule_failure,2020-10-02,2020-10-02,8-K,0001483510-20-000096,0
1483510,stress,2,listing_rule_failure,2023-03-30,2023-03-30,8-K,0001193125-23-085536,0
1483510,early_warning,1,exit_or_disposal_costs,2023-08-17,2023-08-17,8-K,0001193125-23-215072,1
1483510,stress,2,listing_rule_failure,2024-03-06,2024-03-06,8-K,0001193125-24-060821,0
1483510,near_default,3,delisting_by_exchange,2024-03-14,2024-03-14,25-NSE,0000876661-24-000164,0
1483510,default,4,chapter11_petition,2024-04-22,2024-04-22,8-K,0001193125-24-103828,0
1483510,near_default,3,debt_acceleration,2024-04-22,2024-04-22,8-K,0001193125-24-103828,0
1483510,early_warning,1,late_annual_report,2024-05-06,2024-05-06,NT 10-K,0001483510-24-000006,0
1484769,early_warning,1,auditor_change,2016-03-30,2016-03-30,8-K,0001398432-16-000550,1
1484769,early_warning,1,late_annual_report,2016-03-30,2016-03-30,NT 10-K,0001398432-16-000551,0
1484769,early_warning,1,late_annual_report,2017-04-03,2017-04-03,NT 10-K,0001493152-17-003279,0
1484769,early_warning,1,late_quarterly_report,2017-05-16,2017-05-16,NT 10-Q,0001493152-17-005423,0
1484769,early_warning,1,late_quarterly_report,2017-08-14,2017-08-14,NT 10-Q,0001493152-17-009165,0
1484769,early_warning,1,auditor_change,2017-11-14,2017-11-14,8-K,0001493152-17-013171,1
1484769,early_warning,1,late_quarterly_report,2017-11-14,2017-11-14,NT 10-Q,0001493152-17-013075,0
1484769,early_warning,1,late_annual_report,2018-03-30,2018-03-30,NT 10-K,0001493152-18-004260,0
1484769,early_warning,1,late_quarterly_report,2018-05-16,2018-05-16,NT 10-Q,0001493152-18-007212,0
1484769,early_warning,1,late_quarterly_report,2018-08-15,2018-08-15,NT 10-Q,0001493152-18-011926,0
1484769,early_warning,1,late_quarterly_report,2018-11-14,2018-11-14,NT 10-Q,0001493152-18-016125,0
1484769,early_warning,1,auditor_change,2019-01-22,2019-01-22,8-K,0001493152-19-000825,1
1484769,early_warning,1,auditor_change,2019-03-04,2019-03-04,8-K,0001493152-19-002845,1
1484769,early_warning,1,late_annual_report,2019-04-01,2019-04-01,NT 10-K,0001493152-19-004442,0
1484769,stress,2,restatement_non_reliance,2019-04-12,2019-04-12,8-K,0001493152-19-005224,0
1484769,early_warning,1,late_quarterly_report,2019-05-15,2019-05-15,NT 10-Q,0001493152-19-007330,0
1484769,early_warning,1,late_quarterly_report,2019-11-15,2019-11-15,NT 10-Q,0001493152-19-017681,0
1484769,early_warning,1,late_annual_report,2020-03-31,2020-03-31,NT 10-K,0001493152-20-005487,0
1484769,early_warning,1,auditor_change,2020-04-07,2020-04-07,8-K,0001493152-20-006005,1
1484769,early_warning,1,auditor_change,2020-04-14,2020-04-14,8-K/A,0001493152-20-006270,1
1484769,early_warning,1,auditor_change,2020-04-29,2020-04-29,8-K,0001493152-20-007332,1
1484769,early_warning,1,late_annual_report,2020-05-15,2020-05-15,NT 10-K,0001493152-20-009192,0
1484769,early_warning,1,late_quarterly_report,2020-06-29,2020-06-29,NT 10-Q,0001493152-20-012108,0
1484769,stress,2,restatement_non_reliance,2020-08-11,2020-08-11,8-K,0001493152-20-015140,0
1484769,stress,2,restatement_non_reliance,2020-09-15,2020-09-15,8-K,0001493152-20-017813,0
1484769,early_warning,1,auditor_change,2020-09-24,2020-09-24,8-K,0001493152-20-018274,1
1484769,early_warning,1,auditor_change,2025-05-27,2025-05-27,8-K,0001641172-25-012471,1
1486159,stress,2,listing_rule_failure,2019-12-12,2019-12-12,8-K,0001486159-19-000042,0
1486159,near_default,3,delisting_filed,2019-12-23,2019-12-23,25,0001486159-19-000047,0
1486159,stress,2,listing_rule_failure,2020-04-28,2020-04-28,8-K,0001486159-20-000029,0
1486159,near_default,3,debt_acceleration,2020-04-30,2020-04-30,8-K,0001486159-20-000033,0
1486159,early_warning,1,late_quarterly_report,2020-05-12,2020-05-12,NT 10-Q,0001486159-20-000040,0
1486159,stress,2,listing_rule_failure,2020-08-10,2020-08-10,8-K,0001486159-20-000066,0
1486159,default,4,chapter11_petition,2020-09-30,2020-09-30,8-K,0001486159-20-000075,0
1486159,near_default,3,debt_acceleration,2020-09-30,2020-09-30,8-K,0001486159-20-000075,0
1486159,stress,2,listing_rule_failure,2020-10-02,2020-10-02,8-K,0001486159-20-000080,0
1486159,near_default,3,delisting_by_exchange,2020-10-27,2020-10-27,25-NSE,0001354457-20-000638,0
1492691,near_default,3,delisting_by_exchange,2017-09-11,2017-09-11,25-NSE,0000876661-17-000513,0
1492691,early_warning,1,auditor_change,2017-09-11,2017-09-11,8-K,0001144204-17-047372,1
1498710,stress,2,listing_rule_failure,2017-12-18,2017-12-18,8-K,0001498710-17-000189,0
1498710,near_default,3,delisting_filed,2017-12-28,2017-12-28,25,0001498710-17-000198,0
1498710,stress,2,restatement_non_reliance,2020-03-26,2020-03-26,8-K,0001498710-20-000118,0
1498710,early_warning,1,exit_or_disposal_costs,2020-08-03,2020-08-03,8-K,0001498710-20-000185,1
1498710,early_warning,1,late_quarterly_report,2024-11-13,2024-11-13,NT 10-Q,0001193125-24-256230,0
1498710,default,4,chapter11_petition,2024-11-18,2024-11-18,8-K,0000950103-24-016405,0
1498710,near_default,3,debt_acceleration,2024-11-18,2024-11-18,8-K,0000950103-24-016405,0
1498710,stress,2,listing_rule_failure,2024-11-20,2024-11-20,8-K,0000950103-24-016594,0
1498710,near_default,3,debt_acceleration,2024-11-29,2024-11-29,8-K,0000950103-24-016957,0
1498710,near_default,3,delisting_by_exchange,2024-12-05,2024-12-05,25-NSE,0000876661-24-001142,0
1498710,early_warning,1,late_quarterly_report,2025-05-12,2025-05-12,NT 10-Q,0000950103-25-005891,0
1498710,stress,2,listing_rule_failure,2025-05-27,2025-05-27,8-K,0001498710-25-000025,0
1498710,near_default,3,debt_acceleration,2025-08-29,2025-08-29,8-K,0000950103-25-011031,0
1498710,stress,2,listing_rule_failure,2025-09-03,2025-09-03,8-K,0000950103-25-011142,0
1498710,near_default,3,delisting_by_exchange,2025-09-11,2025-09-11,25-NSE,0001143313-25-000064,0
1501134,early_warning,1,exit_or_disposal_costs,2022-07-19,2022-07-19,8-K,0001193125-22-196486,1
1501134,early_warning,1,exit_or_disposal_costs,2022-11-09,2022-11-09,8-K/A,0001193125-22-280410,1
1501134,stress,2,listing_rule_failure,2023-09-22,2023-09-22,8-K,0001501134-23-000077,0
1501134,early_warning,1,exit_or_disposal_costs,2023-12-14,2023-12-14,8-K,0001501134-23-000117,1
1501134,early_warning,1,exit_or_disposal_costs,2024-01-12,2024-01-12,8-K/A,0001501134-24-000003,1
1501134,early_warning,1,exit_or_disposal_costs,2024-01-22,2024-01-22,8-K,0001501134-24-000007,1
1501134,early_warning,1,exit_or_disposal_costs,2024-01-24,2024-01-24,8-K/A,0001501134-24-000010,1
1501134,stress,2,listing_rule_failure,2024-02-06,2024-02-06,8-K,0001501134-24-000012,0
1501134,default,4,chapter11_petition,2024-02-13,2024-02-14,8-K,0001501134-24-000016,0
1501134,near_default,3,debt_acceleration,2024-02-14,2024-02-14,8-K,0001501134-24-000016,0
1501134,near_default,3,delisting_by_exchange,2024-02-21,2024-02-21,25-NSE,0000876661-24-000106,0
1510295,early_warning,1,exit_or_disposal_costs,2020-09-30,2020-09-30,8-K,0001510295-20-000098,1
1514732,stress,2,listing_rule_failure,2016-02-05,2016-02-05,8-K,0001514732-16-000134,0
1514732,stress,2,listing_rule_failure,2016-04-22,2016-04-22,8-K,0001514732-16-000148,0
1514732,stress,2,listing_rule_failure,2016-08-01,2016-08-01,8-K,0001193125-16-666545,0
1514732,stress,2,listing_rule_failure,2016-08-04,2016-08-04,8-K,0001514732-16-000238,0
1514732,early_warning,1,late_quarterly_report,2017-08-15,2017-08-15,NT 10-Q,0001514732-17-000082,0
1514732,stress,2,listing_rule_failure,2018-03-29,2018-03-29,8-K,0001514732-18-000050,0
1514732,stress,2,listing_rule_failure,2018-09-19,2018-09-19,8-K,0001564590-18-023317,0
1514732,early_warning,1,late_quarterly_report,2019-08-15,2019-08-15,NT 10-Q,0001193125-19-222607,0
1514732,stress,2,restatement_non_reliance,2019-08-16,2019-08-16,8-K,0001193125-19-222908,0
1514732,stress,2,listing_rule_failure,2019-08-22,2019-08-22,8-K,0001564590-19-032838,0
1514732,early_warning,1,late_quarterly_report,2019-11-15,2019-11-15,NT 10-Q,0001564590-19-043636,0
1514732,stress,2,listing_rule_failure,2019-11-22,2019-11-22,8-K,0001564590-19-044234,0
1514732,stress,2,listing_rule_failure,2020-02-14,2020-02-14,8-K,0001564590-20-004663,0
1514732,stress,2,listing_rule_failure,2020-05-05,2020-05-05,8-K,0001564590-20-021250,0
1514732,stress,2,listing_rule_failure,2020-06-17,2020-06-17,8-K,0001564590-20-029589,0
1514732,near_default,3,delisting_by_exchange,2020-08-11,2020-08-11,25-NSE,0001354457-20-000406,0
1514732,default,4,chapter11_petition,2020-08-27,2020-08-28,8-K,0001193125-20-234870,0
1514732,near_default,3,debt_acceleration,2020-08-28,2020-08-28,8-K,0001193125-20-234870,0
1519061,early_warning,1,exit_or_disposal_costs,2016-08-30,2016-08-30,8-K,0001104659-16-142106,1
1519061,early_warning,1,exit_or_disposal_costs,2019-12-04,2019-12-04,8-K,0001558370-19-011333,1
1519061,early_warning,1,exit_or_disposal_costs,2020-01-31,2020-01-31,8-K/A,0001558370-20-000397,1
1519061,near_default,3,delisting_by_exchange,2021-10-08,2021-10-08,25-NSE,0000876661-21-001469,0
1519061,early_warning,1,exit_or_disposal_costs,2022-12-19,2022-12-19,8-K,0001558370-22-018794,1
1519061,early_warning,1,exit_or_disposal_costs,2023-08-23,2023-08-23,8-K,0001558370-23-015229,1
1519061,early_warning,1,exit_or_disposal_costs,2023-10-30,2023-10-30,8-K/A,0001558370-23-016975,1
1519061,early_warning,1,exit_or_disposal_costs,2024-09-30,2024-09-30,8-K,0001558370-24-013089,1
1519061,early_warning,1,exit_or_disposal_costs,2024-11-19,2024-11-19,8-K/A,0001558370-24-015854,1
1519061,early_warning,1,exit_or_disposal_costs,2025-10-06,2025-10-06,8-K,0001104659-25-096964,1
1519061,early_warning,1,exit_or_disposal_costs,2025-12-10,2025-12-10,8-K,0001104659-25-119859,1
1519061,stress,2,listing_rule_failure,2025-12-15,2025-12-15,8-K,0001104659-25-120876,0
1519061,stress,2,listing_rule_failure,2026-03-03,2026-03-03,8-K,0001104659-26-022537,0
1519061,near_default,3,delisting_by_exchange,2026-03-18,2026-03-18,25-NSE,0000876661-26-000266,0
1519061,default,4,chapter11_petition,2026-05-26,2026-05-26,8-K,0001104659-26-066376,0
1519061,near_default,3,debt_acceleration,2026-05-26,2026-05-26,8-K,0001104659-26-066376,0
1519751,early_warning,1,exit_or_disposal_costs,2025-01-22,2025-01-22,8-K,0000950170-25-007550,1
1522690,early_warning,1,late_quarterly_report,2018-11-15,2018-11-15,NT 10-Q,0001213900-18-015850,0
1522690,early_warning,1,late_annual_report,2019-04-02,2019-04-02,NT 10-K,0001213900-19-005632,0
1522690,stress,2,restatement_non_reliance,2019-04-16,2019-04-16,8-K,0001213900-19-006444,0
1522690,early_warning,1,material_impairment,2019-04-16,2019-04-16,8-K,0001213900-19-006441,1
1522690,stress,2,listing_rule_failure,2019-04-22,2019-04-22,8-K,0001213900-19-006867,0
1522690,stress,2,listing_rule_failure,2019-05-23,2019-05-23,8-K,0001213900-19-009503,0
1522690,early_warning,1,auditor_change,2019-08-07,2019-08-07,8-K,0001213900-19-014809,1
1522690,early_warning,1,late_quarterly_report,2019-08-15,2019-08-15,NT 10-Q,0001213900-19-016086,0
1522690,stress,2,listing_rule_failure,2019-08-19,2019-08-19,8-K,0001213900-19-016320,0
1522690,early_warning,1,auditor_change,2020-09-23,2020-09-23,8-K,0001213900-20-028084,1
1522690,early_warning,1,late_quarterly_report,2020-11-17,2020-11-17,NT 10-Q,0001213900-20-037657,0
1522690,stress,2,listing_rule_failure,2021-01-11,2021-01-11,8-K,0001213900-21-001499,0
1522690,stress,2,listing_rule_failure,2021-03-19,2021-03-19,8-K/A,0001213900-21-016646,0
1522690,early_warning,1,late_annual_report,2021-04-01,2021-04-01,NT 10-K,0001213900-21-019657,0
1522690,stress,2,listing_rule_failure,2021-04-22,2021-04-22,8-K,0001213900-21-022587,0
1522690,early_warning,1,late_quarterly_report,2021-05-18,2021-05-18,NT 10-Q,0001213900-21-027614,0
1522690,stress,2,listing_rule_failure,2021-05-24,2021-05-24,8-K,0001213900-21-028804,0
1522690,stress,2,listing_rule_failure,2021-07-07,2021-07-07,8-K,0001213900-21-035995,0
1522690,stress,2,restatement_non_reliance,2021-08-03,2021-08-03,8-K,0001213900-21-039951,0
1522690,early_warning,1,late_quarterly_report,2021-08-17,2021-08-17,NT 10-Q,0001213900-21-043456,0
1522690,stress,2,listing_rule_failure,2021-08-24,2021-08-24,8-K,0001213900-21-044619,0
1522690,stress,2,listing_rule_failure,2021-09-07,2021-09-07,8-K/A,0001213900-21-046791,0
1522690,early_warning,1,late_quarterly_report,2021-11-16,2021-11-16,NT 10-Q,0001213900-21-060064,0
1522690,early_warning,1,auditor_change,2022-01-06,2022-01-06,8-K,0001213900-22-000984,1
1522690,early_warning,1,late_annual_report,2022-04-01,2022-04-01,NT 10-K,0001213900-22-017496,0
1522690,stress,2,listing_rule_failure,2022-04-06,2022-04-06,8-K,0001213900-22-018490,0
1522690,default,4,chapter11_petition,2022-04-20,2022-04-20,8-K,0001213900-22-020675,0
1522690,near_default,3,debt_acceleration,2022-04-20,2022-04-20,8-K,0001213900-22-020675,0
1522690,stress,2,listing_rule_failure,2022-04-26,2022-04-26,8-K,0001213900-22-021705,0
1522690,early_warning,1,late_quarterly_report,2022-05-17,2022-05-17,NT 10-Q,0001213900-22-027693,0
1522690,near_default,3,delisting_by_exchange,2022-05-18,2022-05-18,25-NSE,0001354457-22-000305,0
1522690,early_warning,1,late_quarterly_report,2022-08-15,2022-08-15,NT 10-Q,0001213900-22-048171,0
1522690,early_warning,1,late_quarterly_report,2022-12-09,2022-12-09,NT 10-Q,0001213900-22-078605,0
1522690,early_warning,1,late_annual_report,2023-03-31,2023-03-31,NT 10-K,0001213900-23-025126,0
1522690,early_warning,1,late_quarterly_report,2023-05-15,2023-05-15,NT 10-Q,0001213900-23-039249,0
1522690,early_warning,1,late_quarterly_report,2023-08-14,2023-08-14,NT 10-Q,0001213900-23-066790,0
1522690,early_warning,1,late_quarterly_report,2023-11-14,2023-11-14,NT 10-Q,0001213900-23-086510,0
1525773,near_default,3,delisting_by_exchange,2016-05-09,2016-05-09,25-NSE,0000876661-16-000962,0
1525773,stress,2,listing_rule_failure,2020-04-06,2020-04-06,8-K,0001193125-20-098478,0
1525773,near_default,3,debt_acceleration,2020-05-14,2020-05-14,8-K,0001193125-20-142170,0
1525773,stress,2,listing_rule_failure,2020-05-18,2020-05-18,8-K,0001193125-20-144602,0
1525773,near_default,3,delisting_by_exchange,2020-05-20,2020-05-20,25-NSE,0000876661-20-000423,0
1525773,default,4,chapter11_petition,2021-12-20,2021-12-20,8-K,0001193125-21-362431,0
1527469,near_default,3,delisting_by_exchange,2022-01-03,2022-01-03,25-NSE,0000876661-22-000008,0
1527469,early_warning,1,auditor_change,2022-01-03,2022-01-03,8-K,0001527469-22-000003,1
1527469,near_default,3,delisting_by_exchange,2025-06-30,2025-06-30,25-NSE,0000876661-25-000467,0
1528849,early_warning,1,exit_or_disposal_costs,2020-04-10,2020-04-10,8-K,0001558370-20-003818,1
1528849,stress,2,restatement_non_reliance,2023-02-03,2023-02-03,8-K,0001558370-23-000847,0
1529463,stress,2,listing_rule_failure,2020-02-06,2020-02-06,8-K,0001104659-20-011928,0
1529463,stress,2,listing_rule_failure,2020-04-15,2020-04-15,8-K,0001104659-20-046927,0
1529463,stress,2,listing_rule_failure,2020-05-20,2020-05-20,8-K,0001104659-20-064005,0
1529463,near_default,3,delisting_filed,2020-05-29,2020-05-29,25,0001104659-20-067769,0
1529463,default,4,chapter11_petition,2020-09-22,2020-09-22,8-K,0001104659-20-107423,0
1529463,near_default,3,debt_acceleration,2020-09-22,2020-09-22,8-K,0001104659-20-107423,0
1529463,near_default,3,delisting_by_exchange,2020-11-20,2020-11-20,25-NSE,0001143313-20-000069,0
1529463,stress,2,listing_rule_failure,2022-01-07,2022-01-07,8-K,0000950103-22-000338,0
1529463,near_default,3,delisting_by_exchange,2022-03-07,2022-03-07,25-NSE,0001143313-22-000019,0
1529463,near_default,3,delisting_by_exchange,2022-03-07,2022-03-07,25-NSE,0001143313-22-000018,0
1529463,stress,2,listing_rule_failure,2022-03-07,2022-03-07,8-K,0001104659-22-030767,0
1532286,stress,2,listing_rule_failure,2020-04-23,2020-04-23,8-K,0001193125-20-115203,0
1532286,stress,2,listing_rule_failure,2022-01-07,2022-01-07,8-K,0001193125-22-004550,0
1532286,stress,2,listing_rule_failure,2024-10-25,2024-10-25,8-K,0001193125-24-243515,0
1532286,stress,2,listing_rule_failure,2025-05-02,2025-05-02,8-K,0001193125-25-111699,0
1532286,default,4,chapter11_petition,2026-02-01,2026-02-02,8-K,0001213900-26-010501,0
1532286,near_default,3,debt_acceleration,2026-02-02,2026-02-02,8-K,0001213900-26-010501,0
1532286,near_default,3,delisting_by_exchange,2026-02-05,2026-02-05,25-NSE,0000876661-26-000091,0
1532286,stress,2,listing_rule_failure,2026-02-06,2026-02-06,8-K,0001213900-26-012975,0
1537028,early_warning,1,auditor_change,2015-04-07,2015-04-07,8-K/A,0001193125-15-121470,1
1537028,early_warning,1,auditor_change,2015-04-07,2015-04-07,8-K,0001193125-15-121015,1
1537028,stress,2,listing_rule_failure,2019-11-05,2019-11-05,8-K,0001104659-19-059802,0
1537028,early_warning,1,auditor_change,2023-08-11,2023-08-11,8-K,0001537028-23-000034,1
1537028,near_default,3,delisting_by_exchange,2024-08-29,2024-08-29,25-NSE,0000876661-24-000806,0
1537028,stress,2,listing_rule_failure,2024-08-29,2024-08-29,8-K,0001537028-24-000032,0
1537028,early_warning,1,late_quarterly_report,2024-11-14,2024-11-14,NT 10-Q,0001537028-24-000046,0
1537028,default,4,chapter11_petition,2024-12-03,2024-12-03,8-K,0001537028-24-000057,0
1537028,near_default,3,debt_acceleration,2024-12-03,2024-12-03,8-K,0001537028-24-000057,0
1537028,stress,2,listing_rule_failure,2024-12-03,2024-12-03,8-K,0001537028-24-000057,0
1537028,stress,2,listing_rule_failure,2024-12-05,2024-12-05,8-K,0001537028-24-000061,0
1551152,early_warning,1,material_impairment,2019-01-04,2019-01-04,8-K,0001104659-19-000836,1
1551152,near_default,3,delisting_by_exchange,2019-10-18,2019-10-18,25-NSE,0000876661-19-001055,0
1551152,near_default,3,delisting_by_exchange,2021-05-04,2021-05-04,25-NSE,0000876661-21-000631,0
1551152,near_default,3,delisting_by_exchange,2023-11-15,2023-11-15,25-NSE,0000876661-23-000860,0
1551152,near_default,3,delisting_by_exchange,2024-05-17,2024-05-17,25-NSE,0000876661-24-000360,0
1551152,near_default,3,delisting_by_exchange,2024-06-03,2024-06-03,25-NSE,0000876661-24-000445,0
1551152,early_warning,1,material_impairment,2025-01-10,2025-01-10,8-K,0001551152-25-000006,1
1551693,near_default,3,debt_acceleration,2015-10-28,2015-10-28,8-K,0001104659-15-073522,0
1551693,early_warning,1,exit_or_disposal_costs,2019-11-07,2019-11-07,8-K,0001564590-19-041792,1
1551693,stress,2,listing_rule_failure,2022-10-05,2022-10-05,8-K,0001193125-22-258314,0
1551693,early_warning,1,late_annual_report,2023-03-31,2023-03-31,NT 10-K,0001193125-23-088333,0
1551693,stress,2,listing_rule_failure,2023-12-20,2023-12-20,8-K,0001213900-23-097328,0
1551693,default,4,chapter11_petition,2024-02-12,2024-02-13,8-K,0001213900-24-012888,0
1551693,near_default,3,debt_acceleration,2024-02-13,2024-02-13,8-K,0001213900-24-012888,0
1551693,stress,2,listing_rule_failure,2024-02-16,2024-02-16,8-K,0001213900-24-014910,0
1551693,early_warning,1,late_annual_report,2024-03-29,2024-03-29,NT 10-K,0000950170-24-038732,0
1551693,near_default,3,delisting_by_exchange,2024-04-09,2024-04-09,25-NSE,0001354457-24-000254,0
1567892,default,4,chapter11_petition,2020-10-12,2020-10-13,8-K,0001193125-20-267836,0
1567892,near_default,3,debt_acceleration,2020-10-13,2020-10-13,8-K,0001193125-20-267836,0
1567892,near_default,3,delisting_by_exchange,2020-10-13,2020-10-13,25-NSE,0000876661-20-000911,0
1567892,stress,2,listing_rule_failure,2020-10-13,2020-10-13,8-K,0001193125-20-267836,0
1567892,near_default,3,debt_acceleration,2023-06-15,2023-06-15,8-K,0001104659-23-071379,0
1567892,near_default,3,debt_acceleration,2023-06-20,2023-06-20,8-K,0001104659-23-072532,0
1567892,near_default,3,debt_acceleration,2023-07-17,2023-07-17,8-K,0001104659-23-081484,0
1567892,near_default,3,debt_acceleration,2023-08-28,2023-08-28,8-K,0001104659-23-095504,0
1567892,stress,2,listing_rule_failure,2023-08-29,2023-08-29,8-K,0001104659-23-096203,0
1567892,near_default,3,delisting_by_exchange,2023-09-06,2023-09-06,25-NSE,0001143313-23-000058,0
1567892,early_warning,1,exit_or_disposal_costs,2024-01-09,2024-01-09,8-K,0001104659-24-002537,1
1567892,early_warning,1,material_impairment,2024-01-09,2024-01-09,8-K,0001104659-24-002537,1
1567892,early_warning,1,auditor_change,2024-04-08,2024-04-08,8-K,0001104659-24-044766,1
1567892,near_default,3,debt_acceleration,2024-12-05,2024-12-05,8-K,0001567892-24-000045,0
1567892,near_default,3,debt_acceleration,2025-08-01,2025-08-01,8-K,0001104659-25-072891,0
1567892,early_warning,1,late_annual_report,2026-04-01,2026-04-01,NT 10-K,0001628280-26-022689,0
1571996,near_default,3,delisting_by_exchange,2018-12-28,2018-12-28,25-NSE,0000876661-18-001378,0
1571996,stress,2,listing_rule_failure,2018-12-28,2018-12-28,8-K,0001193125-18-360943,0
1579823,early_warning,1,late_annual_report,2015-04-01,2015-04-01,NT 10-K,0001079974-15-000225,0
1579823,early_warning,1,auditor_change,2015-04-27,2015-04-27,8-K,0001079974-15-000300,1
1579823,early_warning,1,late_quarterly_report,2015-08-13,2015-08-13,NT 10-Q,0001079974-15-000532,0
1579823,early_warning,1,late_quarterly_report,2015-11-16,2015-11-16,NT 10-Q,0001079974-15-000744,0
1579823,early_warning,1,late_annual_report,2016-03-30,2016-03-30,NT 10-K,0001079974-16-001070,0
1579823,early_warning,1,late_quarterly_report,2016-08-15,2016-08-15,NT 10-Q,0001079974-16-001509,0
1579823,early_warning,1,auditor_change,2016-08-22,2016-08-22,8-K,0001079974-16-001538,1
1579823,early_warning,1,auditor_change,2017-08-23,2017-08-23,8-K/A,0001493152-17-009756,1
1579823,early_warning,1,late_annual_report,2018-04-02,2018-04-02,NT 10-K,0001654954-18-003505,0
1579823,early_warning,1,auditor_change,2019-09-24,2019-09-24,8-K,0001493152-19-014467,1
1579823,early_warning,1,late_annual_report,2021-03-16,2021-03-16,NT 10-K,0001493152-21-006129,0
1579823,stress,2,listing_rule_failure,2022-02-25,2022-02-25,8-K,0001493152-22-005449,0
1579823,early_warning,1,late_annual_report,2022-03-16,2022-03-16,NT 10-K,0001493152-22-007026,0
1579823,stress,2,listing_rule_failure,2022-04-04,2022-04-04,8-K,0001493152-22-009002,0
1579823,early_warning,1,late_quarterly_report,2022-05-10,2022-05-10,NT 10-Q,0001493152-22-012710,0
1579823,stress,2,listing_rule_failure,2022-05-17,2022-05-17,8-K,0001493152-22-014172,0
1579823,near_default,3,debt_acceleration,2022-08-12,2022-08-12,8-K,0001493152-22-022433,0
1579823,stress,2,listing_rule_failure,2022-08-18,2022-08-18,8-K,0001493152-22-023401,0
1579823,default,4,chapter11_petition,2022-08-30,2022-08-30,8-K,0001493152-22-024420,0
1579823,near_default,3,debt_acceleration,2022-08-30,2022-08-30,8-K,0001493152-22-024420,0
1579823,stress,2,listing_rule_failure,2022-09-02,2022-09-02,8-K,0001493152-22-025010,0
1579823,near_default,3,delisting_by_exchange,2022-09-14,2022-09-14,25-NSE,0001354457-22-000519,0
1580864,stress,2,listing_rule_failure,2023-04-14,2023-04-14,8-K,0000950170-23-012924,0
1580864,stress,2,listing_rule_failure,2023-12-22,2023-12-22,8-K,0000950170-23-072647,0
1580864,early_warning,1,exit_or_disposal_costs,2024-01-22,2024-01-22,8-K,0001193125-24-012173,1
1580864,early_warning,1,exit_or_disposal_costs,2024-03-13,2024-03-13,8-K/A,0000950170-24-030786,1
1580864,early_warning,1,auditor_change,2024-04-29,2024-04-29,8-K,0000950170-24-049839,1
1580864,default,4,chapter11_petition,2024-11-13,2024-11-13,8-K,0001193125-24-256669,0
1580864,near_default,3,debt_acceleration,2024-11-13,2024-11-13,8-K,0001193125-24-256669,0
1580864,stress,2,listing_rule_failure,2024-11-26,2024-11-26,8-K,0001193125-24-266124,0
1583077,early_warning,1,late_annual_report,2019-04-01,2019-04-01,NT 10-K,0001144204-19-017484,0
1583077,default,4,chapter11_petition,2021-05-19,2021-05-19,8-K,0001104659-21-069107,0
1584754,early_warning,1,auditor_change,2015-05-29,2015-05-29,8-K,0001615774-15-001299,1
1584754,early_warning,1,late_quarterly_report,2015-06-16,2015-06-16,NT 10-Q,0001615774-15-001494,0
1584754,stress,2,listing_rule_failure,2023-10-27,2023-10-27,8-K,0001013762-23-007328,0
1584754,stress,2,listing_rule_failure,2024-08-23,2024-08-23,8-K,0001213900-24-072241,0
1584754,early_warning,1,late_annual_report,2024-09-30,2024-09-30,NT 10-K,0001213900-24-083390,0
1584754,default,4,chapter11_petition,2024-12-16,2024-12-16,8-K,0001213900-24-109364,0
1584754,near_default,3,debt_acceleration,2024-12-16,2024-12-16,8-K,0001213900-24-109364,0
1584754,stress,2,listing_rule_failure,2024-12-17,2024-12-17,8-K,0001213900-24-109749,0
1584754,early_warning,1,late_quarterly_report,2025-02-14,2025-02-14,NT 10-Q,0001213900-25-014314,0
1584754,early_warning,1,late_quarterly_report,2025-05-15,2025-05-15,NT 10-Q,0001213900-25-044049,0
1584754,near_default,3,delisting_by_exchange,2025-06-06,2025-06-06,25-NSE,0001354457-25-000512,0
1587246,early_warning,1,exit_or_disposal_costs,2021-09-16,2021-09-16,8-K,0001387131-21-009480,1
1587246,early_warning,1,material_impairment,2021-09-16,2021-09-16,8-K,0001387131-21-009480,1
1587246,early_warning,1,late_annual_report,2022-04-01,2022-04-01,NT 10-K,0001193125-22-092883,0
1587246,default,4,chapter11_petition,2022-05-08,2022-05-11,8-K,0001387131-22-005994,0
1587246,near_default,3,delisting_by_exchange,2022-05-09,2022-05-09,25-NSE,0000876661-22-000404,0
1587246,near_default,3,debt_acceleration,2022-05-11,2022-05-11,8-K,0001387131-22-005994,0
1587246,stress,2,listing_rule_failure,2022-05-11,2022-05-11,8-K,0001387131-22-005994,0
1592057,early_warning,1,auditor_change,2019-07-12,2019-07-12,8-K,0001104659-19-040055,1
1592057,near_default,3,delisting_by_exchange,2022-01-03,2022-01-03,25-NSE,0000876661-22-000010,0
1592057,stress,2,listing_rule_failure,2022-01-03,2022-01-03,8-K,0001104659-22-000031,0
1592057,early_warning,1,late_annual_report,2022-03-02,2022-03-02,NT 10-K,0001104659-22-029003,0
1592057,early_warning,1,material_impairment,2023-12-05,2023-12-05,8-K,0001592057-23-000060,1
1592057,near_default,3,debt_acceleration,2024-01-16,2024-01-16,8-K,0001592057-24-000002,0
1592057,stress,2,listing_rule_failure,2024-01-29,2024-01-29,8-K,0001592057-24-000009,0
1592057,stress,2,restatement_non_reliance,2024-03-05,2024-03-05,8-K,0001592057-24-000022,0
1592057,default,4,chapter11_petition,2024-03-12,2024-03-13,8-K,0001104659-24-033709,0
1592057,near_default,3,debt_acceleration,2024-03-13,2024-03-13,8-K,0001104659-24-033709,0
1592057,early_warning,1,late_annual_report,2024-03-15,2024-03-15,NT 10-K,0001104659-24-035053,0
1592057,stress,2,listing_rule_failure,2024-04-08,2024-04-08,8-K,0001592057-24-000029,0
1592057,early_warning,1,late_quarterly_report,2024-05-16,2024-05-16,NT 10-Q,0001104659-24-062586,0
1592057,early_warning,1,late_quarterly_report,2024-08-12,2024-08-12,NT 10-Q,0001104659-24-087993,0
1592057,stress,2,listing_rule_failure,2024-10-09,2024-10-09,8-K,0001104659-24-107368,0
1592057,near_default,3,delisting_by_exchange,2024-10-11,2024-10-11,25-NSE,0000876661-24-000999,0
1592058,stress,2,listing_rule_failure,2020-04-14,2020-04-14,8-K,0001193125-20-107068,0
1592058,stress,2,listing_rule_failure,2022-12-16,2022-12-16,8-K,0001193125-22-307425,0
1592058,default,4,chapter11_petition,2023-01-18,2023-01-18,8-K,0001193125-23-009847,0
1592058,near_default,3,debt_acceleration,2023-01-18,2023-01-18,8-K,0001193125-23-009847,0
1592058,stress,2,listing_rule_failure,2023-01-20,2023-01-20,8-K,0001193125-23-012057,0
1592058,near_default,3,delisting_by_exchange,2023-02-03,2023-02-03,25-NSE,0000876661-23-000086,0
1592058,early_warning,1,late_annual_report,2023-03-15,2023-03-15,NT 10-K,0000950170-23-008174,0
1592058,stress,2,restatement_non_reliance,2023-06-09,2023-06-09,8-K,0000950142-23-001658,0
1592058,early_warning,1,auditor_change,2023-06-09,2023-06-09,8-K,0000950142-23-001658,1
1592058,early_warning,1,auditor_change,2023-10-26,2023-10-26,8-K,0000950142-23-002685,1
1593034,early_warning,1,exit_or_disposal_costs,2016-05-05,2016-05-05,8-K,0001193125-16-579953,1
1593034,early_warning,1,exit_or_disposal_costs,2016-12-08,2016-12-08,8-K,0001193125-16-787937,1
1593034,early_warning,1,material_impairment,2016-12-08,2016-12-08,8-K,0001193125-16-787937,1
1593034,early_warning,1,exit_or_disposal_costs,2017-01-26,2017-01-26,8-K,0001193125-17-018750,1
1593034,early_warning,1,material_impairment,2017-04-10,2017-04-10,8-K,0001193125-17-117346,1
1593034,early_warning,1,exit_or_disposal_costs,2017-07-05,2017-07-05,8-K,0001193125-17-221479,1
1593034,early_warning,1,material_impairment,2017-07-05,2017-07-05,8-K,0001193125-17-221479,1
1593034,early_warning,1,exit_or_disposal_costs,2017-07-21,2017-07-21,8-K,0001593034-17-000024,1
1593034,early_warning,1,material_impairment,2017-07-21,2017-07-21,8-K,0001593034-17-000024,1
1593034,stress,2,listing_rule_failure,2022-07-01,2022-07-01,8-K,0001193125-22-187257,0
1593034,default,4,chapter11_petition,2022-08-16,2022-08-17,8-K,0001193125-22-222687,0
1593034,near_default,3,debt_acceleration,2022-08-19,2022-08-19,8-K,0001193125-22-225297,0
1593034,stress,2,listing_rule_failure,2022-08-19,2022-08-19,8-K,0001193125-22-225297,0
1593034,stress,2,listing_rule_failure,2022-08-29,2022-08-29,8-K,0001193125-22-232954,0
1593034,near_default,3,delisting_by_exchange,2022-09-14,2022-09-14,25-NSE,0001354457-22-000521,0
1593034,early_warning,1,exit_or_disposal_costs,2022-12-06,2022-12-06,8-K,0001193125-22-299492,1
1593034,early_warning,1,material_impairment,2022-12-06,2022-12-06,8-K,0001193125-22-299492,1
1594686,near_default,3,delisting_by_exchange,2015-05-13,2015-05-13,25-NSE,0000876661-15-000207,0
1594686,early_warning,1,material_impairment,2016-02-01,2016-02-01,8-K,0001437749-16-024437,1
1594686,early_warning,1,material_impairment,2017-10-05,2017-10-05,8-K,0001437749-17-016841,1
1594686,stress,2,listing_rule_failure,2020-05-05,2020-05-05,8-K,0001437749-20-009310,0
1594686,default,4,chapter11_petition,2021-06-14,2021-06-14,8-K,0001437749-21-014660,0
1594686,near_default,3,debt_acceleration,2021-06-14,2021-06-14,8-K,0001437749-21-014660,0
1594686,stress,2,listing_rule_failure,2021-09-07,2021-09-07,8-K,0001437749-21-021538,0
1594686,near_default,3,delisting_filed,2021-09-20,2021-09-20,25,0001437749-21-022378,0
1594686,near_default,3,delisting_filed,2021-09-20,2021-09-20,25,0001437749-21-022377,0
1594686,near_default,3,delisting_filed,2021-09-20,2021-09-20,25,0001437749-21-022376,0
1595585,early_warning,1,exit_or_disposal_costs,2020-10-29,2020-10-29,8-K,0001595585-20-000129,1
1595585,stress,2,listing_rule_failure,2022-12-07,2022-12-07,8-K,0001595585-22-000095,0
1595585,stress,2,listing_rule_failure,2022-12-12,2022-12-12,8-K,0001595585-22-000097,0
1595585,near_default,3,debt_acceleration,2023-01-04,2023-01-04,8-K,0001595585-23-000004,0
1595585,default,4,chapter11_petition,2023-01-11,2023-01-12,8-K,0001595585-23-000007,0
1595585,near_default,3,debt_acceleration,2023-01-12,2023-01-12,8-K,0001595585-23-000007,0
1595585,stress,2,listing_rule_failure,2023-01-17,2023-01-17,8-K,0001595585-23-000009,0
1595585,near_default,3,delisting_by_exchange,2023-03-03,2023-03-03,25-NSE,0001354457-23-000148,0
1596946,near_default,3,delisting_by_exchange,2015-10-26,2015-10-26,25-NSE,0001354457-15-000203,0
1596946,stress,2,restatement_non_reliance,2021-11-10,2021-11-10,8-K,0001193125-21-326226,0
1596946,early_warning,1,late_quarterly_report,2021-11-16,2021-11-16,NT 10-Q,0001193125-21-331019,0
1596946,stress,2,listing_rule_failure,2022-05-24,2022-05-24,8-K,0001193125-22-158613,0
1596946,stress,2,listing_rule_failure,2022-08-11,2022-08-11,8-K,0001193125-22-218730,0
1596946,early_warning,1,exit_or_disposal_costs,2022-12-08,2022-12-08,8-K,0001193125-22-300271,1
1596946,stress,2,listing_rule_failure,2022-12-12,2022-12-12,8-K,0001193125-22-302807,0
1596946,stress,2,listing_rule_failure,2022-12-19,2022-12-19,8-K,0001193125-22-307937,0
1596946,near_default,3,delisting_filed,2022-12-22,2022-12-22,25,0001193125-22-310604,0
1596946,default,4,chapter11_petition,2023-01-10,2023-01-10,8-K,0001193125-23-005670,0
1596946,near_default,3,debt_acceleration,2023-01-10,2023-01-10,8-K,0001193125-23-005670,0
1597313,early_warning,1,auditor_change,2015-07-27,2015-07-27,8-K,0001193125-15-264129,1
1597313,stress,2,listing_rule_failure,2023-06-30,2023-06-30,8-K,0001628280-23-024025,0
1597313,default,4,chapter11_petition,2023-07-16,2023-07-17,8-K,0001628280-23-024952,0
1597313,near_default,3,debt_acceleration,2023-07-17,2023-07-17,8-K,0001628280-23-024952,0
1597313,stress,2,listing_rule_failure,2023-07-21,2023-07-21,8-K,0001628280-23-025325,0
1597313,early_warning,1,late_quarterly_report,2023-08-14,2023-08-14,NT 10-Q,0001628280-23-029338,0
1597313,near_default,3,delisting_by_exchange,2023-09-08,2023-09-08,25-NSE,0001354457-23-000653,0
1613103,stress,2,listing_rule_failure,2015-01-27,2015-01-27,8-K12B,0001193125-15-021837,0
1613103,stress,2,listing_rule_failure,2015-01-27,2015-01-27,8-K,0001193125-15-020681,0
1613103,early_warning,1,exit_or_disposal_costs,2018-01-08,2018-01-08,8-K,0001613103-18-000002,1
1613103,near_default,3,delisting_by_exchange,2020-10-14,2020-10-14,25-NSE,0000876661-20-000919,0
1613103,near_default,3,delisting_by_exchange,2021-03-08,2021-03-08,25-NSE,0000876661-21-000342,0
1613103,near_default,3,delisting_by_exchange,2022-12-02,2022-12-02,25-NSE,0000876661-22-001082,0
1613103,near_default,3,delisting_by_exchange,2023-03-10,2023-03-10,25-NSE,0000876661-23-000202,0
1613103,near_default,3,delisting_by_exchange,2023-03-15,2023-03-15,25-NSE,0000876661-23-000236,0
1613103,near_default,3,delisting_by_exchange,2025-07-02,2025-07-02,25-NSE,0000876661-25-000493,0
1613103,near_default,3,delisting_by_exchange,2025-09-29,2025-09-29,25-NSE,0000876661-25-000716,0
1613103,near_default,3,delisting_by_exchange,2025-10-15,2025-10-15,25-NSE,0000876661-25-000768,0
1618755,early_warning,1,late_annual_report,2015-03-03,2015-03-03,NT 10-K,0001193125-15-073975,0
1618755,early_warning,1,material_impairment,2025-11-10,2025-11-10,8-K,0001618755-25-000048,1
1618756,early_warning,1,material_impairment,2025-11-10,2025-11-10,8-K,0001618756-25-000302,1
1634447,stress,2,listing_rule_failure,2016-09-13,2016-09-13,8-K,0001493152-16-013291,0
1634447,stress,2,listing_rule_failure,2017-10-25,2017-10-25,8-K,0001493152-17-012031,0
1634447,stress,2,listing_rule_failure,2018-01-05,2018-01-05,8-K,0001493152-18-000218,0
1634447,early_warning,1,late_quarterly_report,2018-05-15,2018-05-15,NT 10-Q,0001493152-18-006931,0
1634447,early_warning,1,late_quarterly_report,2018-08-14,2018-08-14,NT 10-Q,0001493152-18-011672,0
1634447,early_warning,1,late_quarterly_report,2018-11-13,2018-11-13,NT 10-Q,0001493152-18-015719,0
1634447,stress,2,listing_rule_failure,2019-03-08,2019-03-08,8-K,0001493152-19-003048,0
1634447,stress,2,listing_rule_failure,2019-04-29,2019-04-29,8-K,0001493152-19-006094,0
1634447,near_default,3,delisting_by_exchange,2019-06-19,2019-06-19,25-NSE,0001354457-19-000324,0
1634447,near_default,3,delisting_by_exchange,2019-08-01,2019-08-01,25-NSE,0001354457-19-000392,0
1634447,early_warning,1,auditor_change,2019-10-15,2019-10-15,8-K,0001493152-19-015522,1
1634447,early_warning,1,late_quarterly_report,2019-11-15,2019-11-15,NT 10-Q,0001493152-19-017627,0
1634447,early_warning,1,late_annual_report,2020-03-31,2020-03-31,NT 10-K,0001493152-20-005334,0
1634447,stress,2,listing_rule_failure,2020-09-01,2020-09-01,8-K,0001493152-20-017098,0
1634447,stress,2,listing_rule_failure,2021-01-11,2021-01-11,8-K,0001493152-21-000700,0
1634447,stress,2,listing_rule_failure,2021-02-26,2021-02-26,8-K,0001493152-21-004964,0
1634447,early_warning,1,late_quarterly_report,2021-05-17,2021-05-17,NT 10-Q,0001140361-21-017726,0
1634447,stress,2,restatement_non_reliance,2021-05-21,2021-05-21,8-K,0001140361-21-018396,0
1634447,early_warning,1,late_annual_report,2022-03-30,2022-03-30,NT 10-K,0001140361-22-011913,0
1634447,early_warning,1,late_annual_report,2023-03-31,2023-03-31,NT 10-K,0001493152-23-010381,0
1634447,stress,2,listing_rule_failure,2023-05-19,2023-05-19,8-K,0001493152-23-018319,0
1634447,near_default,3,debt_acceleration,2023-11-17,2023-11-17,8-K,0001493152-23-041869,0
1634447,early_warning,1,late_annual_report,2024-04-01,2024-04-01,NT 10-K,0001493152-24-012353,0
1634447,near_default,3,debt_acceleration,2024-05-15,2024-05-15,8-K,0001493152-24-019847,0
1634447,early_warning,1,late_quarterly_report,2024-05-15,2024-05-15,NT 10-Q,0001493152-24-019900,0
1634447,stress,2,listing_rule_failure,2024-05-20,2024-05-20,8-K,0001493152-24-020745,0
1634447,default,4,chapter11_petition,2024-06-03,2024-06-07,8-K,0001493152-24-023164,0
1634447,near_default,3,delisting_by_exchange,2024-06-03,2024-06-03,25-NSE,0001354457-24-000381,0
1634447,near_default,3,debt_acceleration,2024-06-07,2024-06-07,8-K,0001493152-24-023164,0
1634447,stress,2,listing_rule_failure,2024-06-07,2024-06-07,8-K,0001493152-24-023164,0
1637459,near_default,3,debt_acceleration,2015-07-06,2015-07-06,8-K,0001193125-15-245660,0
1637459,stress,2,restatement_non_reliance,2017-11-06,2017-11-06,8-K,0001193125-17-334467,0
1637459,early_warning,1,late_annual_report,2019-02-28,2019-02-28,NT 10-K,0001637459-19-000019,0
1637459,early_warning,1,material_impairment,2019-02-28,2019-02-28,8-K,0001637459-19-000020,1
1637459,stress,2,listing_rule_failure,2019-03-15,2019-03-15,8-K,0001637459-19-000024,0
1637459,stress,2,restatement_non_reliance,2019-05-06,2019-05-06,8-K,0001637459-19-000033,0
1637459,early_warning,1,late_quarterly_report,2019-05-10,2019-05-10,NT 10-Q,0001637459-19-000035,0
1637459,stress,2,listing_rule_failure,2019-05-21,2019-05-21,8-K,0001637459-19-000038,0
1637459,early_warning,1,late_quarterly_report,2019-08-08,2019-08-08,NT 10-Q,0001637459-19-000066,0
1637459,early_warning,1,material_impairment,2019-08-08,2019-08-08,8-K,0001637459-19-000065,1
1637459,near_default,3,delisting_by_exchange,2025-05-08,2025-05-08,25-NSE,0001354457-25-000390,0
1648428,early_warning,1,late_quarterly_report,2017-11-13,2017-11-13,NT 10-Q,0001144204-17-057891,0
1648428,stress,2,listing_rule_failure,2019-01-18,2019-01-18,8-K,0001144204-19-002099,0
1648428,early_warning,1,material_impairment,2019-04-19,2019-04-19,8-K,0001144204-19-020378,1
1648428,stress,2,listing_rule_failure,2019-06-11,2019-06-11,8-K,0001144204-19-030583,0
1648428,near_default,3,debt_acceleration,2019-06-13,2019-06-13,8-K,0001558370-19-005681,0
1648428,stress,2,listing_rule_failure,2019-12-06,2019-12-06,8-K,0001104659-19-070610,0
1648428,early_warning,1,late_annual_report,2020-03-30,2020-03-30,NT 10-K,0001104659-20-040393,0
1648428,early_warning,1,late_quarterly_report,2020-05-15,2020-05-15,NT 10-Q,0001104659-20-062553,0
1648428,early_warning,1,late_annual_report,2021-03-31,2021-03-31,NT 10-K,0001104659-21-044867,0
1648428,near_default,3,debt_acceleration,2021-04-27,2021-04-27,8-K,0001558370-21-004944,0
1648428,early_warning,1,late_quarterly_report,2021-05-17,2021-05-17,NT 10-Q,0001104659-21-068097,0
1648428,stress,2,listing_rule_failure,2021-05-27,2021-05-27,8-K,0001104659-21-072824,0
1648428,stress,2,listing_rule_failure,2021-07-26,2021-07-26,8-K,0001104659-21-095916,0
1648428,stress,2,restatement_non_reliance,2021-07-26,2021-07-26,8-K,0001104659-21-095916,0
1648428,early_warning,1,late_quarterly_report,2021-08-17,2021-08-17,NT 10-Q,0001104659-21-107022,0
1648428,default,4,chapter11_petition,2021-08-31,2021-09-01,8-K,0001104659-21-111773,0
1648428,near_default,3,debt_acceleration,2021-09-01,2021-09-01,8-K,0001104659-21-111773,0
1648428,stress,2,listing_rule_failure,2021-09-01,2021-09-01,8-K,0001104659-21-111778,0
1648428,near_default,3,delisting_by_exchange,2021-09-17,2021-09-17,25-NSE,0001354457-21-001057,0
1651944,stress,2,listing_rule_failure,2019-02-28,2019-02-28,8-K,0001144204-19-011144,0
1651944,early_warning,1,late_quarterly_report,2019-08-12,2019-08-12,NT 10-Q,0001193125-19-219005,0
1651944,stress,2,listing_rule_failure,2019-08-28,2019-08-28,8-K,0001193125-19-232486,0
1651944,near_default,3,delisting_by_exchange,2019-08-29,2019-08-29,25-NSE,0001354457-19-000429,0
1651944,stress,2,listing_rule_failure,2019-09-05,2019-09-05,8-K,0001193125-19-238968,0
1651944,early_warning,1,auditor_change,2019-09-05,2019-09-05,8-K,0001193125-19-238968,1
1651944,stress,2,listing_rule_failure,2019-10-18,2019-10-18,8-K,0001193125-19-270160,0
1651944,near_default,3,delisting_by_exchange,2019-11-08,2019-11-08,25-NSE,0001354457-19-000593,0
1651944,early_warning,1,late_annual_report,2022-03-02,2022-03-02,NT 10-K,0001564590-22-008133,0
1651944,early_warning,1,exit_or_disposal_costs,2023-06-28,2023-06-28,8-K,0001651944-23-000065,1
1651944,early_warning,1,exit_or_disposal_costs,2024-01-31,2024-01-31,8-K,0001651944-24-000005,1
1651944,stress,2,listing_rule_failure,2024-04-16,2024-04-16,8-K,0001651944-24-000028,0
1651944,early_warning,1,exit_or_disposal_costs,2024-04-18,2024-04-18,8-K,0001651944-24-000031,1
1651944,near_default,3,debt_acceleration,2024-05-10,2024-05-10,8-K,0001651944-24-000039,0
1651944,near_default,3,debt_acceleration,2024-05-17,2024-05-17,8-K,0001651944-24-000049,0
1651944,default,4,chapter11_petition,2024-06-18,2024-06-18,8-K,0001651944-24-000060,0
1651944,early_warning,1,exit_or_disposal_costs,2024-06-18,2024-06-18,8-K,0001651944-24-000060,1
1651944,stress,2,listing_rule_failure,2024-06-20,2024-06-20,8-K,0001651944-24-000063,0
1651944,near_default,3,delisting_by_exchange,2024-07-19,2024-07-19,25-NSE,0001354457-24-000514,0
1652724,stress,2,listing_rule_failure,2022-12-19,2022-12-19,8-K,0001193125-22-308413,0
1652724,default,4,chapter11_petition,2023-02-22,2023-02-22,8-K,0001193125-23-044968,0
1652724,stress,2,listing_rule_failure,2023-02-27,2023-02-27,8-K,0001193125-23-050739,0
1652724,near_default,3,delisting_by_exchange,2023-04-12,2023-04-12,25-NSE,0001354457-23-000269,0
1652724,early_warning,1,late_annual_report,2023-04-13,2023-04-13,NT 10-K,0001193125-23-100639,0
1652724,early_warning,1,late_quarterly_report,2023-05-16,2023-05-16,NT 10-Q,0001193125-23-146069,0
1652724,early_warning,1,late_quarterly_report,2023-08-15,2023-08-15,NT 10-Q,0001193125-23-213430,0
1655075,early_warning,1,exit_or_disposal_costs,2017-08-07,2017-08-07,8-K,0001193125-17-249228,1
1655075,early_warning,1,exit_or_disposal_costs,2018-11-15,2018-11-15,8-K,0001193125-18-327381,1
1655075,early_warning,1,material_impairment,2018-11-15,2018-11-15,8-K,0001193125-18-327381,1
1655075,early_warning,1,exit_or_disposal_costs,2020-12-11,2020-12-11,8-K,0001193125-20-315932,1
1655075,default,4,chapter11_petition,2022-05-08,2022-05-12,8-K,0001193125-22-148844,0
1655075,early_warning,1,late_quarterly_report,2022-05-11,2022-05-11,NT 10-Q,0001193125-22-147565,0
1655075,near_default,3,debt_acceleration,2022-05-12,2022-05-12,8-K,0001193125-22-148844,0
1655075,stress,2,listing_rule_failure,2022-05-12,2022-05-12,8-K,0001193125-22-148844,0
1655075,stress,2,listing_rule_failure,2022-05-20,2022-05-20,8-K,0001193125-22-156277,0
1655075,early_warning,1,exit_or_disposal_costs,2022-05-20,2022-05-20,8-K,0001193125-22-156277,1
1655075,near_default,3,delisting_by_exchange,2022-05-23,2022-05-23,25-NSE,0000876661-22-000435,0
1656634,early_warning,1,exit_or_disposal_costs,2024-02-29,2024-02-29,8-K,0001193125-24-053438,1
1656634,stress,2,listing_rule_failure,2024-06-25,2024-06-25,8-K,0001193125-24-167908,0
1656634,default,4,chapter11_petition,2024-10-10,2024-10-10,8-K,0001193125-24-235637,0
1656634,near_default,3,debt_acceleration,2024-10-10,2024-10-10,8-K,0001193125-24-235637,0
1656634,stress,2,listing_rule_failure,2024-10-16,2024-10-16,8-K,0001193125-24-238117,0
1656634,early_warning,1,exit_or_disposal_costs,2024-10-16,2024-10-16,8-K,0001193125-24-238117,1
1656634,near_default,3,delisting_by_exchange,2025-03-05,2025-03-05,25-NSE,0001354457-25-000176,0
1659352,early_warning,1,exit_or_disposal_costs,2022-08-30,2022-08-30,8-K,0001193125-22-233603,1
1659352,default,4,chapter11_petition,2023-03-27,2023-03-27,8-K,0001193125-23-079964,0
1659352,early_warning,1,exit_or_disposal_costs,2023-03-27,2023-03-27,8-K,0001193125-23-079964,1
1659352,stress,2,listing_rule_failure,2023-03-29,2023-03-29,8-K,0001193125-23-082411,0
1659352,early_warning,1,late_annual_report,2023-03-29,2023-03-29,NT 10-K,0001193125-23-082459,0
1659352,near_default,3,delisting_by_exchange,2023-05-02,2023-05-02,25-NSE,0001354457-23-000328,0
1661920,stress,2,restatement_non_reliance,2016-11-23,2016-11-23,8-K,0001193125-16-776612,0
1661920,stress,2,restatement_non_reliance,2018-10-26,2018-10-26,8-K,0001661920-18-000028,0
1661920,stress,2,listing_rule_failure,2020-04-24,2020-04-24,8-K,0001661920-20-000033,0
1661920,early_warning,1,late_quarterly_report,2020-06-29,2020-06-29,NT 10-Q,0001193125-20-182465,0
1661920,near_default,3,debt_acceleration,2020-08-03,2020-08-03,8-K,0001661920-20-000062,0
1661920,stress,2,listing_rule_failure,2020-08-20,2020-08-20,8-K,0001661920-20-000072,0
1661920,default,4,chapter11_petition,2020-09-30,2020-10-01,8-K,0001661920-20-000078,0
1661920,near_default,3,debt_acceleration,2020-10-01,2020-10-01,8-K,0001661920-20-000078,0
1661920,stress,2,listing_rule_failure,2020-10-07,2020-10-07,8-K,0001661920-20-000080,0
1661920,near_default,3,delisting_by_exchange,2020-10-27,2020-10-27,25-NSE,0001354457-20-000637,0
1661920,early_warning,1,late_quarterly_report,2020-11-17,2020-11-17,NT 10-Q,0001193125-20-296137,0
1661920,stress,2,listing_rule_failure,2021-10-08,2021-10-08,8-K,0001193125-21-294444,0
1705012,early_warning,1,auditor_change,2019-06-07,2019-06-07,8-K,0001493152-19-008867,1
1705012,early_warning,1,auditor_change,2020-11-05,2020-11-05,8-K,0001493152-20-020579,1
1705012,early_warning,1,auditor_change,2023-04-24,2023-04-24,8-K,0001493152-23-013358,1
1705012,early_warning,1,auditor_change,2023-06-30,2023-06-30,8-K,0001628280-23-023999,1
1705012,near_default,3,delisting_by_exchange,2025-07-16,2025-07-16,25-NSE,0001354457-25-000679,0
1705012,near_default,3,debt_acceleration,2025-11-21,2025-11-21,8-K,0001493152-25-024673,0
1705012,near_default,3,debt_acceleration,2025-12-02,2025-12-02,8-K,0001493152-25-025763,0
1705012,stress,2,listing_rule_failure,2026-01-09,2026-01-09,8-K,0001493152-26-001117,0
1705012,default,4,chapter11_petition,2026-01-26,2026-01-27,8-K,0001493152-26-003696,0
1705012,near_default,3,debt_acceleration,2026-01-27,2026-01-27,8-K,0001493152-26-003696,0
1705012,stress,2,listing_rule_failure,2026-01-30,2026-01-30,8-K,0001493152-26-004289,0
1705012,near_default,3,delisting_by_exchange,2026-05-14,2026-05-14,25-NSE,0001354457-26-000454,0
1707925,stress,2,listing_rule_failure,2018-10-31,2018-10-31,8-K,0001193125-18-313073,0
1707925,early_warning,1,late_annual_report,2019-03-01,2019-03-01,NT 10-K,0001193125-19-061073,0
1707925,stress,2,listing_rule_failure,2023-03-01,2023-03-01,8-K12B,0001193125-23-055949,0
1707925,near_default,3,delisting_by_exchange,2023-03-02,2023-03-02,25-NSE,0000876661-23-000160,0
1707925,stress,2,listing_rule_failure,2023-10-26,2023-10-26,8-K,0001654954-23-013397,0
1707925,near_default,3,delisting_filed,2023-11-06,2023-11-06,25,0001654954-23-013831,0
1711291,early_warning,1,auditor_change,2019-08-06,2019-08-06,8-K,0001711291-19-000046,1
1711291,stress,2,listing_rule_failure,2023-10-19,2023-10-19,8-K,0001711291-23-000092,0
1711291,near_default,3,delisting_by_exchange,2024-03-14,2024-03-14,25-NSE,0000876661-24-000162,0
1711291,stress,2,listing_rule_failure,2024-03-15,2024-03-15,8-K,0001711291-24-000024,0
1711291,default,4,chapter11_petition,2024-03-25,2024-03-25,8-K,0001104659-24-038503,0
1711291,near_default,3,debt_acceleration,2024-03-25,2024-03-25,8-K,0001104659-24-038503,0
1720990,stress,2,listing_rule_failure,2020-02-21,2020-02-21,8-K,0001213900-20-004499,0
1720990,near_default,3,delisting_by_exchange,2020-10-30,2020-10-30,25-NSE,0000876661-20-001007,0
1720990,early_warning,1,auditor_change,2020-11-04,2020-11-04,8-K,0001193125-20-285584,1
1720990,early_warning,1,auditor_change,2021-04-09,2021-04-09,8-K,0001193125-21-111591,1
1720990,near_default,3,delisting_by_exchange,2021-04-19,2021-04-19,25-NSE,0000876661-21-000575,0
1720990,stress,2,restatement_non_reliance,2021-05-07,2021-05-07,8-K,0001140361-21-016451,0
1720990,early_warning,1,late_quarterly_report,2023-11-13,2023-11-13,NT 10-Q,0001720990-23-000118,0
1720990,stress,2,listing_rule_failure,2024-02-16,2024-02-16,8-K,0001193125-24-038568,0
1720990,early_warning,1,late_annual_report,2024-03-01,2024-03-01,NT 10-K,0001720990-24-000022,0
1720990,near_default,3,debt_acceleration,2024-03-18,2024-03-18,8-K,0001193125-24-069658,0
1720990,stress,2,listing_rule_failure,2024-03-25,2024-03-25,8-K,0001720990-24-000032,0
1720990,near_default,3,debt_acceleration,2024-04-04,2024-04-04,8-K,0001193125-24-087419,0
1720990,near_default,3,delisting_by_exchange,2024-04-10,2024-04-10,25-NSE,0000876661-24-000265,0
1720990,early_warning,1,auditor_change,2024-05-13,2024-05-13,8-K,0001720990-24-000050,1
1720990,early_warning,1,late_quarterly_report,2024-05-13,2024-05-13,NT 10-Q,0001720990-24-000051,0
1720990,near_default,3,debt_acceleration,2024-06-04,2024-06-04,8-K,0001193125-24-154369,0
1720990,default,4,chapter11_petition,2024-06-24,2024-06-24,8-K,0001193125-24-167032,0
1720990,near_default,3,debt_acceleration,2024-06-24,2024-06-24,8-K,0001193125-24-167032,0
1720990,early_warning,1,late_quarterly_report,2024-08-15,2024-08-15,NT 10-Q,0001628280-24-037402,0
1723580,early_warning,1,late_quarterly_report,2019-11-15,2019-11-15,NT 10-Q,0001213900-19-023688,0
1723580,stress,2,listing_rule_failure,2020-01-03,2020-01-03,8-K,0001213900-20-000122,0
1723580,early_warning,1,late_annual_report,2020-03-16,2020-03-16,NT 10-K,0001213900-20-006480,0
1723580,early_warning,1,late_quarterly_report,2020-05-11,2020-05-11,NT 10-Q,0001213900-20-011639,0
1723580,stress,2,listing_rule_failure,2020-07-10,2020-07-10,8-K,0001213900-20-017256,0
1723580,early_warning,1,late_quarterly_report,2020-08-10,2020-08-10,NT 10-Q,0001213900-20-021169,0
1723580,early_warning,1,late_quarterly_report,2020-11-09,2020-11-09,NT 10-Q,0001213900-20-035931,0
1723580,near_default,3,delisting_by_exchange,2020-12-16,2020-12-16,25-NSE,0001354457-20-000798,0
1723580,early_warning,1,auditor_change,2020-12-23,2020-12-23,8-K,0001213900-20-044181,1
1723580,early_warning,1,late_annual_report,2021-03-31,2021-03-31,NT 10-K,0001193125-21-102255,0
1723580,stress,2,listing_rule_failure,2021-04-21,2021-04-21,8-K,0001193125-21-123168,0
1723580,early_warning,1,late_quarterly_report,2021-05-17,2021-05-17,NT 10-Q,0001193125-21-163955,0
1723580,stress,2,listing_rule_failure,2021-06-25,2021-06-25,8-K,0001193125-21-200531,0
1723580,early_warning,1,late_annual_report,2022-04-01,2022-04-01,NT 10-K,0001193125-22-092911,0
1723580,early_warning,1,auditor_change,2022-05-12,2022-05-12,8-K,0001193125-22-148809,1
1723580,stress,2,listing_rule_failure,2023-11-09,2023-11-09,8-K,0001723580-23-000020,0
1723580,stress,2,listing_rule_failure,2024-01-26,2024-01-26,8-K,0001723580-24-000004,0
1723580,early_warning,1,late_annual_report,2024-04-02,2024-04-02,NT 10-K,0001723580-24-000008,0
1723580,stress,2,listing_rule_failure,2024-07-24,2024-07-24,8-K,0001723580-24-000034,0
1723580,early_warning,1,late_quarterly_report,2024-08-16,2024-08-16,NT 10-Q,0001723580-24-000050,0
1723580,stress,2,listing_rule_failure,2024-08-30,2024-08-30,8-K,0001213900-24-074577,0
1723580,default,4,chapter11_petition,2024-09-17,2024-09-17,8-K,0001723580-24-000055,0
1723580,near_default,3,debt_acceleration,2024-09-17,2024-09-17,8-K,0001723580-24-000055,0
1723580,stress,2,listing_rule_failure,2024-09-17,2024-09-17,8-K,0001723580-24-000055,0
1723580,near_default,3,delisting_by_exchange,2024-10-15,2024-10-15,25-NSE,0001354457-24-000794,0
1725526,stress,2,listing_rule_failure,2018-03-19,2018-03-19,8-K12B,0001193125-18-087967,0
1725526,stress,2,listing_rule_failure,2020-03-13,2020-03-13,8-K,0001725526-20-000040,0
1725526,stress,2,listing_rule_failure,2020-11-10,2020-11-10,8-K,0001725526-20-000116,0
1725526,default,4,chapter11_petition,2021-03-14,2021-03-15,8-K,0001193125-21-080407,0
1725526,near_default,3,debt_acceleration,2021-03-15,2021-03-15,8-K,0001193125-21-080407,0
1725526,stress,2,listing_rule_failure,2021-04-01,2021-04-01,8-K,0001104659-21-045683,0
1725526,near_default,3,delisting_by_exchange,2021-04-05,2021-04-05,25-NSE,0000876661-21-000508,0
1730168,near_default,3,delisting_by_exchange,2022-09-30,2022-09-30,25-NSE,0001354457-22-000551,0
1730168,early_warning,1,exit_or_disposal_costs,2023-12-07,2023-12-07,8-K,0001730168-23-000093,1
1731289,stress,2,listing_rule_failure,2020-01-08,2020-01-08,8-K,0001104659-20-002281,0
1731289,near_default,3,delisting_by_exchange,2020-06-03,2020-06-03,25-NSE,0001354457-20-000219,0
1731289,early_warning,1,auditor_change,2020-06-08,2020-06-08,8-K,0001104659-20-070923,1
1731289,near_default,3,delisting_by_exchange,2020-09-08,2020-09-08,25-NSE,0001354457-20-000457,0
1731289,stress,2,restatement_non_reliance,2021-05-04,2021-05-04,8-K,0001731289-21-000050,0
1731289,stress,2,listing_rule_failure,2023-05-25,2023-05-25,8-K,0001731289-23-000124,0
1731289,stress,2,listing_rule_failure,2024-01-19,2024-01-19,8-K,0001731289-24-000004,0
1731289,early_warning,1,auditor_change,2024-03-18,2024-03-18,8-K,0001731289-24-000092,1
1731289,default,4,chapter11_petition,2025-02-19,2025-02-19,8-K,0001731289-25-000004,0
1731289,near_default,3,debt_acceleration,2025-02-19,2025-02-19,8-K,0001731289-25-000004,0
1731289,early_warning,1,material_impairment,2025-02-19,2025-02-19,8-K,0001731289-25-000004,1
1731289,stress,2,listing_rule_failure,2025-02-21,2025-02-21,8-K,0001731289-25-000011,0
1731289,stress,2,listing_rule_failure,2025-03-26,2025-03-26,8-K,0001731289-25-000017,0
1731289,early_warning,1,late_annual_report,2025-03-31,2025-03-31,NT 10-K,0001731289-25-000024,0
1731289,near_default,3,delisting_filed,2025-04-03,2025-04-03,25,0001731289-25-000026,0
1741231,stress,2,listing_rule_failure,2020-01-03,2020-01-03,8-K,0001213900-20-000133,0
1741231,near_default,3,delisting_by_exchange,2020-10-15,2020-10-15,25-NSE,0001354457-20-000597,0
1741231,early_warning,1,auditor_change,2020-10-21,2020-10-21,8-K,0001213900-20-032445,1
1741231,early_warning,1,auditor_change,2020-11-12,2020-11-12,8-K,0001213900-20-036468,1
1741231,near_default,3,delisting_by_exchange,2021-02-16,2021-02-16,25-NSE,0001354457-21-000232,0
1741231,early_warning,1,late_quarterly_report,2021-05-18,2021-05-18,NT 10-Q,0001213900-21-027367,0
1741231,early_warning,1,late_quarterly_report,2021-11-16,2021-11-16,NT 10-Q,0001213900-21-059944,0
1741231,early_warning,1,late_annual_report,2022-03-02,2022-03-02,NT 10-K,0001213900-22-010156,0
1741231,stress,2,restatement_non_reliance,2022-03-11,2022-03-11,8-K,0001213900-22-011886,0
1741231,early_warning,1,auditor_change,2022-03-25,2022-03-25,8-K,0001213900-22-015210,1
1741231,stress,2,restatement_non_reliance,2022-10-12,2022-10-12,8-K,0001628280-22-026304,0
1741231,early_warning,1,late_quarterly_report,2022-11-10,2022-11-10,NT 10-Q,0001628280-22-029528,0
1741231,stress,2,listing_rule_failure,2022-11-21,2022-11-21,8-K,0001628280-22-030529,0
1741231,early_warning,1,late_annual_report,2023-03-17,2023-03-17,NT 10-K,0001628280-23-008504,0
1741231,stress,2,listing_rule_failure,2023-04-05,2023-04-05,8-K,0001628280-23-010857,0
1741231,early_warning,1,late_quarterly_report,2023-05-10,2023-05-10,NT 10-Q,0001628280-23-017316,0
1741231,stress,2,listing_rule_failure,2023-06-30,2023-06-30,8-K,0001628280-23-024033,0
1741231,default,4,chapter11_petition,2023-07-02,2023-07-06,8-K,0001628280-23-024475,0
1741231,near_default,3,debt_acceleration,2023-07-06,2023-07-06,8-K,0001628280-23-024475,0
1741231,stress,2,listing_rule_failure,2023-07-06,2023-07-06,8-K,0001628280-23-024475,0
1741231,early_warning,1,exit_or_disposal_costs,2023-07-06,2023-07-06,8-K,0001628280-23-024475,1
1741231,near_default,3,delisting_by_exchange,2023-07-27,2023-07-27,25-NSE,0001354457-23-000543,0
1744489,early_warning,1,material_impairment,2023-06-02,2023-06-02,8-K,0001744489-23-000107,1
1744489,early_warning,1,material_impairment,2024-02-28,2024-02-28,8-K,0001193125-24-049404,1
1748790,early_warning,1,auditor_change,2026-08-14,2026-08-14,8-K,0001104659-26-096303,1
1751788,early_warning,1,exit_or_disposal_costs,2020-09-30,2020-09-30,8-K,0001751788-20-000028,1
1751788,early_warning,1,material_impairment,2020-09-30,2020-09-30,8-K,0001751788-20-000028,1
1751788,early_warning,1,exit_or_disposal_costs,2023-01-26,2023-01-26,8-K,0001751788-23-000006,1
1751788,early_warning,1,exit_or_disposal_costs,2025-01-30,2025-01-30,8-K,0001751788-25-000006,1
1751788,early_warning,1,exit_or_disposal_costs,2025-07-07,2025-07-07,8-K,0001751788-25-000139,1
1751788,early_warning,1,material_impairment,2025-07-07,2025-07-07,8-K,0001751788-25-000139,1
1751788,early_warning,1,exit_or_disposal_costs,2026-01-29,2026-01-29,8-K,0001751788-26-000009,1
1755672,early_warning,1,exit_or_disposal_costs,2020-02-25,2020-02-25,8-K,0001755672-20-000008,1
1755672,early_warning,1,exit_or_disposal_costs,2021-02-03,2021-02-03,8-K,0001755672-21-000005,1
1755672,early_warning,1,exit_or_disposal_costs,2022-08-04,2022-08-04,8-K,0001755672-22-000018,1
1755672,early_warning,1,exit_or_disposal_costs,2023-11-08,2023-11-08,8-K,0001755672-23-000022,1
1755672,early_warning,1,material_impairment,2023-11-08,2023-11-08,8-K,0001755672-23-000022,1
1755672,early_warning,1,exit_or_disposal_costs,2024-11-06,2024-11-06,8-K,0001755672-24-000021,1
1755672,early_warning,1,exit_or_disposal_costs,2026-06-12,2026-06-12,8-K/A,0001755672-26-000020,1
1755672,early_warning,1,material_impairment,2026-06-12,2026-06-12,8-K/A,0001755672-26-000020,1
1758057,near_default,3,delisting_by_exchange,2020-12-02,2020-12-02,25-NSE,0001354457-20-000741,0
1758057,early_warning,1,auditor_change,2020-12-08,2020-12-08,8-K,0001193125-20-312776,1
1758057,near_default,3,delisting_by_exchange,2021-03-05,2021-03-05,25-NSE,0001354457-21-000309,0
1758057,early_warning,1,late_annual_report,2021-04-01,2021-04-01,NT 10-K,0001628280-21-006290,0
1758057,early_warning,1,exit_or_disposal_costs,2024-05-03,2024-05-03,8-K,0001628280-24-020322,1
1758057,early_warning,1,exit_or_disposal_costs,2024-09-23,2024-09-23,8-K,0001628280-24-041117,1
1758057,stress,2,listing_rule_failure,2024-10-21,2024-10-21,8-K,0001628280-24-043139,0
1758057,early_warning,1,late_quarterly_report,2024-11-12,2024-11-12,NT 10-Q,0001628280-24-047116,0
1758057,early_warning,1,auditor_change,2025-04-01,2025-04-01,8-K,0001628280-25-015935,1
1758057,early_warning,1,late_quarterly_report,2025-05-16,2025-05-16,NT 10-Q,0001628280-25-026157,0
1758057,early_warning,1,exit_or_disposal_costs,2025-10-31,2025-10-31,8-K,0001758057-25-000006,1
1758057,default,4,chapter11_petition,2025-12-15,2025-12-15,8-K,0001140361-25-045494,0
1758057,near_default,3,debt_acceleration,2025-12-15,2025-12-15,8-K,0001140361-25-045494,0
1758057,stress,2,listing_rule_failure,2025-12-19,2025-12-19,8-K,0001140361-25-046216,0
1758057,early_warning,1,exit_or_disposal_costs,2025-12-29,2025-12-29,8-K,0001140361-25-046697,1
1758057,stress,2,listing_rule_failure,2026-01-12,2026-01-12,8-K,0001140361-26-000912,0
1758057,near_default,3,delisting_by_exchange,2026-01-23,2026-01-23,25-NSE,0001354457-26-000083,0
1759546,near_default,3,delisting_by_exchange,2020-10-23,2020-10-23,25-NSE,0001354457-20-000624,0
1759546,early_warning,1,auditor_change,2020-10-29,2020-10-29,8-K,0001104659-20-119279,1
1759546,near_default,3,delisting_by_exchange,2021-01-15,2021-01-15,25-NSE,0001354457-21-000063,0
1759546,stress,2,restatement_non_reliance,2021-05-11,2021-05-11,8-K,0001104659-21-064530,0
1759546,early_warning,1,late_quarterly_report,2021-05-18,2021-05-18,NT 10-Q,0001104659-21-068940,0
1759546,stress,2,listing_rule_failure,2021-06-04,2021-06-04,8-K,0001558370-21-008022,0
1759546,stress,2,listing_rule_failure,2023-04-20,2023-04-20,8-K,0001104659-23-047437,0
1759546,default,4,chapter11_petition,2023-06-27,2023-06-27,8-K,0001104659-23-074944,0
1759546,early_warning,1,exit_or_disposal_costs,2023-06-27,2023-06-27,8-K,0001104659-23-074944,1
1759546,early_warning,1,material_impairment,2023-06-27,2023-06-27,8-K,0001104659-23-074944,1
1759546,stress,2,listing_rule_failure,2023-06-29,2023-06-29,8-K,0001104659-23-076003,0
1759546,near_default,3,delisting_by_exchange,2023-07-27,2023-07-27,25-NSE,0001354457-23-000539,0
1759546,early_warning,1,auditor_change,2024-04-18,2024-04-18,8-K,0001193125-24-099841,1
1760173,stress,2,listing_rule_failure,2019-03-11,2019-03-11,8-K12B,0001193125-19-069906,0
1760173,early_warning,1,late_annual_report,2020-03-17,2020-03-17,NT 10-K,0001193125-20-075447,0
1760173,stress,2,listing_rule_failure,2020-03-20,2020-03-20,8-K,0001193125-20-080712,0
1760173,stress,2,restatement_non_reliance,2020-04-09,2020-04-09,8-K,0001193125-20-101786,0
1760173,early_warning,1,material_impairment,2020-06-09,2020-06-09,8-K,0001193125-20-164737,1
1760173,early_warning,1,late_quarterly_report,2020-06-26,2020-06-26,NT 10-Q,0001193125-20-179531,0
1760173,early_warning,1,late_quarterly_report,2020-08-11,2020-08-11,NT 10-Q,0001193125-20-215721,0
1760173,early_warning,1,late_quarterly_report,2020-11-10,2020-11-10,NT 10-Q,0001193125-20-290137,0
1760173,early_warning,1,auditor_change,2021-04-08,2021-04-08,8-K,0001193125-21-109593,1
1760173,early_warning,1,auditor_change,2021-06-04,2021-06-04,8-K,0001193125-21-182890,1
1760173,stress,2,listing_rule_failure,2021-12-27,2021-12-27,8-K,0001193125-21-367068,0
1760173,early_warning,1,exit_or_disposal_costs,2022-11-09,2022-11-09,8-K,0001193125-22-280763,1
1760173,early_warning,1,exit_or_disposal_costs,2023-03-06,2023-03-06,8-K/A,0001193125-23-061153,1
1760173,stress,2,listing_rule_failure,2023-04-13,2023-04-13,8-K,0001193125-23-099978,0
1760173,stress,2,listing_rule_failure,2023-06-09,2023-06-09,8-K,0001193125-23-164346,0
1760173,default,4,chapter11_petition,2023-06-19,2023-06-20,8-K,0001193125-23-169695,0
1760173,near_default,3,debt_acceleration,2023-06-20,2023-06-20,8-K,0001193125-23-169695,0
1760173,early_warning,1,exit_or_disposal_costs,2023-06-20,2023-06-20,8-K,0001193125-23-169162,1
1760173,stress,2,listing_rule_failure,2023-06-23,2023-06-23,8-K,0001193125-23-173206,0
1760173,near_default,3,delisting_by_exchange,2023-07-27,2023-07-27,25-NSE,0001354457-23-000545,0
1760173,early_warning,1,late_quarterly_report,2023-08-14,2023-08-14,NT 10-Q,0001193125-23-212333,0
1760173,early_warning,1,auditor_change,2023-09-29,2023-09-29,8-K,0001213900-23-081015,1
1762322,early_warning,1,auditor_change,2020-11-16,2020-11-16,8-K/A,0001213900-20-037443,1
1762322,near_default,3,delisting_by_exchange,2021-01-14,2021-01-14,25-NSE,0001354457-21-000055,0
1762322,early_warning,1,exit_or_disposal_costs,2022-08-09,2022-08-09,8-K,0001762322-22-000076,1
1762322,early_warning,1,material_impairment,2022-08-09,2022-08-09,8-K,0001762322-22-000076,1
1762322,stress,2,listing_rule_failure,2022-10-07,2022-10-07,8-K,0001213900-22-062833,0
1762322,early_warning,1,exit_or_disposal_costs,2022-11-15,2022-11-15,8-K/A,0001213900-22-072785,1
1762322,stress,2,listing_rule_failure,2022-12-29,2022-12-29,8-K,0001213900-22-083555,0
1762322,stress,2,listing_rule_failure,2023-02-10,2023-02-10,8-K,0001213900-23-010282,0
1762322,stress,2,listing_rule_failure,2023-03-28,2023-03-28,8-K,0001762322-23-000009,0
1762322,stress,2,listing_rule_failure,2023-04-24,2023-04-24,8-K,0001213900-23-032061,0
1762322,early_warning,1,late_quarterly_report,2023-05-16,2023-05-16,NT 10-Q,0001213900-23-040114,0
1762322,early_warning,1,exit_or_disposal_costs,2023-07-11,2023-07-11,8-K,0001213900-23-056217,1
1762322,early_warning,1,material_impairment,2023-07-11,2023-07-11,8-K,0001213900-23-056217,1
1762322,early_warning,1,exit_or_disposal_costs,2023-09-05,2023-09-05,8-K,0001213900-23-073946,1
1762322,early_warning,1,material_impairment,2023-09-05,2023-09-05,8-K,0001213900-23-073946,1
1762322,default,4,chapter11_petition,2023-10-09,2023-10-10,8-K,0001213900-23-081257,0
1762322,near_default,3,debt_acceleration,2023-10-10,2023-10-10,8-K,0001213900-23-081257,0
1762322,stress,2,listing_rule_failure,2023-10-11,2023-10-11,8-K,0001013762-23-002963,0
1762322,near_default,3,delisting_by_exchange,2023-11-20,2023-11-20,25-NSE,0001354457-23-000868,0
1770141,early_warning,1,late_annual_report,2021-04-01,2021-04-01,NT 10-K,0001193125-21-102803,0
1770141,stress,2,restatement_non_reliance,2021-04-21,2021-04-21,8-K,0001193125-21-124692,0
1770141,near_default,3,delisting_by_exchange,2021-06-10,2021-06-10,25-NSE,0000876661-21-000861,0
1770141,early_warning,1,auditor_change,2021-06-15,2021-06-15,8-K/A,0001193125-21-191296,1
1770141,stress,2,restatement_non_reliance,2022-03-30,2022-03-30,8-K,0001628280-22-007787,0
1770141,early_warning,1,late_annual_report,2022-03-30,2022-03-30,NT 10-K,0001628280-22-007790,0
1770141,early_warning,1,late_quarterly_report,2022-05-16,2022-05-16,NT 10-Q,0001628280-22-014519,0
1770141,stress,2,listing_rule_failure,2022-05-19,2022-05-19,8-K,0001628280-22-014922,0
1770141,early_warning,1,auditor_change,2022-11-14,2022-11-14,8-K,0001193125-22-283753,1
1770141,early_warning,1,late_quarterly_report,2022-11-14,2022-11-14,NT 10-Q,0001193125-22-283765,0
1770141,default,4,chapter11_petition,2023-09-19,2023-09-19,8-K,0001193125-23-237292,0
1770141,near_default,3,debt_acceleration,2023-09-19,2023-09-19,8-K,0001193125-23-237292,0
1770141,early_warning,1,late_quarterly_report,2023-11-14,2023-11-14,NT 10-Q,0001628280-23-038915,0
1770141,stress,2,listing_rule_failure,2023-11-29,2023-11-29,8-K,0001628280-23-040224,0
1770141,near_default,3,delisting_by_exchange,2023-12-13,2023-12-13,25-NSE,0000876661-23-000962,0
1770141,stress,2,listing_rule_failure,2023-12-13,2023-12-13,8-K,0001628280-23-041443,0
1770141,stress,2,listing_rule_failure,2024-01-18,2024-01-18,8-K,0001770141-24-000003,0
1770141,early_warning,1,late_annual_report,2024-04-02,2024-04-02,NT 10-K,0001770141-24-000040,0
1770141,early_warning,1,late_quarterly_report,2024-05-15,2024-05-15,NT 10-Q,0001770141-24-000065,0
1770141,near_default,3,delisting_by_exchange,2024-06-10,2024-06-10,25-NSE,0000876661-24-000474,0
1770141,early_warning,1,late_quarterly_report,2024-08-14,2024-08-14,NT 10-Q,0001770141-24-000094,0
1770141,early_warning,1,late_quarterly_report,2024-11-14,2024-11-14,NT 10-Q,0001193125-24-258579,0
1770141,early_warning,1,late_annual_report,2025-03-31,2025-03-31,NT 10-K,0001193125-25-068725,0
1770141,early_warning,1,late_quarterly_report,2025-05-15,2025-05-15,NT 10-Q,0001193125-25-120779,0
1770141,early_warning,1,late_quarterly_report,2025-08-14,2025-08-14,NT 10-Q,0001193125-25-180770,0
1770141,early_warning,1,late_quarterly_report,2025-11-14,2025-11-14,NT 10-Q,0001193125-25-282866,0
1770141,early_warning,1,late_annual_report,2026-03-31,2026-03-31,NT 10-K,0001193125-26-134465,0
1770141,early_warning,1,late_quarterly_report,2026-05-15,2026-05-15,NT 10-Q,0001193125-26-226598,0
1772695,stress,2,listing_rule_failure,2025-04-04,2025-04-04,8-K,0001772695-25-000054,0
1772695,early_warning,1,late_quarterly_report,2025-05-12,2025-05-12,NT 10-Q,0001772695-25-000082,0
1772695,stress,2,listing_rule_failure,2025-05-23,2025-05-23,8-K,0001772695-25-000094,0
1772695,near_default,3,debt_acceleration,2025-06-05,2025-06-05,8-K,0001772695-25-000102,0
1772695,early_warning,1,exit_or_disposal_costs,2025-06-05,2025-06-05,8-K,0001772695-25-000102,1
1772695,default,4,chapter11_petition,2025-06-08,2025-06-09,8-K,0001772695-25-000105,0
1772695,near_default,3,debt_acceleration,2025-06-09,2025-06-09,8-K,0001772695-25-000105,0
1772695,near_default,3,delisting_by_exchange,2025-06-10,2025-06-10,25-NSE,0000876661-25-000435,0
1772695,stress,2,listing_rule_failure,2025-06-10,2025-06-10,8-K,0001772695-25-000110,0
1775625,stress,2,listing_rule_failure,2022-11-23,2022-11-23,8-K,0001775625-22-000098,0
1775625,stress,2,listing_rule_failure,2023-05-24,2023-05-24,8-K,0001775625-23-000063,0
1775625,default,4,chapter11_petition,2023-09-29,2023-10-02,8-K,0001775625-23-000109,0
1775625,near_default,3,debt_acceleration,2023-10-02,2023-10-02,8-K,0001775625-23-000112,0
1775625,stress,2,listing_rule_failure,2023-10-02,2023-10-02,8-K,0001775625-23-000112,0
1775625,near_default,3,delisting_by_exchange,2023-12-27,2023-12-27,25-NSE,0001354457-23-001004,0
1776197,stress,2,listing_rule_failure,2022-06-10,2022-06-10,8-K,0001193125-22-171947,0
1776197,stress,2,listing_rule_failure,2023-04-21,2023-04-21,8-K,0001193125-23-110676,0
1776197,early_warning,1,auditor_change,2023-08-10,2023-08-10,8-K,0001776197-23-000019,1
1776197,stress,2,listing_rule_failure,2023-08-21,2023-08-21,8-K,0001193125-23-216097,0
1776197,stress,2,listing_rule_failure,2023-10-20,2023-10-20,8-K,0001193125-23-259995,0
1776197,default,4,chapter11_petition,2023-10-22,2023-10-23,8-K,0001193125-23-260391,0
1776197,near_default,3,debt_acceleration,2023-10-23,2023-10-23,8-K,0001193125-23-260391,0
1776197,near_default,3,debt_acceleration,2023-10-27,2023-10-27,8-K,0001193125-23-265244,0
1776197,stress,2,listing_rule_failure,2023-10-27,2023-10-27,8-K,0001193125-23-265244,0
1776197,early_warning,1,late_quarterly_report,2023-11-14,2023-11-14,NT 10-Q,0001776197-23-000029,0
1776197,near_default,3,delisting_by_exchange,2023-11-20,2023-11-20,25-NSE,0001354457-23-000872,0
1779020,near_default,3,delisting_by_exchange,2020-12-30,2020-12-30,25-NSE,0000876661-20-001287,0
1779020,early_warning,1,auditor_change,2021-01-05,2021-01-05,8-K,0001213900-21-000468,1
1779020,early_warning,1,auditor_change,2021-01-06,2021-01-06,8-K/A,0001213900-21-000733,1
1779020,stress,2,restatement_non_reliance,2021-05-07,2021-05-07,8-K,0000950170-21-000142,0
1779020,early_warning,1,late_quarterly_report,2021-05-18,2021-05-18,NT 10-Q,0001213900-21-027610,0
1779020,near_default,3,delisting_by_exchange,2021-06-16,2021-06-16,25-NSE,0000876661-21-000907,0
1779020,early_warning,1,late_annual_report,2022-03-02,2022-03-02,NT 10-K,0001213900-22-010136,0
1779020,stress,2,listing_rule_failure,2024-01-29,2024-01-29,8-K,0000950170-24-008377,0
1779020,stress,2,listing_rule_failure,2024-05-24,2024-05-24,8-K,0000950170-24-064703,0
1779020,early_warning,1,late_quarterly_report,2024-11-15,2024-11-15,NT 10-Q,0000950170-24-127672,0
1779020,near_default,3,debt_acceleration,2024-12-17,2024-12-17,8-K,0000950170-24-137197,0
1779020,stress,2,listing_rule_failure,2024-12-31,2024-12-31,8-K,0000950170-24-141335,0
1779020,near_default,3,delisting_by_exchange,2025-01-17,2025-01-17,25-NSE,0000876661-25-000043,0
1779020,near_default,3,debt_acceleration,2025-02-11,2025-02-11,8-K,0000950170-25-018029,0
1779020,default,4,chapter11_petition,2025-03-18,2025-03-18,8-K,0000950170-25-041367,0
1779020,near_default,3,debt_acceleration,2025-03-18,2025-03-18,8-K,0000950170-25-041367,0
1784567,stress,2,restatement_non_reliance,2022-04-21,2022-04-21,8-K,0001493152-22-010602,0
1784567,near_default,3,debt_acceleration,2022-10-28,2022-10-28,8-K,0001493152-22-029852,0
1784567,stress,2,listing_rule_failure,2022-12-16,2022-12-16,8-K,0001784567-22-000056,0
1784567,stress,2,listing_rule_failure,2023-09-22,2023-09-22,8-K,0001784567-23-000063,0
1784567,near_default,3,debt_acceleration,2023-11-27,2023-11-27,8-K,0001493152-23-042796,0
1784567,near_default,3,debt_acceleration,2023-12-06,2023-12-06,8-K,0001493152-23-043906,0
1784567,default,4,chapter11_petition,2023-12-11,2023-12-15,8-K,0001493152-23-045017,0
1784567,near_default,3,debt_acceleration,2023-12-15,2023-12-15,8-K,0001493152-23-045017,0
1784567,stress,2,listing_rule_failure,2023-12-15,2023-12-15,8-K,0001493152-23-045017,0
1784567,near_default,3,delisting_by_exchange,2024-02-15,2024-02-15,25-NSE,0001354457-24-000088,0
1784567,stress,2,listing_rule_failure,2024-02-21,2024-02-21,8-K,0001493152-24-007358,0
1794905,stress,2,restatement_non_reliance,2021-05-13,2021-05-13,8-K,0001104659-21-065373,0
1794905,early_warning,1,late_quarterly_report,2021-05-17,2021-05-17,NT 10-Q,0001104659-21-068195,0
1794905,near_default,3,delisting_by_exchange,2021-07-29,2021-07-29,25-NSE,0001354457-21-000882,0
1794905,early_warning,1,auditor_change,2021-08-04,2021-08-04,8-K,0001193125-21-236394,1
1794905,near_default,3,delisting_by_exchange,2022-01-19,2022-01-19,25-NSE,0001354457-22-000050,0
1794905,stress,2,listing_rule_failure,2023-03-30,2023-03-30,8-K,0001794905-23-000021,0
1794905,stress,2,listing_rule_failure,2023-05-11,2023-05-11,8-K,0001794905-23-000052,0
1794905,default,4,chapter11_petition,2023-06-04,2023-06-05,8-K,0001193125-23-160378,0
1794905,near_default,3,debt_acceleration,2023-06-05,2023-06-05,8-K,0001193125-23-160378,0
1794905,stress,2,listing_rule_failure,2023-06-09,2023-06-09,8-K,0001193125-23-164436,0
1794905,near_default,3,delisting_by_exchange,2023-07-10,2023-07-10,25-NSE,0001354457-23-000487,0
1800682,stress,2,restatement_non_reliance,2021-04-27,2021-04-27,8-K,0001193125-21-134479,0
1800682,early_warning,1,late_quarterly_report,2021-05-18,2021-05-18,NT 10-Q,0001193125-21-164864,0
1800682,near_default,3,delisting_by_exchange,2021-06-04,2021-06-04,25-NSE,0000876661-21-000840,0
1800682,early_warning,1,auditor_change,2021-06-09,2021-06-09,8-K,0001193125-21-186694,1
1800682,early_warning,1,late_annual_report,2022-03-02,2022-03-02,NT 10-K,0001193125-22-062300,0
1800682,stress,2,restatement_non_reliance,2022-03-14,2022-03-14,8-K,0001193125-22-074606,0
1800682,early_warning,1,late_annual_report,2023-03-02,2023-03-02,NT 10-K,0001193125-23-056597,0
1800682,early_warning,1,late_quarterly_report,2023-08-10,2023-08-10,NT 10-Q,0001800682-23-000027,0
1800682,stress,2,listing_rule_failure,2023-09-11,2023-09-11,8-K,0001800682-23-000031,0
1800682,near_default,3,delisting_by_exchange,2023-11-13,2023-11-13,25-NSE,0000876661-23-000842,0
1800682,early_warning,1,late_quarterly_report,2023-11-13,2023-11-13,NT 10-Q,0001193125-23-274745,0
1800682,stress,2,listing_rule_failure,2023-11-15,2023-11-15,8-K,0001193125-23-277933,0
1800682,stress,2,listing_rule_failure,2023-12-29,2023-12-29,8-K,0001193125-23-305997,0
1800682,default,4,chapter11_petition,2024-02-05,2024-02-05,8-K,0001193125-24-023512,0
1800682,near_default,3,debt_acceleration,2024-02-05,2024-02-05,8-K,0001193125-24-023512,0
1800682,stress,2,listing_rule_failure,2024-02-05,2024-02-05,8-K,0001193125-24-024136,0
1800682,near_default,3,delisting_by_exchange,2024-02-06,2024-02-06,25-NSE,0000876661-24-000084,0
1800682,early_warning,1,late_annual_report,2024-03-18,2024-03-18,NT 10-K,0001193125-24-070234,0
1804591,stress,2,restatement_non_reliance,2021-05-03,2021-05-03,8-K,0000950103-21-006602,0
1804591,early_warning,1,late_quarterly_report,2021-05-17,2021-05-17,NT 10-Q,0000950103-21-007336,0
1804591,stress,2,listing_rule_failure,2021-05-27,2021-05-27,8-K,0000950103-21-007925,0
1804591,stress,2,listing_rule_failure,2021-05-28,2021-05-28,8-K,0000950103-21-008142,0
1804591,near_default,3,delisting_filed,2021-06-16,2021-06-16,25,0000950103-21-008912,0
1804591,early_warning,1,auditor_change,2021-06-21,2021-06-21,8-K/A,0001193125-21-194259,1
1804591,near_default,3,delisting_by_exchange,2021-12-22,2021-12-22,25-NSE,0001354457-21-001497,0
1804591,early_warning,1,exit_or_disposal_costs,2023-06-09,2023-06-09,8-K,0001193125-23-164438,1
1804591,early_warning,1,exit_or_disposal_costs,2023-08-08,2023-08-08,8-K,0000950170-23-039809,1
1804591,stress,2,listing_rule_failure,2023-11-13,2023-11-13,8-K,0001193125-23-276010,0
1804591,stress,2,listing_rule_failure,2024-05-10,2024-05-10,8-K,0001193125-24-136147,0
1804591,stress,2,listing_rule_failure,2024-09-18,2024-09-18,8-K,0001193125-24-221425,0
1804591,stress,2,listing_rule_failure,2024-10-30,2024-10-30,8-K,0001193125-24-247653,0
1804591,default,4,chapter11_petition,2025-03-24,2025-03-24,8-K,0001193125-25-060817,0
1804591,stress,2,listing_rule_failure,2025-03-28,2025-03-28,8-K,0001193125-25-067076,0
1804591,near_default,3,delisting_filed,2025-06-06,2025-06-06,25,0001193125-25-137043,0
1804591,early_warning,1,late_quarterly_report,2025-11-07,2025-11-07,NT 10-Q,0001193125-25-272320,0
1807707,near_default,3,delisting_by_exchange,2021-01-29,2021-01-29,25-NSE,0001354457-21-000133,0
1807707,early_warning,1,auditor_change,2021-02-02,2021-02-02,8-K,0001104659-21-010348,1
1807707,stress,2,restatement_non_reliance,2021-05-14,2021-05-14,8-K,0001807707-21-000014,0
1807707,stress,2,listing_rule_failure,2023-01-18,2023-01-18,8-K,0001807707-23-000013,0
1807707,stress,2,listing_rule_failure,2023-04-21,2023-04-21,8-K,0001807707-23-000038,0
1807707,near_default,3,debt_acceleration,2023-06-05,2023-06-05,8-K,0001807707-23-000057,0
1807707,near_default,3,debt_acceleration,2023-07-17,2023-07-17,8-K,0001807707-23-000095,0
1807707,default,4,chapter11_petition,2023-07-24,2023-07-24,8-K,0001807707-23-000104,0
1807707,near_default,3,debt_acceleration,2023-07-24,2023-07-24,8-K,0001807707-23-000104,0
1807707,stress,2,listing_rule_failure,2023-07-24,2023-07-24,8-K,0001807707-23-000104,0
1807707,near_default,3,delisting_by_exchange,2023-09-08,2023-09-08,25-NSE,0001354457-23-000649,0
1808220,early_warning,1,late_annual_report,2022-03-02,2022-03-02,NT 10-K,0001193125-22-061816,0
1808220,stress,2,listing_rule_failure,2022-05-05,2022-05-05,8-K,0001808220-22-000041,0
1808220,stress,2,listing_rule_failure,2022-05-27,2022-05-27,8-K,0001808220-22-000052,0
1808220,early_warning,1,late_quarterly_report,2022-08-16,2022-08-16,NT 10-Q,0001808220-22-000093,0
1808220,stress,2,listing_rule_failure,2022-11-22,2022-11-22,8-K,0001808220-22-000114,0
1808220,early_warning,1,late_quarterly_report,2025-05-16,2025-05-16,NT 10-Q,0001808220-25-000055,0
1808220,stress,2,listing_rule_failure,2026-03-20,2026-03-20,8-K,0001628280-26-020176,0
1808220,early_warning,1,late_quarterly_report,2026-05-18,2026-05-18,NT 10-Q,0001628280-26-035934,0
1808220,default,4,chapter11_petition,2026-06-07,2026-06-08,8-K,0001628280-26-041369,0
1808220,near_default,3,debt_acceleration,2026-06-08,2026-06-08,8-K,0001628280-26-041369,0
1808220,stress,2,listing_rule_failure,2026-06-11,2026-06-11,8-K,0001628280-26-042509,0
1808220,near_default,3,delisting_by_exchange,2026-07-10,2026-07-10,25-NSE,0001354457-26-000659,0
1811109,stress,2,restatement_non_reliance,2021-03-30,2021-03-30,8-K,0001607062-21-000067,0
1811109,early_warning,1,auditor_change,2021-06-17,2021-06-17,8-K,0001607062-21-000159,1
1811109,stress,2,listing_rule_failure,2022-01-18,2022-01-18,8-K,0001607062-22-000024,0
1811109,early_warning,1,late_annual_report,2022-04-01,2022-04-01,NT 10-K,0001607062-22-000231,0
1811109,early_warning,1,late_quarterly_report,2022-05-12,2022-05-12,NT 10-Q,0001607062-22-000327,0
1811109,stress,2,listing_rule_failure,2023-04-14,2023-04-14,8-K,0001607062-23-000199,0
1811109,early_warning,1,late_quarterly_report,2023-05-15,2023-05-15,NT 10-Q,0001607062-23-000276,0
1811109,early_warning,1,late_quarterly_report,2023-08-15,2023-08-15,NT 10-Q,0001607062-23-000407,0
1811109,stress,2,listing_rule_failure,2023-08-28,2023-08-28,8-K,0001607062-23-000420,0
1811109,early_warning,1,late_quarterly_report,2023-11-14,2023-11-14,NT 10-Q,0001607062-23-000489,0
1811109,early_warning,1,late_annual_report,2024-04-01,2024-04-01,NT 10-K,0001213900-24-028801,0
1811109,early_warning,1,auditor_change,2024-04-19,2024-04-19,8-K,0001213900-24-034540,1
1811109,early_warning,1,late_quarterly_report,2024-05-16,2024-05-16,NT 10-Q,0001213900-24-044313,0
1811109,stress,2,listing_rule_failure,2024-05-17,2024-05-17,8-K,0001213900-24-044796,0
1811109,early_warning,1,auditor_change,2024-05-20,2024-05-20,8-K,0001213900-24-045242,1
1811109,stress,2,listing_rule_failure,2024-05-22,2024-05-22,8-K,0001213900-24-045898,0
1811109,stress,2,listing_rule_failure,2024-05-28,2024-05-28,8-K,0001213900-24-047092,0
1811109,default,4,chapter11_petition,2024-05-31,2024-05-31,8-K,0001213900-24-048456,0
1811109,stress,2,listing_rule_failure,2024-05-31,2024-05-31,8-K,0001213900-24-048456,0
1811109,near_default,3,delisting_by_exchange,2024-06-28,2024-06-28,25-NSE,0001354457-24-000446,0
1811856,near_default,3,delisting_by_exchange,2021-03-08,2021-03-08,25-NSE,0001354457-21-000317,0
1811856,stress,2,listing_rule_failure,2021-03-12,2021-03-12,8-K,0001193125-21-079857,0
1811856,early_warning,1,auditor_change,2021-03-12,2021-03-12,8-K,0001193125-21-079857,1
1811856,stress,2,restatement_non_reliance,2021-05-11,2021-05-11,8-K,0001193125-21-156557,0
1811856,early_warning,1,late_quarterly_report,2021-08-16,2021-08-16,NT 10-Q,0001193125-21-247842,0
1811856,stress,2,listing_rule_failure,2021-08-20,2021-08-20,8-K,0001193125-21-252793,0
1811856,stress,2,restatement_non_reliance,2021-11-09,2021-11-09,8-K,0001193125-21-324677,0
1811856,early_warning,1,late_quarterly_report,2021-11-10,2021-11-10,NT 10-Q,0001193125-21-324867,0
1811856,stress,2,listing_rule_failure,2021-11-19,2021-11-19,8-K,0001193125-21-335197,0
1811856,stress,2,listing_rule_failure,2021-12-23,2021-12-23,8-K,0001193125-21-366247,0
1811856,stress,2,listing_rule_failure,2022-02-22,2022-02-22,8-K,0001193125-22-048585,0
1811856,early_warning,1,late_annual_report,2022-03-02,2022-03-02,NT 10-K,0001193125-22-062989,0
1811856,stress,2,listing_rule_failure,2022-03-04,2022-03-04,8-K,0001564590-22-008790,0
1811856,early_warning,1,late_quarterly_report,2022-05-10,2022-05-10,NT 10-Q,0001193125-22-146408,0
1811856,stress,2,listing_rule_failure,2022-05-13,2022-05-13,8-K,0001193125-22-150228,0
1811856,stress,2,listing_rule_failure,2023-02-16,2023-02-16,8-K,0001193125-23-041150,0
1811856,early_warning,1,exit_or_disposal_costs,2023-03-29,2023-03-29,8-K,0001193125-23-083737,1
1811856,stress,2,listing_rule_failure,2023-11-28,2023-11-28,8-K,0001193125-23-284292,0
1811856,stress,2,listing_rule_failure,2024-02-01,2024-02-01,8-K,0001193125-24-021861,0
1811856,stress,2,listing_rule_failure,2024-02-27,2024-02-27,8-K,0001193125-24-047940,0
1811856,default,4,chapter11_petition,2024-04-02,2024-04-03,8-K,0001193125-24-085064,0
1811856,near_default,3,debt_acceleration,2024-04-02,2024-04-02,8-K,0001193125-24-084775,0
1811856,stress,2,listing_rule_failure,2024-04-02,2024-04-02,8-K,0001193125-24-084775,0
1811856,early_warning,1,late_annual_report,2024-04-02,2024-04-02,NT 10-K,0001193125-24-084783,0
1811856,stress,2,listing_rule_failure,2024-04-04,2024-04-04,8-K,0001193125-24-086157,0
1811856,near_default,3,delisting_by_exchange,2024-04-25,2024-04-25,25-NSE,0001354457-24-000302,0
1811856,early_warning,1,auditor_change,2024-04-25,2024-04-25,8-K,0001193125-24-113919,1
1813756,stress,2,restatement_non_reliance,2021-05-12,2021-05-12,8-K,0001193125-21-159275,0
1813756,early_warning,1,late_quarterly_report,2021-05-13,2021-05-13,NT 10-Q,0001193125-21-160462,0
1813756,stress,2,listing_rule_failure,2021-10-08,2021-10-08,8-K,0001193125-21-295570,0
1813756,near_default,3,delisting_filed,2021-10-20,2021-10-20,25,0001193125-21-303017,0
1813756,early_warning,1,auditor_change,2021-10-26,2021-10-26,8-K/A,0001193125-21-308158,1
1813756,stress,2,restatement_non_reliance,2021-12-01,2021-12-01,8-K,0001193125-21-345312,0
1813756,early_warning,1,late_annual_report,2023-03-17,2023-03-17,NT 10-K,0001193125-23-073442,0
1813756,stress,2,listing_rule_failure,2023-04-18,2023-04-18,8-K,0001813756-23-000031,0
1813756,stress,2,listing_rule_failure,2023-06-29,2023-06-29,8-K,0001193125-23-178602,0
1813756,near_default,3,delisting_by_exchange,2023-08-22,2023-08-22,25-NSE,0000876661-23-000676,0
1813756,stress,2,listing_rule_failure,2023-08-22,2023-08-22,8-K,0001140361-23-040884,0
1813756,default,4,chapter11_petition,2023-11-06,2023-11-07,8-K,0001193125-23-271902,0
1813756,near_default,3,debt_acceleration,2023-11-07,2023-11-07,8-K,0001193125-23-271902,0
1813756,stress,2,listing_rule_failure,2023-11-09,2023-11-09,8-K,0001193125-23-274596,0
1813756,early_warning,1,auditor_change,2023-11-13,2023-11-13,8-K,0001193125-23-276141,1
1813756,early_warning,1,late_quarterly_report,2023-11-13,2023-11-13,NT 10-Q,0001193125-23-276150,0
1813756,near_default,3,delisting_by_exchange,2023-11-22,2023-11-22,25-NSE,0000876661-23-000886,0
1813756,early_warning,1,late_annual_report,2024-03-19,2024-03-19,NT 10-K,0001193125-24-070358,0
1813756,early_warning,1,auditor_change,2024-04-09,2024-04-09,8-K,0001813756-24-000014,1
1813914,stress,2,restatement_non_reliance,2021-04-28,2021-04-28,8-K,0001104659-21-055851,0
1813914,early_warning,1,late_quarterly_report,2021-05-17,2021-05-17,NT 10-Q,0001104659-21-068123,0
1813914,near_default,3,delisting_by_exchange,2021-06-08,2021-06-08,25-NSE,0001354457-21-000625,0
1813914,early_warning,1,late_quarterly_report,2021-08-17,2021-08-17,NT 10-Q,0001193125-21-248320,0
1813914,early_warning,1,auditor_change,2022-02-16,2022-02-16,8-K,0000950170-22-001360,1
1813914,stress,2,restatement_non_reliance,2022-03-08,2022-03-08,8-K,0000950170-22-003058,0
1813914,stress,2,restatement_non_reliance,2023-03-17,2023-03-17,8-K,0000950170-23-008561,0
1813914,early_warning,1,late_annual_report,2023-03-17,2023-03-17,NT 10-K,0000950170-23-008562,0
1813914,stress,2,listing_rule_failure,2024-01-11,2024-01-11,8-K,0000950170-24-003948,0
1813914,early_warning,1,late_annual_report,2024-03-18,2024-03-18,NT 10-K,0000950170-24-032508,0
1813914,stress,2,listing_rule_failure,2024-09-26,2024-09-26,8-K,0000950170-24-109655,0
1813914,early_warning,1,late_quarterly_report,2024-11-13,2024-11-13,NT 10-Q,0000950170-24-126449,0
1813914,default,4,chapter11_petition,2024-11-18,2024-11-18,8-K,0000950170-24-127766,0
1813914,near_default,3,debt_acceleration,2024-11-18,2024-11-18,8-K,0000950170-24-127766,0
1813914,early_warning,1,auditor_change,2025-02-03,2025-02-03,8-K,0001193125-25-019379,1
1813914,near_default,3,delisting_by_exchange,2025-02-10,2025-02-10,25-NSE,0001354457-25-000077,0
1820630,stress,2,restatement_non_reliance,2021-05-05,2021-05-05,8-K,0001213900-21-024735,0
1820630,near_default,3,delisting_by_exchange,2021-06-14,2021-06-14,25-NSE,0001354457-21-000657,0
1820630,early_warning,1,auditor_change,2021-06-17,2021-06-17,8-K,0001628280-21-012482,1
1820630,near_default,3,delisting_by_exchange,2021-10-27,2021-10-27,25-NSE,0001354457-21-001229,0
1820630,early_warning,1,late_annual_report,2022-03-02,2022-03-02,NT 10-K,0001628280-22-004589,0
1820630,early_warning,1,exit_or_disposal_costs,2023-01-20,2023-01-20,8-K,0001628280-23-001334,1
1820630,early_warning,1,late_annual_report,2023-03-02,2023-03-02,NT 10-K,0001628280-23-006088,0
1820630,default,4,chapter11_petition,2023-08-07,2023-08-08,8-K,0001628280-23-027865,0
1820630,near_default,3,debt_acceleration,2023-08-08,2023-08-08,8-K,0001628280-23-027865,0
1820630,stress,2,listing_rule_failure,2023-08-08,2023-08-08,8-K,0001628280-23-028243,0
1820630,near_default,3,delisting_by_exchange,2023-09-08,2023-09-08,25-NSE,0001354457-23-000647,0
1821850,stress,2,restatement_non_reliance,2021-05-06,2021-05-06,8-K,0001564590-21-025049,0
1821850,early_warning,1,late_quarterly_report,2021-05-17,2021-05-17,NT 10-Q,0001564590-21-028423,0
1821850,near_default,3,delisting_by_exchange,2021-07-12,2021-07-12,25-NSE,0000876661-21-001028,0
1821850,early_warning,1,material_impairment,2022-09-28,2022-09-28,8-K,0001821850-22-000056,1
1821850,early_warning,1,late_annual_report,2023-03-17,2023-03-17,NT 10-K,0001821850-23-000017,0
1821850,stress,2,listing_rule_failure,2023-04-03,2023-04-03,8-K,0001104659-23-040563,0
1821850,early_warning,1,late_quarterly_report,2023-05-10,2023-05-10,NT 10-Q,0001821850-23-000036,0
1821850,stress,2,listing_rule_failure,2023-09-28,2023-09-28,8-K,0001104659-23-104825,0
1821850,near_default,3,delisting_by_exchange,2023-10-10,2023-10-10,25-NSE,0001143313-23-000094,0
1821850,default,4,chapter11_petition,2023-10-31,2023-10-31,8-K,0001104659-23-112707,0
1821850,near_default,3,debt_acceleration,2023-10-31,2023-10-31,8-K,0001104659-23-112707,0
1823882,stress,2,restatement_non_reliance,2021-05-14,2021-05-14,8-K,0001829126-21-003865,0
1823882,early_warning,1,late_quarterly_report,2021-05-17,2021-05-17,NT 10-Q,0001829126-21-003973,0
1823882,near_default,3,delisting_by_exchange,2021-08-16,2021-08-16,25-NSE,0001143313-21-000033,0
1823882,early_warning,1,late_annual_report,2022-03-16,2022-03-16,NT 10-K,0001829126-22-006198,0
1823882,stress,2,listing_rule_failure,2022-04-06,2022-04-06,8-K,0001829126-22-007857,0
1823882,stress,2,listing_rule_failure,2023-01-10,2023-01-10,8-K,0001829126-23-000694,0
1823882,near_default,3,delisting_by_exchange,2023-01-20,2023-01-20,25-NSE,0001143313-23-000007,0
1823882,near_default,3,delisting_by_exchange,2023-05-12,2023-05-12,25-NSE,0001143313-23-000033,0
1823882,stress,2,listing_rule_failure,2023-05-12,2023-05-12,8-K,0001829126-23-003322,0
1823882,stress,2,listing_rule_failure,2023-06-14,2023-06-14,8-K,0001829126-23-004149,0
1823882,stress,2,listing_rule_failure,2023-07-11,2023-07-11,8-K,0001829126-23-004627,0
1823882,near_default,3,delisting_by_exchange,2023-08-14,2023-08-14,25-NSE,0001143313-23-000055,0
1823882,stress,2,listing_rule_failure,2023-08-25,2023-08-25,8-K,0001829126-23-005668,0
1823882,default,4,chapter11_petition,2024-03-31,2024-04-01,8-K,0001829126-24-002060,0
1823882,near_default,3,debt_acceleration,2024-04-01,2024-04-01,8-K,0001829126-24-002060,0
1823882,early_warning,1,late_annual_report,2024-04-01,2024-04-01,NT 10-K,0001829126-24-002061,0
1823882,stress,2,listing_rule_failure,2024-04-04,2024-04-04,8-K,0001829126-24-002232,0
1823882,near_default,3,delisting_by_exchange,2024-04-10,2024-04-10,25-NSE,0000876661-24-000267,0
1826671,early_warning,1,late_quarterly_report,2021-05-17,2021-05-17,NT 10-Q,0001213900-21-027020,0
1826671,stress,2,restatement_non_reliance,2021-12-02,2021-12-02,8-K,0001213900-21-063091,0
1826671,early_warning,1,late_annual_report,2022-03-31,2022-03-31,NT 10-K,0001213900-22-016752,0
1826671,stress,2,restatement_non_reliance,2022-04-11,2022-04-11,8-K,0001213900-22-019192,0
1826671,early_warning,1,late_quarterly_report,2022-08-16,2022-08-16,NT 10-Q,0001213900-22-048368,0
1826671,near_default,3,delisting_by_exchange,2023-03-23,2023-03-23,25-NSE,0001354457-23-000205,0
1826671,early_warning,1,auditor_change,2023-03-28,2023-03-28,8-K,0001213900-23-023757,1
1826671,near_default,3,debt_acceleration,2023-05-15,2023-05-15,8-K,0001213900-23-039755,0
1826671,early_warning,1,late_quarterly_report,2023-05-15,2023-05-15,NT 10-Q,0001213900-23-040002,0
1826671,stress,2,listing_rule_failure,2023-09-22,2023-09-22,8-K,0001213900-23-078800,0
1826671,stress,2,restatement_non_reliance,2023-10-05,2023-10-05,8-K,0001013762-23-002164,0
1826671,stress,2,listing_rule_failure,2023-11-09,2023-11-09,8-K,0001213900-23-085257,0
1826671,early_warning,1,late_quarterly_report,2023-11-14,2023-11-14,NT 10-Q,0001213900-23-087002,0
1826671,near_default,3,debt_acceleration,2023-11-21,2023-11-21,8-K,0001213900-23-088957,0
1826671,stress,2,listing_rule_failure,2023-11-21,2023-11-21,8-K,0001213900-23-088957,0
1826671,default,4,chapter11_petition,2023-12-11,2023-12-11,8-K,0001213900-23-094534,0
1826671,near_default,3,debt_acceleration,2023-12-11,2023-12-11,8-K,0001213900-23-094534,0
1826671,stress,2,listing_rule_failure,2023-12-11,2023-12-11,8-K,0001213900-23-094534,0
1826671,near_default,3,delisting_by_exchange,2023-12-27,2023-12-27,25-NSE,0001354457-23-001003,0
1826671,early_warning,1,auditor_change,2023-12-27,2023-12-27,8-K,0001213900-23-098711,1
1828672,early_warning,1,late_quarterly_report,2021-05-17,2021-05-17,NT 10-Q,0001104659-21-068171,0
1828672,stress,2,restatement_non_reliance,2021-05-21,2021-05-21,8-K,0001104659-21-070445,0
1828672,stress,2,listing_rule_failure,2021-06-04,2021-06-04,8-K,0001104659-21-077159,0
1828672,stress,2,restatement_non_reliance,2021-11-30,2021-11-30,8-K,0001104659-21-145041,0
1828672,near_default,3,delisting_filed,2021-12-08,2021-12-08,25,0001104659-21-147575,0
1828672,early_warning,1,auditor_change,2021-12-14,2021-12-14,8-K,0001104659-21-149546,1
1828672,near_default,3,debt_acceleration,2022-08-17,2022-08-17,8-K,0001828672-22-000095,0
1828672,stress,2,listing_rule_failure,2022-10-14,2022-10-14,8-K,0001140361-22-037235,0
1828672,stress,2,listing_rule_failure,2022-11-25,2022-11-25,8-K,0001140361-22-043130,0
1828672,stress,2,listing_rule_failure,2023-03-17,2023-03-17,8-K,0001140361-23-012345,0
1828672,early_warning,1,late_annual_report,2023-03-17,2023-03-17,NT 10-K,0001140361-23-012343,0
1828672,default,4,chapter11_petition,2023-04-02,2023-04-03,8-K,0001140361-23-015648,0
1828672,near_default,3,debt_acceleration,2023-04-03,2023-04-03,8-K,0001140361-23-015648,0
1828672,stress,2,listing_rule_failure,2023-04-04,2023-04-04,8-K,0001140361-23-016266,0
1828672,near_default,3,delisting_by_exchange,2023-04-18,2023-04-18,25-NSE,0000876661-23-000355,0
1828672,near_default,3,delisting_by_exchange,2023-04-18,2023-04-18,25-NSE,0000876661-23-000354,0
1830180,stress,2,restatement_non_reliance,2021-05-13,2021-05-13,8-K,0001193125-21-160658,0
1830180,early_warning,1,late_quarterly_report,2021-05-18,2021-05-18,NT 10-Q,0001193125-21-165396,0
1830180,near_default,3,delisting_by_exchange,2021-10-15,2021-10-15,25-NSE,0001354457-21-001166,0
1830180,early_warning,1,auditor_change,2021-10-22,2021-10-22,8-K,0001193125-21-304222,1
1830180,stress,2,restatement_non_reliance,2021-12-14,2021-12-14,8-K,0001193125-21-356225,0
1830180,stress,2,listing_rule_failure,2022-06-24,2022-06-24,8-K,0001193125-22-181673,0
1830180,default,4,chapter11_petition,2022-06-30,2022-06-30,8-K,0001193125-22-185628,0
1830180,early_warning,1,exit_or_disposal_costs,2022-06-30,2022-06-30,8-K,0001193125-22-186216,1
1830180,early_warning,1,exit_or_disposal_costs,2022-06-30,2022-06-30,8-K,0001193125-22-185628,1
1830180,stress,2,listing_rule_failure,2022-07-07,2022-07-07,8-K,0001193125-22-189554,0
1830180,near_default,3,delisting_by_exchange,2022-07-19,2022-07-19,25-NSE,0001354457-22-000414,0
1830180,early_warning,1,late_quarterly_report,2022-08-15,2022-08-15,NT 10-Q,0001193125-22-221199,0
1830180,early_warning,1,late_quarterly_report,2022-11-14,2022-11-14,NT 10-Q,0001193125-22-284851,0
1830210,early_warning,1,late_quarterly_report,2021-05-18,2021-05-18,NT 10-Q,0001104659-21-068815,0
1830210,near_default,3,delisting_by_exchange,2021-09-30,2021-09-30,25-NSE,0000876661-21-001422,0
1830210,early_warning,1,auditor_change,2021-10-05,2021-10-05,8-K,0001104659-21-122720,1
1830210,early_warning,1,exit_or_disposal_costs,2023-03-28,2023-03-28,8-K,0001830210-23-000062,1
1830210,early_warning,1,exit_or_disposal_costs,2023-05-24,2023-05-24,8-K/A,0001830210-23-000090,1
1830210,early_warning,1,exit_or_disposal_costs,2023-06-16,2023-06-16,8-K,0001830210-23-000095,1
1830210,stress,2,listing_rule_failure,2023-09-15,2023-09-15,8-K,0001830210-23-000167,0
1830210,stress,2,listing_rule_failure,2023-12-20,2023-12-20,8-K,0001830210-23-000192,0
1830210,near_default,3,delisting_by_exchange,2024-01-05,2024-01-05,25-NSE,0000876661-24-000016,0
1830210,stress,2,listing_rule_failure,2024-08-13,2024-08-13,8-K,0001830210-24-000128,0
1830210,near_default,3,delisting_filed,2024-08-23,2024-08-23,25,0001830210-24-000132,0
1830210,early_warning,1,late_annual_report,2025-03-18,2025-03-18,NT 10-K,0001830210-25-000012,0
1830210,default,4,chapter11_petition,2025-03-25,2025-03-25,8-K,0001830210-25-000016,0
1830210,stress,2,listing_rule_failure,2025-03-25,2025-03-25,8-K,0001830210-25-000016,0
1830210,early_warning,1,exit_or_disposal_costs,2025-03-25,2025-03-25,8-K,0001830210-25-000016,1
1830210,early_warning,1,material_impairment,2025-03-25,2025-03-25,8-K,0001830210-25-000016,1
1832351,early_warning,1,late_quarterly_report,2021-05-17,2021-05-17,NT 10-Q,0001564590-21-028474,0
1832351,stress,2,restatement_non_reliance,2021-05-20,2021-05-20,8-K,0001564590-21-029108,0
1832351,early_warning,1,late_quarterly_report,2021-08-17,2021-08-17,NT 10-Q,0001564590-21-044738,0
1832351,stress,2,restatement_non_reliance,2021-11-16,2021-11-16,8-K,0001564590-21-057316,0
1832351,early_warning,1,late_quarterly_report,2021-11-16,2021-11-16,NT 10-Q,0001564590-21-057311,0
1832351,near_default,3,delisting_by_exchange,2022-02-04,2022-02-04,25-NSE,0001354457-22-000102,0
1832351,early_warning,1,auditor_change,2022-03-30,2022-03-30,8-K,0001193125-22-088825,1
1832351,early_warning,1,late_annual_report,2022-03-30,2022-03-30,NT 10-K,0001193125-22-088831,0
1832351,stress,2,listing_rule_failure,2022-06-10,2022-06-10,8-K,0000950170-22-011495,0
1832351,default,4,chapter11_petition,2022-11-08,2022-11-08,8-K,0000950170-22-022842,0
1832351,near_default,3,debt_acceleration,2022-11-08,2022-11-08,8-K,0000950170-22-022842,0
1832351,early_warning,1,exit_or_disposal_costs,2022-11-08,2022-11-08,8-K,0000950170-22-022842,1
1832351,stress,2,listing_rule_failure,2022-11-14,2022-11-14,8-K,0000950170-22-024973,0
1832351,near_default,3,delisting_by_exchange,2022-12-21,2022-12-21,25-NSE,0001354457-22-000756,0
1834045,early_warning,1,auditor_change,2021-06-11,2021-06-11,8-K,0001193125-21-188995,1
1834045,early_warning,1,late_annual_report,2021-09-29,2021-09-29,NT 10-K,0001193125-21-286741,0
1834045,early_warning,1,auditor_change,2021-11-24,2021-11-24,8-K,0000950170-21-004897,1
1834045,early_warning,1,auditor_change,2021-12-03,2021-12-03,8-K,0000950170-21-005034,1
1834045,stress,2,restatement_non_reliance,2022-09-13,2022-09-13,8-K,0000950170-22-018410,0
1834045,stress,2,restatement_non_reliance,2023-02-08,2023-02-08,8-K,0001193125-23-028579,0
1834045,early_warning,1,late_quarterly_report,2023-02-08,2023-02-08,NT 10-Q,0001193125-23-028595,0
1834045,stress,2,listing_rule_failure,2023-02-16,2023-02-16,8-K,0001193125-23-041078,0
1834045,early_warning,1,material_impairment,2023-04-05,2023-04-05,8-K,0000950170-23-011936,1
1834045,early_warning,1,exit_or_disposal_costs,2023-07-20,2023-07-20,8-K,0000950170-23-033697,1
1834045,stress,2,listing_rule_failure,2023-09-19,2023-09-19,8-K,0000950170-23-048776,0
1834045,stress,2,restatement_non_reliance,2023-09-27,2023-09-27,8-K,0000950170-23-050175,0
1834045,early_warning,1,late_annual_report,2023-09-27,2023-09-27,NT 10-K,0000950170-23-050174,0
1834045,early_warning,1,exit_or_disposal_costs,2024-01-17,2024-01-17,8-K,0000950170-24-005041,1
1834045,stress,2,listing_rule_failure,2024-02-27,2024-02-27,8-K,0000950170-24-021198,0
1834045,early_warning,1,exit_or_disposal_costs,2024-05-13,2024-05-13,8-K,0000950170-24-058217,1
1834045,default,4,chapter11_petition,2024-07-24,2024-07-24,8-K,0000950170-24-085857,0
1834045,near_default,3,debt_acceleration,2024-07-24,2024-07-24,8-K,0000950170-24-085857,0
1834045,stress,2,listing_rule_failure,2024-07-24,2024-07-24,8-K,0000950170-24-085857,0
1834045,stress,2,listing_rule_failure,2024-07-30,2024-07-30,8-K,0000950170-24-087506,0
1834045,near_default,3,delisting_filed,2024-08-05,2024-08-05,25,0001193125-24-194064,0
1834585,stress,2,listing_rule_failure,2023-07-21,2023-07-21,8-K,0000950170-23-033844,0
1834585,stress,2,listing_rule_failure,2023-10-20,2023-10-20,8-K,0000950170-23-054393,0
1834585,stress,2,listing_rule_failure,2023-12-26,2023-12-26,8-K,0001193125-23-303013,0
1834585,default,4,chapter11_petition,2024-03-18,2024-03-18,8-K,0001193125-24-069648,0
1834585,near_default,3,debt_acceleration,2024-03-18,2024-03-18,8-K,0001193125-24-069648,0
1834585,stress,2,listing_rule_failure,2024-03-22,2024-03-22,8-K,0000950170-24-035389,0
1834585,near_default,3,delisting_by_exchange,2024-04-09,2024-04-09,25-NSE,0001354457-24-000261,0
1835567,early_warning,1,late_quarterly_report,2021-05-18,2021-05-18,NT 10-Q,0001193125-21-164503,0
1835567,stress,2,restatement_non_reliance,2021-05-24,2021-05-24,8-K,0001193125-21-170611,0
1835567,early_warning,1,late_quarterly_report,2021-08-17,2021-08-17,NT 10-Q,0001193125-21-248707,0
1835567,near_default,3,delisting_by_exchange,2021-12-03,2021-12-03,25-NSE,0001354457-21-001410,0
1835567,early_warning,1,auditor_change,2021-12-08,2021-12-08,8-K,0001193125-21-350485,1
1835567,early_warning,1,exit_or_disposal_costs,2022-07-25,2022-07-25,8-K,0001835567-22-000059,1
1835567,early_warning,1,exit_or_disposal_costs,2022-11-14,2022-11-14,8-K,0001835567-22-000073,1
1835567,default,4,chapter11_petition,2023-04-07,2023-04-07,8-K,0001835567-23-000020,0
1835567,near_default,3,debt_acceleration,2023-04-07,2023-04-07,8-K,0001835567-23-000020,0
1835567,early_warning,1,exit_or_disposal_costs,2023-04-07,2023-04-07,8-K,0001835567-23-000020,1
1835567,stress,2,listing_rule_failure,2023-04-10,2023-04-10,8-K,0001835567-23-000022,0
1835567,near_default,3,delisting_by_exchange,2023-05-02,2023-05-02,25-NSE,0001354457-23-000332,0
1835972,early_warning,1,late_quarterly_report,2021-05-17,2021-05-17,NT 10-Q,0001140361-21-017700,0
1835972,stress,2,restatement_non_reliance,2021-11-23,2021-11-23,8-K,0001140361-21-039208,0
1835972,stress,2,listing_rule_failure,2022-03-04,2022-03-04,8-K,0001140361-22-008022,0
1835972,early_warning,1,late_quarterly_report,2023-08-15,2023-08-15,NT 10-Q,0001213900-23-067815,0
1835972,stress,2,restatement_non_reliance,2023-08-17,2023-08-17,8-K,0001213900-23-068585,0
1835972,stress,2,restatement_non_reliance,2023-09-01,2023-09-01,8-K/A,0001213900-23-073258,0
1835972,stress,2,listing_rule_failure,2024-01-12,2024-01-12,8-K,0001213900-24-003381,0
1835972,stress,2,listing_rule_failure,2024-03-11,2024-03-11,8-K,0001213900-24-021409,0
1835972,near_default,3,delisting_by_exchange,2024-04-16,2024-04-16,25-NSE,0001354457-24-000268,0
1835972,early_warning,1,auditor_change,2024-04-22,2024-04-22,8-K,0001213900-24-034984,1
1835972,early_warning,1,late_quarterly_report,2024-05-16,2024-05-16,NT 10-Q,0001213900-24-043941,0
1835972,stress,2,restatement_non_reliance,2024-11-18,2024-11-18,8-K,0001213900-24-099394,0
1835972,early_warning,1,late_quarterly_report,2024-11-18,2024-11-18,NT 10-Q,0001213900-24-099396,0
1835972,stress,2,listing_rule_failure,2024-12-10,2024-12-10,8-K,0001213900-24-107134,0
1835972,stress,2,listing_rule_failure,2024-12-16,2024-12-16,8-K/A,0001213900-24-109019,0
1835972,default,4,chapter11_petition,2024-12-23,2024-12-23,8-K,0001213900-24-111529,0
1835972,near_default,3,debt_acceleration,2024-12-23,2024-12-23,8-K,0001213900-24-111529,0
1835972,stress,2,listing_rule_failure,2024-12-27,2024-12-27,8-K,0001213900-24-112871,0
1835972,stress,2,listing_rule_failure,2025-01-03,2025-01-03,8-K,0001213900-25-000828,0
1835972,early_warning,1,auditor_change,2025-02-19,2025-02-19,8-K,0001213900-25-015331,1
1835972,near_default,3,delisting_by_exchange,2025-05-29,2025-05-29,25-NSE,0001354457-25-000471,0
1839341,early_warning,1,late_quarterly_report,2021-05-18,2021-05-18,NT 10-Q,0001213900-21-027543,0
1839341,early_warning,1,late_quarterly_report,2021-08-17,2021-08-17,NT 10-Q,0001213900-21-043216,0
1839341,stress,2,restatement_non_reliance,2021-11-15,2021-11-15,8-K,0001213900-21-059554,0
1839341,near_default,3,delisting_by_exchange,2022-01-19,2022-01-19,25-NSE,0001354457-22-000049,0
1839341,early_warning,1,auditor_change,2022-01-24,2022-01-24,8-K,0001193125-22-016157,1
1839341,early_warning,1,late_quarterly_report,2022-08-16,2022-08-16,NT 10-Q,0001628280-22-022989,0
1839341,early_warning,1,auditor_change,2022-10-28,2022-10-28,8-K,0001628280-22-027303,1
1839341,early_warning,1,late_quarterly_report,2022-11-14,2022-11-14,NT 10-Q,0001193125-22-284573,0
1839341,early_warning,1,auditor_change,2022-11-23,2022-11-23,8-K/A,0001628280-22-030748,1
1839341,stress,2,listing_rule_failure,2022-12-16,2022-12-16,8-K,0001193125-22-307393,0
1839341,default,4,chapter11_petition,2022-12-21,2022-12-21,8-K,0001193125-22-310173,0
1839341,near_default,3,debt_acceleration,2022-12-21,2022-12-21,8-K,0001193125-22-310173,0
1839341,stress,2,listing_rule_failure,2022-12-27,2022-12-27,8-K,0001193125-22-312655,0
1839341,stress,2,listing_rule_failure,2022-12-30,2022-12-30,8-K/A,0001193125-22-315494,0
1839341,stress,2,listing_rule_failure,2023-01-27,2023-01-27,8-K,0001193125-23-016424,0
1839341,early_warning,1,late_annual_report,2023-03-16,2023-03-16,NT 10-K,0001193125-23-072672,0
1839341,near_default,3,delisting_by_exchange,2023-04-12,2023-04-12,25-NSE,0001354457-23-000263,0
1839341,early_warning,1,late_quarterly_report,2023-05-10,2023-05-10,NT 10-Q,0001193125-23-140779,0
1839341,early_warning,1,auditor_change,2025-03-13,2025-03-13,8-K,0001628280-25-012594,1
1839341,stress,2,restatement_non_reliance,2026-03-02,2026-03-02,8-K,0001628280-26-013214,0
1839412,early_warning,1,late_quarterly_report,2021-05-17,2021-05-17,NT 10-Q,0001104659-21-068103,0
1839412,stress,2,listing_rule_failure,2021-06-03,2021-06-03,8-K,0001104659-21-076448,0
1839412,early_warning,1,late_quarterly_report,2021-08-16,2021-08-16,NT 10-Q,0001104659-21-106463,0
1839412,stress,2,listing_rule_failure,2021-08-26,2021-08-26,8-K,0001104659-21-109826,0
1839412,early_warning,1,late_quarterly_report,2021-11-15,2021-11-15,NT 10-Q,0001104659-21-139170,0
1839412,stress,2,restatement_non_reliance,2021-11-18,2021-11-18,8-K,0001104659-21-141266,0
1839412,near_default,3,delisting_by_exchange,2022-02-14,2022-02-14,25-NSE,0001354457-22-000134,0
1839412,early_warning,1,auditor_change,2022-02-16,2022-02-16,8-K,0001104659-22-024331,1
1839412,early_warning,1,late_annual_report,2022-04-01,2022-04-01,NT 10-K,0001104659-22-041771,0
1839412,stress,2,listing_rule_failure,2023-01-06,2023-01-06,8-K,0001104659-23-001879,0
1839412,early_warning,1,late_annual_report,2023-04-03,2023-04-03,NT 10-K,0001104659-23-040832,0
1839412,stress,2,listing_rule_failure,2023-04-24,2023-04-24,8-K,0001104659-23-049048,0
1839412,early_warning,1,late_quarterly_report,2023-05-17,2023-05-17,NT 10-Q,0001104659-23-061963,0
1839412,default,4,chapter11_petition,2023-05-24,2023-05-31,8-K,0001104659-23-066357,0
1839412,near_default,3,debt_acceleration,2023-05-31,2023-05-31,8-K,0001104659-23-066357,0
1839412,stress,2,listing_rule_failure,2023-05-31,2023-05-31,8-K,0001104659-23-066357,0
1839412,near_default,3,delisting_by_exchange,2023-07-10,2023-07-10,25-NSE,0001354457-23-000484,0
1843388,early_warning,1,late_quarterly_report,2021-05-18,2021-05-18,NT 10-Q,0001213900-21-027353,0
1843388,early_warning,1,late_quarterly_report,2021-08-17,2021-08-17,NT 10-Q,0001213900-21-043438,0
1843388,early_warning,1,late_quarterly_report,2021-11-15,2021-11-15,NT 10-Q,0001213900-21-059314,0
1843388,stress,2,restatement_non_reliance,2021-11-19,2021-11-19,8-K,0001213900-21-060890,0
1843388,near_default,3,delisting_by_exchange,2021-12-29,2021-12-29,25-NSE,0001354457-21-001518,0
1843388,early_warning,1,auditor_change,2022-01-05,2022-01-05,8-K,0001213900-22-000703,1
1843388,early_warning,1,exit_or_disposal_costs,2023-03-30,2023-03-30,8-K,0001843388-23-000063,1
1843388,early_warning,1,late_annual_report,2023-04-03,2023-04-03,NT 10-K,0001628280-23-010390,0
1843388,default,4,chapter11_petition,2023-04-04,2023-04-04,8-K,0001628280-23-010459,0
1843388,near_default,3,debt_acceleration,2023-04-04,2023-04-04,8-K,0001628280-23-010459,0
1843388,stress,2,listing_rule_failure,2023-04-10,2023-04-10,8-K,0001628280-23-011190,0
1843388,stress,2,listing_rule_failure,2023-04-21,2023-04-21,8-K/A,0001628280-23-012438,0
1843388,near_default,3,delisting_by_exchange,2023-05-02,2023-05-02,25-NSE,0001354457-23-000330,0
1843388,early_warning,1,late_quarterly_report,2023-05-16,2023-05-16,NT 10-Q,0001628280-23-018288,0
1850838,near_default,3,debt_acceleration,2025-01-17,2025-01-17,8-K,0001193125-25-008477,0
1850838,stress,2,listing_rule_failure,2025-02-03,2025-02-03,8-K,0001193125-25-019359,0
1850838,default,4,chapter11_petition,2025-02-10,2025-02-14,8-K,0001193125-25-027349,0
1850838,stress,2,listing_rule_failure,2025-02-24,2025-02-24,8-K,0001193125-25-033500,0
1850838,near_default,3,delisting_filed,2025-03-20,2025-03-20,25,0001193125-25-058964,0
1852117,early_warning,1,auditor_change,2021-08-17,2021-08-17,8-K,0001193125-21-248159,1
1852117,early_warning,1,auditor_change,2021-08-27,2021-08-27,8-K/A,0001852117-21-000037,1
1852117,stress,2,listing_rule_failure,2022-10-24,2022-10-24,8-K,0001852117-22-000399,0
1852117,stress,2,listing_rule_failure,2022-12-15,2022-12-15,8-K,0001852117-22-000449,0
1852117,default,4,chapter11_petition,2023-01-23,2023-01-24,8-K,0001852117-23-000003,0
1852117,near_default,3,debt_acceleration,2023-01-24,2023-01-24,8-K,0001852117-23-000003,0
1852117,stress,2,listing_rule_failure,2023-01-24,2023-01-24,8-K,0001852117-23-000003,0
1852117,near_default,3,delisting_by_exchange,2023-02-08,2023-02-08,25-NSE,0000876661-23-000098,0
1852117,early_warning,1,late_annual_report,2023-04-03,2023-04-03,NT 10-K,0001193125-23-089033,0
1861449,stress,2,listing_rule_failure,2022-06-24,2022-06-24,8-K,0001861449-22-000145,0
1861449,stress,2,restatement_non_reliance,2022-11-14,2022-11-14,8-K,0001861449-22-000214,0
1861449,early_warning,1,late_quarterly_report,2022-11-14,2022-11-14,NT 10-Q,0001861449-22-000218,0
1861449,early_warning,1,auditor_change,2023-04-06,2023-04-06,8-K,0001861449-23-000081,1
1861449,early_warning,1,late_quarterly_report,2023-05-11,2023-05-11,NT 10-Q,0001861449-23-000110,0
1861449,stress,2,listing_rule_failure,2023-05-26,2023-05-26,8-K,0001861449-23-000141,0
1861449,stress,2,listing_rule_failure,2023-09-26,2023-09-26,8-K,0001861449-23-000202,0
1861449,early_warning,1,late_quarterly_report,2023-11-13,2023-11-13,NT 10-Q,0001861449-23-000207,0
1861449,default,4,chapter11_petition,2023-12-20,2023-12-26,8-K,0001861449-23-000220,0
1861449,near_default,3,delisting_by_exchange,2023-12-21,2023-12-21,25-NSE,0000876661-23-001012,0
1872356,early_warning,1,late_annual_report,2022-04-01,2022-04-01,NT 10-K,0001104659-22-041287,0
1872356,early_warning,1,exit_or_disposal_costs,2023-09-20,2023-09-20,8-K,0001104659-23-102052,1
1872356,default,4,chapter11_petition,2023-10-03,2023-10-03,8-K,0001104659-23-106353,0
1872356,near_default,3,debt_acceleration,2023-10-03,2023-10-03,8-K,0001104659-23-106353,0
1872356,stress,2,listing_rule_failure,2023-10-05,2023-10-05,8-K,0001104659-23-106943,0
1872356,near_default,3,delisting_by_exchange,2023-11-20,2023-11-20,25-NSE,0001354457-23-000866,0
1893311,early_warning,1,late_annual_report,2024-04-01,2024-04-01,NT 10-K,0001829126-24-002113,0
1893311,stress,2,listing_rule_failure,2024-06-17,2024-06-17,8-K,0001829126-24-004255,0
1893311,stress,2,listing_rule_failure,2024-07-02,2024-07-02,8-K,0001829126-24-004558,0
1893311,stress,2,restatement_non_reliance,2024-08-09,2024-08-09,8-K,0001829126-24-005363,0
1893311,early_warning,1,late_quarterly_report,2024-08-14,2024-08-14,NT 10-Q,0001829126-24-005511,0
1893311,stress,2,listing_rule_failure,2024-08-23,2024-08-23,8-K,0001829126-24-005806,0
1893311,stress,2,listing_rule_failure,2024-11-04,2024-11-04,8-K,0001829126-24-007274,0
1893311,stress,2,listing_rule_failure,2024-11-07,2024-11-07,8-K,0001829126-24-007332,0
1893311,early_warning,1,late_quarterly_report,2024-11-14,2024-11-14,NT 10-Q,0001829126-24-007533,0
1893311,stress,2,listing_rule_failure,2025-01-06,2025-01-06,8-K,0001829126-25-000075,0
1893311,stress,2,listing_rule_failure,2025-01-10,2025-01-10,8-K,0001829126-25-000154,0
1893311,stress,2,listing_rule_failure,2025-01-15,2025-01-15,8-K,0001829126-25-000203,0
1893311,early_warning,1,late_annual_report,2025-04-01,2025-04-01,NT 10-K,0001829126-25-002264,0
1893311,early_warning,1,late_quarterly_report,2025-05-15,2025-05-15,NT 10-Q,0001829126-25-003711,0
1893311,early_warning,1,auditor_change,2025-05-30,2025-05-30,8-K,0001829126-25-004096,1
1893311,near_default,3,delisting_by_exchange,2025-07-11,2025-07-11,25-NSE,0001354457-25-000651,0
1893311,early_warning,1,late_quarterly_report,2025-08-14,2025-08-14,NT 10-Q,0001829126-25-006321,0
1893311,default,4,chapter11_petition,2025-09-14,2025-09-18,8-K,0001829126-25-007474,0
1893311,near_default,3,debt_acceleration,2025-09-18,2025-09-18,8-K,0001829126-25-007474,0
1901799,early_warning,1,auditor_change,2023-07-07,2023-07-07,8-K,0001193125-23-183847,1
1901799,early_warning,1,late_quarterly_report,2023-08-15,2023-08-15,NT 10-Q,0001193125-23-212934,0
1901799,early_warning,1,late_annual_report,2024-04-01,2024-04-01,NT 10-K,0000950170-24-039538,0
1901799,early_warning,1,late_quarterly_report,2024-08-15,2024-08-15,NT 10-Q,0000950170-24-097495,0
1901799,early_warning,1,auditor_change,2024-08-27,2024-08-27,8-K,0000950170-24-101090,1
1901799,early_warning,1,late_annual_report,2026-03-17,2026-03-17,NT 10-K,0001193125-26-111217,0
1901799,early_warning,1,late_quarterly_report,2026-05-12,2026-05-12,NT 10-Q,0001193125-26-219592,0
1901799,default,4,chapter11_petition,2026-05-18,2026-05-18,8-K,0001193125-26-227832,0
1901799,near_default,3,debt_acceleration,2026-05-18,2026-05-18,8-K,0001193125-26-227832,0
1901799,stress,2,listing_rule_failure,2026-05-19,2026-05-19,8-K,0001193125-26-230708,0
1901799,near_default,3,delisting_by_exchange,2026-07-13,2026-07-13,25-NSE,0001354457-26-000674,0
1973266,early_warning,1,auditor_change,2024-08-08,2024-08-08,8-K,0001193125-24-196978,1
